{"metadata": {"resultset": {"offset": 1, "count": 723, "limit": 1000}}, "results": [{"date": "2015-12-15T00:00:00", "datatype": "PRCP", "station": "GHCND:US1CODN0196", "attributes": ",,N,0700", "value": 0.69}, {"date": "2015-12-15T00:00:00", "datatype": "ADPT", "station": "GHCND:USW00003017", "attributes": ",,W,", "value": -94}, {"date": "2015-12-15T00:00:00", "datatype": "ASLP", "station": "GHCND:USW00003017", "attributes": ",,W,", "value": 10034}, {"date": "2015-12-15T00:00:00", "datatype": "ASTP", "station": "GHCND:USW00003017", "attributes": ",,W,", "value": 8192}, {"date": "2015-12-15T00:00:00", "datatype": "AWBT", "station": "GHCND:USW00003017", "attributes": ",,W,", "value": -72}, {"date": "2015-12-15T00:00:00", "datatype": "AWND", "station": "GHCND:USW00003017", "attributes": ",,W,", "value": 16.3}, {"date": "2015-12-15T00:00:00", "datatype": "PRCP", "station": "GHCND:USW00003017", "attributes": ",,W,2400", "value": 0.32}, {"date": "2015-12-15T00:00:00", "datatype": "RHAV", "station": "GHCND:USW00003017", "attributes": ",,W,", "value": 81}, {"date": "2015-12-15T00:00:00", "datatype": "RHMN", "station": "GHCND:USW00003017", "attributes": ",,W,", "value": 63}, {"date": "2015-12-15T00:00:00", "datatype": "RHMX", "station": "GHCND:USW00003017", "attributes": ",,W,", "value": 92}, {"date": "2015-12-15T00:00:00", "datatype": "SNOW", "station": "GHCND:USW00003017", "attributes": ",,W,", "value": 7.7}, {"date": "2015-12-15T00:00:00", "datatype": "SNWD", "station": "GHCND:USW00003017", "attributes": ",,W,", "value": 3.1}, {"date": "2015-12-15T00:00:00", "datatype": "TAVG", "station": "GHCND:USW00003017", "attributes": "H,,S,", "value": 22.0}, {"date": "2015-12-15T00:00:00", "datatype": "TMAX", "station": "GHCND:USW00003017", "attributes": ",,W,2400", "value": 25.0}, {"date": "2015-12-15T00:00:00", "datatype": "TMIN", "station": "GHCND:USW00003017", "attributes": ",,W,2400", "value": 12.0}, {"date": "2015-12-15T00:00:00", "datatype": "WDF2", "station": "GHCND:USW00003017", "attributes": ",,W,", "value": 340}, {"date": "2015-12-15T00:00:00", "datatype": "WDF5", "station": "GHCND:USW00003017", "attributes": ",,W,", "value": 290}, {"date": "2015-12-15T00:00:00", "datatype": "WSF2", "station": "GHCND:USW00003017", "attributes": ",,W,", "value": 32.0}, {"date": "2015-12-15T00:00:00", "datatype": "WSF5", "station": "GHCND:USW00003017", "attributes": ",,W,", "value": 63.1}, {"date": "2015-12-15T00:00:00", "datatype": "WT01", "station": "GHCND:USW00003017", "attributes": ",,W,", "value": 1}, {"date": "2015-12-15T00:00:00", "datatype": "WT02", "station": "GHCND:USW00003017", "attributes": ",,W,", "value": 1}, {"date": "2015-12-15T00:00:00", "datatype": "WT09", "station": "GHCND:USW00003017", "attributes": ",,W,", "value": 1}, {"date": "2015-12-16T00:00:00", "datatype": "ADPT", "station": "GHCND:USW00003017", "attributes": ",,W,", "value": -144}, {"date": "2015-12-16T00:00:00", "datatype": "ASLP", "station": "GHCND:USW00003017", "attributes": ",,W,", "value": 10129}, {"date": "2015-12-16T00:00:00", "datatype": "ASTP", "station": "GHCND:USW00003017", "attributes": ",,W,", "value": 8259}, {"date": "2015-12-16T00:00:00", "datatype": "AWBT", "station": "GHCND:USW00003017", "attributes": ",,W,", "value": -94}, {"date": "2015-12-16T00:00:00", "datatype": "AWND", "station": "GHCND:USW00003017", "attributes": ",,W,", "value": 9.8}, {"date": "2015-12-16T00:00:00", "datatype": "PRCP", "station": "GHCND:USW00003017", "attributes": ",,W,2400", "value": 0.0}, {"date": "2015-12-16T00:00:00", "datatype": "RHAV", "station": "GHCND:USW00003017", "attributes": ",,W,", "value": 59}, {"date": "2015-12-16T00:00:00", "datatype": "RHMN", "station": "GHCND:USW00003017", "attributes": ",,W,", "value": 43}, {"date": "2015-12-16T00:00:00", "datatype": "RHMX", "station": "GHCND:USW00003017", "attributes": ",,W,", "value": 67}, {"date": "2015-12-16T00:00:00", "datatype": "SNOW", "station": "GHCND:USW00003017", "attributes": ",,W,", "value": 0.0}, {"date": "2015-12-16T00:00:00", "datatype": "SNWD", "station": "GHCND:USW00003017", "attributes": ",,W,", "value": 7.1}, {"date": "2015-12-16T00:00:00", "datatype": "TAVG", "station": "GHCND:USW00003017", "attributes": "H,,S,", "value": 19.0}, {"date": "2015-12-16T00:00:00", "datatype": "TMAX", "station": "GHCND:USW00003017", "attributes": ",,W,2400", "value": 28.0}, {"date": "2015-12-16T00:00:00", "datatype": "TMIN", "station": "GHCND:USW00003017", "attributes": ",,W,2400", "value": 11.0}, {"date": "2015-12-16T00:00:00", "datatype": "WDF2", "station": "GHCND:USW00003017", "attributes": ",,W,", "value": 190}, {"date": "2015-12-16T00:00:00", "datatype": "WDF5", "station": "GHCND:USW00003017", "attributes": ",,W,", "value": 220}, {"date": "2015-12-16T00:00:00", "datatype": "WSF2", "station": "GHCND:USW00003017", "attributes": ",,W,", "value": 18.1}, {"date": "2015-12-16T00:00:00", "datatype": "WSF5", "station": "GHCND:USW00003017", "attributes": ",,W,", "value": 21.9}, {"date": "2015-12-17T00:00:00", "datatype": "ADPT", "station": "GHCND:USW00003017", "attributes": ",,W,", "value": -161}, {"date": "2015-12-17T00:00:00", "datatype": "ASLP", "station": "GHCND:USW00003017", "attributes": ",,W,", "value": 10203}, {"date": "2015-12-17T00:00:00", "datatype": "ASTP", "station": "GHCND:USW00003017", "attributes": ",,W,", "value": 8310}, {"date": "2015-12-17T00:00:00", "datatype": "AWBT", "station": "GHCND:USW00003017", "attributes": ",,W,", "value": -122}, {"date": "2015-12-17T00:00:00", "datatype": "AWND", "station": "GHCND:USW00003017", "attributes": ",,W,", "value": 9.8}, {"date": "2015-12-17T00:00:00", "datatype": "PRCP", "station": "GHCND:USW00003017", "attributes": ",,W,2400", "value": 0.01}, {"date": "2015-12-17T00:00:00", "datatype": "RHAV", "station": "GHCND:USW00003017", "attributes": ",,W,", "value": 69}, {"date": "2015-12-17T00:00:00", "datatype": "RHMN", "station": "GHCND:USW00003017", "attributes": ",,W,", "value": 53}, {"date": "2015-12-17T00:00:00", "datatype": "RHMX", "station": "GHCND:USW00003017", "attributes": ",,W,", "value": 80}, {"date": "2015-12-17T00:00:00", "datatype": "SNOW", "station": "GHCND:USW00003017", "attributes": "T,,W,", "value": 0.0}, {"date": "2015-12-17T00:00:00", "datatype": "SNWD", "station": "GHCND:USW00003017", "attributes": ",,W,", "value": 5.9}, {"date": "2015-12-17T00:00:00", "datatype": "TAVG", "station": "GHCND:USW00003017", "attributes": "H,,S,", "value": 16.0}, {"date": "2015-12-17T00:00:00", "datatype": "TMAX", "station": "GHCND:USW00003017", "attributes": ",,W,2400", "value": 20.0}, {"date": "2015-12-17T00:00:00", "datatype": "TMIN", "station": "GHCND:USW00003017", "attributes": ",,W,2400", "value": 0.0}, {"date": "2015-12-17T00:00:00", "datatype": "WDF2", "station": "GHCND:USW00003017", "attributes": ",,W,", "value": 330}, {"date": "2015-12-17T00:00:00", "datatype": "WDF5", "station": "GHCND:USW00003017", "attributes": ",,W,", "value": 330}, {"date": "2015-12-17T00:00:00", "datatype": "WSF2", "station": "GHCND:USW00003017", "attributes": ",,W,", "value": 19.9}, {"date": "2015-12-17T00:00:00", "datatype": "WSF5", "station": "GHCND:USW00003017", "attributes": ",,W,", "value": 23.9}, {"date": "2015-12-17T00:00:00", "datatype": "WT08", "station": "GHCND:USW00003017", "attributes": ",,W,", "value": 1}, {"date": "2015-12-18T00:00:00", "datatype": "ADPT", "station": "GHCND:USW00003017", "attributes": ",,W,", "value": -94}, {"date": "2015-12-18T00:00:00", "datatype": "ASLP", "station": "GHCND:USW00003017", "attributes": ",,W,", "value": 10190}, {"date": "2015-12-18T00:00:00", "datatype": "ASTP", "station": "GHCND:USW00003017", "attributes": ",,W,", "value": 8314}, {"date": "2015-12-18T00:00:00", "datatype": "AWBT", "station": "GHCND:USW00003017", "attributes": ",,W,", "value": -44}, {"date": "2015-12-18T00:00:00", "datatype": "AWND", "station": "GHCND:USW00003017", "attributes": ",,W,", "value": 8.9}, {"date": "2015-12-18T00:00:00", "datatype": "PRCP", "station": "GHCND:USW00003017", "attributes": ",,W,2400", "value": 0.0}, {"date": "2015-12-18T00:00:00", "datatype": "RHAV", "station": "GHCND:USW00003017", "attributes": ",,W,", "value": 55}, {"date": "2015-12-18T00:00:00", "datatype": "RHMN", "station": "GHCND:USW00003017", "attributes": ",,W,", "value": 40}, {"date": "2015-12-18T00:00:00", "datatype": "RHMX", "station": "GHCND:USW00003017", "attributes": ",,W,", "value": 66}, {"date": "2015-12-18T00:00:00", "datatype": "SNOW", "station": "GHCND:USW00003017", "attributes": ",,W,", "value": 0.0}, {"date": "2015-12-18T00:00:00", "datatype": "SNWD", "station": "GHCND:USW00003017", "attributes": ",,W,", "value": 3.1}, {"date": "2015-12-18T00:00:00", "datatype": "TAVG", "station": "GHCND:USW00003017", "attributes": "H,,S,", "value": 20.0}, {"date": "2015-12-18T00:00:00", "datatype": "TMAX", "station": "GHCND:USW00003017", "attributes": ",,W,2400", "value": 48.0}, {"date": "2015-12-18T00:00:00", "datatype": "TMIN", "station": "GHCND:USW00003017", "attributes": ",,W,2400", "value": 11.0}, {"date": "2015-12-18T00:00:00", "datatype": "WDF2", "station": "GHCND:USW00003017", "attributes": ",,W,", "value": 170}, {"date": "2015-12-18T00:00:00", "datatype": "WDF5", "station": "GHCND:USW00003017", "attributes": ",,W,", "value": 200}, {"date": "2015-12-18T00:00:00", "datatype": "WSF2", "station": "GHCND:USW00003017", "attributes": ",,W,", "value": 19.9}, {"date": "2015-12-18T00:00:00", "datatype": "WSF5", "station": "GHCND:USW00003017", "attributes": ",,W,", "value": 21.0}, {"date": "2015-12-19T00:00:00", "datatype": "ADPT", "station": "GHCND:USW00003017", "attributes": ",,W,", "value": -61}, {"date": "2015-12-19T00:00:00", "datatype": "ASLP", "station": "GHCND:USW00003017", "attributes": ",,W,", "value": 10129}, {"date": "2015-12-19T00:00:00", "datatype": "ASTP", "station": "GHCND:USW00003017", "attributes": ",,W,", "value": 8293}, {"date": "2015-12-19T00:00:00", "datatype": "AWBT", "station": "GHCND:USW00003017", "attributes": ",,W,", "value": 0}, {"date": "2015-12-19T00:00:00", "datatype": "AWND", "station": "GHCND:USW00003017", "attributes": ",,W,", "value": 13.9}, {"date": "2015-12-19T00:00:00", "datatype": "PRCP", "station": "GHCND:USW00003017", "attributes": ",,W,2400", "value": 0.0}, {"date": "2015-12-19T00:00:00", "datatype": "RHAV", "station": "GHCND:USW00003017", "attributes": ",,W,", "value": 46}, {"date": "2015-12-19T00:00:00", "datatype": "RHMN", "station": "GHCND:USW00003017", "attributes": ",,W,", "value": 37}, {"date": "2015-12-19T00:00:00", "datatype": "RHMX", "station": "GHCND:USW00003017", "attributes": ",,W,", "value": 71}, {"date": "2015-12-19T00:00:00", "datatype": "SNOW", "station": "GHCND:USW00003017", "attributes": ",,W,", "value": 0.0}, {"date": "2015-12-19T00:00:00", "datatype": "SNWD", "station": "GHCND:USW00003017", "attributes": ",,W,", "value": 3.1}, {"date": "2015-12-19T00:00:00", "datatype": "TAVG", "station": "GHCND:USW00003017", "attributes": "H,,S,", "value": 36.0}, {"date": "2015-12-19T00:00:00", "datatype": "TMAX", "station": "GHCND:USW00003017", "attributes": ",,W,2400", "value": 52.0}, {"date": "2015-12-19T00:00:00", "datatype": "TMIN", "station": "GHCND:USW00003017", "attributes": ",,W,2400", "value": 24.0}, {"date": "2015-12-19T00:00:00", "datatype": "WDF2", "station": "GHCND:USW00003017", "attributes": ",,W,", "value": 200}, {"date": "2015-12-19T00:00:00", "datatype": "WDF5", "station": "GHCND:USW00003017", "attributes": ",,W,", "value": 200}, {"date": "2015-12-19T00:00:00", "datatype": "WSF2", "station": "GHCND:USW00003017", "attributes": ",,W,", "value": 23.0}, {"date": "2015-12-19T00:00:00", "datatype": "WSF5", "station": "GHCND:USW00003017", "attributes": ",,W,", "value": 31.1}, {"date": "2015-12-20T00:00:00", "datatype": "ADPT", "station": "GHCND:USW00003017", "attributes": ",,W,", "value": -50}, {"date": "2015-12-20T00:00:00", "datatype": "ASLP", "station": "GHCND:USW00003017", "attributes": ",,W,", "value": 10058}, {"date": "2015-12-20T00:00:00", "datatype": "ASTP", "station": "GHCND:USW00003017", "attributes": ",,W,", "value": 8246}, {"date": "2015-12-20T00:00:00", "datatype": "AWBT", "station": "GHCND:USW00003017", "attributes": ",,W,", "value": 0}, {"date": "2015-12-20T00:00:00", "datatype": "AWND", "station": "GHCND:USW00003017", "attributes": ",,W,", "value": 11.6}, {"date": "2015-12-20T00:00:00", "datatype": "PRCP", "station": "GHCND:USW00003017", "attributes": ",,W,2400", "value": 0.0}, {"date": "2015-12-20T00:00:00", "datatype": "RHAV", "station": "GHCND:USW00003017", "attributes": ",,W,", "value": 57}, {"date": "2015-12-20T00:00:00", "datatype": "RHMN", "station": "GHCND:USW00003017", "attributes": ",,W,", "value": 39}, {"date": "2015-12-20T00:00:00", "datatype": "RHMX", "station": "GHCND:USW00003017", "attributes": ",,W,", "value": 82}, {"date": "2015-12-20T00:00:00", "datatype": "SNOW", "station": "GHCND:USW00003017", "attributes": ",,W,", "value": 0.0}, {"date": "2015-12-20T00:00:00", "datatype": "SNWD", "station": "GHCND:USW00003017", "attributes": ",,W,", "value": 1.2}, {"date": "2015-12-20T00:00:00", "datatype": "TAVG", "station": "GHCND:USW00003017", "attributes": "H,,S,", "value": 42.0}, {"date": "2015-12-20T00:00:00", "datatype": "TMAX", "station": "GHCND:USW00003017", "attributes": ",,W,2400", "value": 48.0}, {"date": "2015-12-20T00:00:00", "datatype": "TMIN", "station": "GHCND:USW00003017", "attributes": ",,W,2400", "value": 26.0}, {"date": "2015-12-20T00:00:00", "datatype": "WDF2", "station": "GHCND:USW00003017", "attributes": ",,W,", "value": 200}, {"date": "2015-12-20T00:00:00", "datatype": "WDF5", "station": "GHCND:USW00003017", "attributes": ",,W,", "value": 200}, {"date": "2015-12-20T00:00:00", "datatype": "WSF2", "station": "GHCND:USW00003017", "attributes": ",,W,", "value": 29.1}, {"date": "2015-12-20T00:00:00", "datatype": "WSF5", "station": "GHCND:USW00003017", "attributes": ",,W,", "value": 38.9}, {"date": "2015-12-21T00:00:00", "datatype": "ADPT", "station": "GHCND:USW00003017", "attributes": ",,W,", "value": -78}, {"date": "2015-12-21T00:00:00", "datatype": "ASLP", "station": "GHCND:USW00003017", "attributes": ",,W,", "value": 10068}, {"date": "2015-12-21T00:00:00", "datatype": "ASTP", "station": "GHCND:USW00003017", "attributes": ",,W,", "value": 8236}, {"date": "2015-12-21T00:00:00", "datatype": "AWBT", "station": "GHCND:USW00003017", "attributes": ",,W,", "value": -17}, {"date": "2015-12-21T00:00:00", "datatype": "AWND", "station": "GHCND:USW00003017", "attributes": ",,W,", "value": 9.2}, {"date": "2015-12-21T00:00:00", "datatype": "PRCP", "station": "GHCND:USW00003017", "attributes": ",,W,2400", "value": 0.0}, {"date": "2015-12-21T00:00:00", "datatype": "RHAV", "station": "GHCND:USW00003017", "attributes": ",,W,", "value": 51}, {"date": "2015-12-21T00:00:00", "datatype": "RHMN", "station": "GHCND:USW00003017", "attributes": ",,W,", "value": 28}, {"date": "2015-12-21T00:00:00", "datatype": "RHMX", "station": "GHCND:USW00003017", "attributes": ",,W,", "value": 78}, {"date": "2015-12-21T00:00:00", "datatype": "SNOW", "station": "GHCND:USW00003017", "attributes": ",,W,", "value": 0.0}, {"date": "2015-12-21T00:00:00", "datatype": "SNWD", "station": "GHCND:USW00003017", "attributes": ",,W,", "value": 1.2}, {"date": "2015-12-21T00:00:00", "datatype": "TAVG", "station": "GHCND:USW00003017", "attributes": "H,,S,", "value": 35.0}, {"date": "2015-12-21T00:00:00", "datatype": "TMAX", "station": "GHCND:USW00003017", "attributes": ",,W,2400", "value": 46.0}, {"date": "2015-12-21T00:00:00", "datatype": "TMIN", "station": "GHCND:USW00003017", "attributes": ",,W,2400", "value": 24.0}, {"date": "2015-12-21T00:00:00", "datatype": "WDF2", "station": "GHCND:USW00003017", "attributes": ",,W,", "value": 280}, {"date": "2015-12-21T00:00:00", "datatype": "WDF5", "station": "GHCND:USW00003017", "attributes": ",,W,", "value": 290}, {"date": "2015-12-21T00:00:00", "datatype": "WSF2", "station": "GHCND:USW00003017", "attributes": ",,W,", "value": 23.0}, {"date": "2015-12-21T00:00:00", "datatype": "WSF5", "station": "GHCND:USW00003017", "attributes": ",,W,", "value": 27.1}, {"date": "2015-12-21T00:00:00", "datatype": "WT01", "station": "GHCND:USW00003017", "attributes": ",,W,", "value": 1}, {"date": "2015-12-22T00:00:00", "datatype": "ADPT", "station": "GHCND:USW00003017", "attributes": ",,W,", "value": -50}, {"date": "2015-12-22T00:00:00", "datatype": "ASLP", "station": "GHCND:USW00003017", "attributes": ",,W,", "value": 9932}, {"date": "2015-12-22T00:00:00", "datatype": "ASTP", "station": "GHCND:USW00003017", "attributes": ",,W,", "value": 8131}, {"date": "2015-12-22T00:00:00", "datatype": "AWBT", "station": "GHCND:USW00003017", "attributes": ",,W,", "value": -11}, {"date": "2015-12-22T00:00:00", "datatype": "AWND", "station": "GHCND:USW00003017", "attributes": ",,W,", "value": 10.5}, {"date": "2015-12-22T00:00:00", "datatype": "PRCP", "station": "GHCND:USW00003017", "attributes": ",,W,2400", "value": 0.01}, {"date": "2015-12-22T00:00:00", "datatype": "RHAV", "station": "GHCND:USW00003017", "attributes": ",,W,", "value": 62}, {"date": "2015-12-22T00:00:00", "datatype": "RHMN", "station": "GHCND:USW00003017", "attributes": ",,W,", "value": 46}, {"date": "2015-12-22T00:00:00", "datatype": "RHMX", "station": "GHCND:USW00003017", "attributes": ",,W,", "value": 89}, {"date": "2015-12-22T00:00:00", "datatype": "SNOW", "station": "GHCND:USW00003017", "attributes": "T,,W,", "value": 0.0}, {"date": "2015-12-22T00:00:00", "datatype": "SNWD", "station": "GHCND:USW00003017", "attributes": ",,W,", "value": 1.2}, {"date": "2015-12-22T00:00:00", "datatype": "TAVG", "station": "GHCND:USW00003017", "attributes": "H,,S,", "value": 36.0}, {"date": "2015-12-22T00:00:00", "datatype": "TMAX", "station": "GHCND:USW00003017", "attributes": ",,W,2400", "value": 47.0}, {"date": "2015-12-22T00:00:00", "datatype": "TMIN", "station": "GHCND:USW00003017", "attributes": ",,W,2400", "value": 27.0}, {"date": "2015-12-22T00:00:00", "datatype": "WDF2", "station": "GHCND:USW00003017", "attributes": ",,W,", "value": 210}, {"date": "2015-12-22T00:00:00", "datatype": "WDF5", "station": "GHCND:USW00003017", "attributes": ",,W,", "value": 220}, {"date": "2015-12-22T00:00:00", "datatype": "WSF2", "station": "GHCND:USW00003017", "attributes": ",,W,", "value": 21.0}, {"date": "2015-12-22T00:00:00", "datatype": "WSF5", "station": "GHCND:USW00003017", "attributes": ",,W,", "value": 23.9}, {"date": "2015-12-22T00:00:00", "datatype": "WT01", "station": "GHCND:USW00003017", "attributes": ",,W,", "value": 1}, {"date": "2015-12-23T00:00:00", "datatype": "ADPT", "station": "GHCND:USW00003017", "attributes": ",,W,", "value": -72}, {"date": "2015-12-23T00:00:00", "datatype": "ASLP", "station": "GHCND:USW00003017", "attributes": ",,W,", "value": 9973}, {"date": "2015-12-23T00:00:00", "datatype": "ASTP", "station": "GHCND:USW00003017", "attributes": ",,W,", "value": 8154}, {"date": "2015-12-23T00:00:00", "datatype": "AWBT", "station": "GHCND:USW00003017", "attributes": ",,W,", "value": -39}, {"date": "2015-12-23T00:00:00", "datatype": "AWND", "station": "GHCND:USW00003017", "attributes": ",,W,", "value": 10.5}, {"date": "2015-12-23T00:00:00", "datatype": "PRCP", "station": "GHCND:USW00003017", "attributes": "T,,W,2400", "value": 0.0}, {"date": "2015-12-23T00:00:00", "datatype": "RHAV", "station": "GHCND:USW00003017", "attributes": ",,W,", "value": 69}, {"date": "2015-12-23T00:00:00", "datatype": "RHMN", "station": "GHCND:USW00003017", "attributes": ",,W,", "value": 44}, {"date": "2015-12-23T00:00:00", "datatype": "RHMX", "station": "GHCND:USW00003017", "attributes": ",,W,", "value": 89}, {"date": "2015-12-23T00:00:00", "datatype": "SNOW", "station": "GHCND:USW00003017", "attributes": "T,,W,", "value": 0.0}, {"date": "2015-12-23T00:00:00", "datatype": "SNWD", "station": "GHCND:USW00003017", "attributes": ",,W,", "value": 1.2}, {"date": "2015-12-23T00:00:00", "datatype": "TAVG", "station": "GHCND:USW00003017", "attributes": "H,,S,", "value": 30.0}, {"date": "2015-12-23T00:00:00", "datatype": "TMAX", "station": "GHCND:USW00003017", "attributes": ",,W,2400", "value": 37.0}, {"date": "2015-12-23T00:00:00", "datatype": "TMIN", "station": "GHCND:USW00003017", "attributes": ",,W,2400", "value": 21.0}, {"date": "2015-12-23T00:00:00", "datatype": "WDF2", "station": "GHCND:USW00003017", "attributes": ",,W,", "value": 320}, {"date": "2015-12-23T00:00:00", "datatype": "WDF5", "station": "GHCND:USW00003017", "attributes": ",,W,", "value": 320}, {"date": "2015-12-23T00:00:00", "datatype": "WSF2", "station": "GHCND:USW00003017", "attributes": ",,W,", "value": 28.0}, {"date": "2015-12-23T00:00:00", "datatype": "WSF5", "station": "GHCND:USW00003017", "attributes": ",,W,", "value": 32.0}, {"date": "2015-12-23T00:00:00", "datatype": "WT01", "station": "GHCND:USW00003017", "attributes": ",,W,", "value": 1}, {"date": "2015-12-24T00:00:00", "datatype": "ADPT", "station": "GHCND:USW00003017", "attributes": ",,W,", "value": -156}, {"date": "2015-12-24T00:00:00", "datatype": "ASLP", "station": "GHCND:USW00003017", "attributes": ",,W,", "value": 10105}, {"date": "2015-12-24T00:00:00", "datatype": "ASTP", "station": "GHCND:USW00003017", "attributes": ",,W,", "value": 8259}, {"date": "2015-12-24T00:00:00", "datatype": "AWBT", "station": "GHCND:USW00003017", "attributes": ",,W,", "value": -72}, {"date": "2015-12-24T00:00:00", "datatype": "AWND", "station": "GHCND:USW00003017", "attributes": ",,W,", "value": 11.9}, {"date": "2015-12-24T00:00:00", "datatype": "PRCP", "station": "GHCND:USW00003017", "attributes": ",,W,2400", "value": 0.0}, {"date": "2015-12-24T00:00:00", "datatype": "RHAV", "station": "GHCND:USW00003017", "attributes": ",,W,", "value": 40}, {"date": "2015-12-24T00:00:00", "datatype": "RHMN", "station": "GHCND:USW00003017", "attributes": ",,W,", "value": 21}, {"date": "2015-12-24T00:00:00", "datatype": "RHMX", "station": "GHCND:USW00003017", "attributes": ",,W,", "value": 55}, {"date": "2015-12-24T00:00:00", "datatype": "SNOW", "station": "GHCND:USW00003017", "attributes": ",,W,", "value": 0.0}, {"date": "2015-12-24T00:00:00", "datatype": "SNWD", "station": "GHCND:USW00003017", "attributes": ",,W,", "value": 1.2}, {"date": "2015-12-24T00:00:00", "datatype": "TAVG", "station": "GHCND:USW00003017", "attributes": "H,,S,", "value": 26.0}, {"date": "2015-12-24T00:00:00", "datatype": "TMAX", "station": "GHCND:USW00003017", "attributes": ",,W,2400", "value": 35.0}, {"date": "2015-12-24T00:00:00", "datatype": "TMIN", "station": "GHCND:USW00003017", "attributes": ",,W,2400", "value": 15.0}, {"date": "2015-12-24T00:00:00", "datatype": "WDF2", "station": "GHCND:USW00003017", "attributes": ",,W,", "value": 250}, {"date": "2015-12-24T00:00:00", "datatype": "WDF5", "station": "GHCND:USW00003017", "attributes": ",,W,", "value": 250}, {"date": "2015-12-24T00:00:00", "datatype": "WSF2", "station": "GHCND:USW00003017", "attributes": ",,W,", "value": 25.9}, {"date": "2015-12-24T00:00:00", "datatype": "WSF5", "station": "GHCND:USW00003017", "attributes": ",,W,", "value": 34.0}, {"date": "2015-12-25T00:00:00", "datatype": "ADPT", "station": "GHCND:USW00003017", "attributes": ",,W,", "value": -100}, {"date": "2015-12-25T00:00:00", "datatype": "ASLP", "station": "GHCND:USW00003017", "attributes": ",,W,", "value": 10098}, {"date": "2015-12-25T00:00:00", "datatype": "ASTP", "station": "GHCND:USW00003017", "attributes": ",,W,", "value": 8236}, {"date": "2015-12-25T00:00:00", "datatype": "AWBT", "station": "GHCND:USW00003017", "attributes": ",,W,", "value": -72}, {"date": "2015-12-25T00:00:00", "datatype": "AWND", "station": "GHCND:USW00003017", "attributes": ",,W,", "value": 8.3}, {"date": "2015-12-25T00:00:00", "datatype": "PRCP", "station": "GHCND:USW00003017", "attributes": ",,W,2400", "value": 0.12}, {"date": "2015-12-25T00:00:00", "datatype": "RHAV", "station": "GHCND:USW00003017", "attributes": ",,W,", "value": 74}, {"date": "2015-12-25T00:00:00", "datatype": "RHMN", "station": "GHCND:USW00003017", "attributes": ",,W,", "value": 50}, {"date": "2015-12-25T00:00:00", "datatype": "RHMX", "station": "GHCND:USW00003017", "attributes": ",,W,", "value": 89}, {"date": "2015-12-25T00:00:00", "datatype": "SNOW", "station": "GHCND:USW00003017", "attributes": ",,W,", "value": 2.3}, {"date": "2015-12-25T00:00:00", "datatype": "SNWD", "station": "GHCND:USW00003017", "attributes": ",,W,", "value": 1.2}, {"date": "2015-12-25T00:00:00", "datatype": "TAVG", "station": "GHCND:USW00003017", "attributes": "H,,S,", "value": 22.0}, {"date": "2015-12-25T00:00:00", "datatype": "TMAX", "station": "GHCND:USW00003017", "attributes": ",,W,2400", "value": 26.0}, {"date": "2015-12-25T00:00:00", "datatype": "TMIN", "station": "GHCND:USW00003017", "attributes": ",,W,2400", "value": 15.0}, {"date": "2015-12-25T00:00:00", "datatype": "WDF2", "station": "GHCND:USW00003017", "attributes": ",,W,", "value": 340}, {"date": "2015-12-25T00:00:00", "datatype": "WDF5", "station": "GHCND:USW00003017", "attributes": ",,W,", "value": 340}, {"date": "2015-12-25T00:00:00", "datatype": "WSF2", "station": "GHCND:USW00003017", "attributes": ",,W,", "value": 23.0}, {"date": "2015-12-25T00:00:00", "datatype": "WSF5", "station": "GHCND:USW00003017", "attributes": ",,W,", "value": 27.1}, {"date": "2015-12-25T00:00:00", "datatype": "WT01", "station": "GHCND:USW00003017", "attributes": ",,W,", "value": 1}, {"date": "2015-12-25T00:00:00", "datatype": "WT02", "station": "GHCND:USW00003017", "attributes": ",,W,", "value": 1}, {"date": "2015-12-25T00:00:00", "datatype": "WT08", "station": "GHCND:USW00003017", "attributes": ",,W,", "value": 1}, {"date": "2015-12-26T00:00:00", "datatype": "ADPT", "station": "GHCND:USW00003017", "attributes": ",,W,", "value": -144}, {"date": "2015-12-26T00:00:00", "datatype": "ASLP", "station": "GHCND:USW00003017", "attributes": ",,W,", "value": 10295}, {"date": "2015-12-26T00:00:00", "datatype": "ASTP", "station": "GHCND:USW00003017", "attributes": ",,W,", "value": 8395}, {"date": "2015-12-26T00:00:00", "datatype": "AWBT", "station": "GHCND:USW00003017", "attributes": ",,W,", "value": -111}, {"date": "2015-12-26T00:00:00", "datatype": "AWND", "station": "GHCND:USW00003017", "attributes": ",,W,", "value": 10.1}, {"date": "2015-12-26T00:00:00", "datatype": "PRCP", "station": "GHCND:USW00003017", "attributes": "T,,W,2400", "value": 0.0}, {"date": "2015-12-26T00:00:00", "datatype": "RHAV", "station": "GHCND:USW00003017", "attributes": ",,W,", "value": 69}, {"date": "2015-12-26T00:00:00", "datatype": "RHMN", "station": "GHCND:USW00003017", "attributes": ",,W,", "value": 57}, {"date": "2015-12-26T00:00:00", "datatype": "RHMX", "station": "GHCND:USW00003017", "attributes": ",,W,", "value": 84}, {"date": "2015-12-26T00:00:00", "datatype": "SNOW", "station": "GHCND:USW00003017", "attributes": "T,,W,", "value": 0.0}, {"date": "2015-12-26T00:00:00", "datatype": "SNWD", "station": "GHCND:USW00003017", "attributes": ",,W,", "value": 2.0}, {"date": "2015-12-26T00:00:00", "datatype": "TAVG", "station": "GHCND:USW00003017", "attributes": "H,,S,", "value": 17.0}, {"date": "2015-12-26T00:00:00", "datatype": "TMAX", "station": "GHCND:USW00003017", "attributes": ",,W,2400", "value": 19.0}, {"date": "2015-12-26T00:00:00", "datatype": "TMIN", "station": "GHCND:USW00003017", "attributes": ",,W,2400", "value": 3.0}, {"date": "2015-12-26T00:00:00", "datatype": "WDF2", "station": "GHCND:USW00003017", "attributes": ",,W,", "value": 360}, {"date": "2015-12-26T00:00:00", "datatype": "WDF5", "station": "GHCND:USW00003017", "attributes": ",,W,", "value": 360}, {"date": "2015-12-26T00:00:00", "datatype": "WSF2", "station": "GHCND:USW00003017", "attributes": ",,W,", "value": 25.9}, {"date": "2015-12-26T00:00:00", "datatype": "WSF5", "station": "GHCND:USW00003017", "attributes": ",,W,", "value": 32.0}, {"date": "2015-12-26T00:00:00", "datatype": "WT01", "station": "GHCND:USW00003017", "attributes": ",,W,", "value": 1}, {"date": "2015-12-27T00:00:00", "datatype": "ADPT", "station": "GHCND:USW00003017", "attributes": ",,W,", "value": -156}, {"date": "2015-12-27T00:00:00", "datatype": "ASLP", "station": "GHCND:USW00003017", "attributes": ",,W,", "value": 10305}, {"date": "2015-12-27T00:00:00", "datatype": "ASTP", "station": "GHCND:USW00003017", "attributes": ",,W,", "value": 8381}, {"date": "2015-12-27T00:00:00", "datatype": "AWBT", "station": "GHCND:USW00003017", "attributes": ",,W,", "value": -117}, {"date": "2015-12-27T00:00:00", "datatype": "AWND", "station": "GHCND:USW00003017", "attributes": ",,W,", "value": 10.5}, {"date": "2015-12-27T00:00:00", "datatype": "PRCP", "station": "GHCND:USW00003017", "attributes": ",,W,2400", "value": 0.0}, {"date": "2015-12-27T00:00:00", "datatype": "RHAV", "station": "GHCND:USW00003017", "attributes": ",,W,", "value": 69}, {"date": "2015-12-27T00:00:00", "datatype": "RHMN", "station": "GHCND:USW00003017", "attributes": ",,W,", "value": 53}, {"date": "2015-12-27T00:00:00", "datatype": "RHMX", "station": "GHCND:USW00003017", "attributes": ",,W,", "value": 83}, {"date": "2015-12-27T00:00:00", "datatype": "SNOW", "station": "GHCND:USW00003017", "attributes": ",,W,", "value": 0.0}, {"date": "2015-12-27T00:00:00", "datatype": "SNWD", "station": "GHCND:USW00003017", "attributes": ",,W,", "value": 1.2}, {"date": "2015-12-27T00:00:00", "datatype": "TAVG", "station": "GHCND:USW00003017", "attributes": "H,,S,", "value": 14.0}, {"date": "2015-12-27T00:00:00", "datatype": "TMAX", "station": "GHCND:USW00003017", "attributes": ",,W,2400", "value": 26.0}, {"date": "2015-12-27T00:00:00", "datatype": "TMIN", "station": "GHCND:USW00003017", "attributes": ",,W,2400", "value": 3.0}, {"date": "2015-12-27T00:00:00", "datatype": "WDF2", "station": "GHCND:USW00003017", "attributes": ",,W,", "value": 120}, {"date": "2015-12-27T00:00:00", "datatype": "WDF5", "station": "GHCND:USW00003017", "attributes": ",,W,", "value": 110}, {"date": "2015-12-27T00:00:00", "datatype": "WSF2", "station": "GHCND:USW00003017", "attributes": ",,W,", "value": 19.9}, {"date": "2015-12-27T00:00:00", "datatype": "WSF5", "station": "GHCND:USW00003017", "attributes": ",,W,", "value": 23.0}, {"date": "2015-12-28T00:00:00", "datatype": "ADPT", "station": "GHCND:USW00003017", "attributes": ",,W,", "value": -144}, {"date": "2015-12-28T00:00:00", "datatype": "ASLP", "station": "GHCND:USW00003017", "attributes": ",,W,", "value": 10142}, {"date": "2015-12-28T00:00:00", "datatype": "ASTP", "station": "GHCND:USW00003017", "attributes": ",,W,", "value": 8249}, {"date": "2015-12-28T00:00:00", "datatype": "AWBT", "station": "GHCND:USW00003017", "attributes": ",,W,", "value": -117}, {"date": "2015-12-28T00:00:00", "datatype": "AWND", "station": "GHCND:USW00003017", "attributes": ",,W,", "value": 4.7}, {"date": "2015-12-28T00:00:00", "datatype": "PRCP", "station": "GHCND:USW00003017", "attributes": ",,W,2400", "value": 0.0}, {"date": "2015-12-28T00:00:00", "datatype": "RHAV", "station": "GHCND:USW00003017", "attributes": ",,W,", "value": 75}, {"date": "2015-12-28T00:00:00", "datatype": "RHMN", "station": "GHCND:USW00003017", "attributes": ",,W,", "value": 57}, {"date": "2015-12-28T00:00:00", "datatype": "RHMX", "station": "GHCND:USW00003017", "attributes": ",,W,", "value": 83}, {"date": "2015-12-28T00:00:00", "datatype": "SNOW", "station": "GHCND:USW00003017", "attributes": ",,W,", "value": 0.0}, {"date": "2015-12-28T00:00:00", "datatype": "SNWD", "station": "GHCND:USW00003017", "attributes": ",,W,", "value": 1.2}, {"date": "2015-12-28T00:00:00", "datatype": "TAVG", "station": "GHCND:USW00003017", "attributes": "H,,S,", "value": 12.0}, {"date": "2015-12-28T00:00:00", "datatype": "TMAX", "station": "GHCND:USW00003017", "attributes": ",,W,2400", "value": 26.0}, {"date": "2015-12-28T00:00:00", "datatype": "TMIN", "station": "GHCND:USW00003017", "attributes": ",,W,2400", "value": 0.0}, {"date": "2015-12-28T00:00:00", "datatype": "WDF2", "station": "GHCND:USW00003017", "attributes": ",,W,", "value": 40}, {"date": "2015-12-28T00:00:00", "datatype": "WDF5", "station": "GHCND:USW00003017", "attributes": ",,W,", "value": 40}, {"date": "2015-12-28T00:00:00", "datatype": "WSF2", "station": "GHCND:USW00003017", "attributes": ",,W,", "value": 12.1}, {"date": "2015-12-28T00:00:00", "datatype": "WSF5", "station": "GHCND:USW00003017", "attributes": ",,W,", "value": 14.1}, {"date": "2015-12-28T00:00:00", "datatype": "WT01", "station": "GHCND:USW00003017", "attributes": ",,W,", "value": 1}, {"date": "2015-12-28T00:00:00", "datatype": "WT08", "station": "GHCND:USW00003017", "attributes": ",,W,", "value": 1}, {"date": "2015-12-29T00:00:00", "datatype": "ADPT", "station": "GHCND:USW00003017", "attributes": ",,W,", "value": -144}, {"date": "2015-12-29T00:00:00", "datatype": "ASLP", "station": "GHCND:USW00003017", "attributes": ",,W,", "value": 10169}, {"date": "2015-12-29T00:00:00", "datatype": "ASTP", "station": "GHCND:USW00003017", "attributes": ",,W,", "value": 8286}, {"date": "2015-12-29T00:00:00", "datatype": "AWBT", "station": "GHCND:USW00003017", "attributes": ",,W,", "value": -111}, {"date": "2015-12-29T00:00:00", "datatype": "AWND", "station": "GHCND:USW00003017", "attributes": ",,W,", "value": 5.8}, {"date": "2015-12-29T00:00:00", "datatype": "PRCP", "station": "GHCND:USW00003017", "attributes": ",,W,2400", "value": 0.0}, {"date": "2015-12-29T00:00:00", "datatype": "RHAV", "station": "GHCND:USW00003017", "attributes": ",,W,", "value": 69}, {"date": "2015-12-29T00:00:00", "datatype": "RHMN", "station": "GHCND:USW00003017", "attributes": ",,W,", "value": 55}, {"date": "2015-12-29T00:00:00", "datatype": "RHMX", "station": "GHCND:USW00003017", "attributes": ",,W,", "value": 84}, {"date": "2015-12-29T00:00:00", "datatype": "SNOW", "station": "GHCND:USW00003017", "attributes": ",,W,", "value": 0.0}, {"date": "2015-12-29T00:00:00", "datatype": "SNWD", "station": "GHCND:USW00003017", "attributes": ",,W,", "value": 1.2}, {"date": "2015-12-29T00:00:00", "datatype": "TAVG", "station": "GHCND:USW00003017", "attributes": "H,,S,", "value": 13.0}, {"date": "2015-12-29T00:00:00", "datatype": "TMAX", "station": "GHCND:USW00003017", "attributes": ",,W,2400", "value": 20.0}, {"date": "2015-12-29T00:00:00", "datatype": "TMIN", "station": "GHCND:USW00003017", "attributes": ",,W,2400", "value": 5.0}, {"date": "2015-12-29T00:00:00", "datatype": "WDF2", "station": "GHCND:USW00003017", "attributes": ",,W,", "value": 180}, {"date": "2015-12-29T00:00:00", "datatype": "WDF5", "station": "GHCND:USW00003017", "attributes": ",,W,", "value": 40}, {"date": "2015-12-29T00:00:00", "datatype": "WSF2", "station": "GHCND:USW00003017", "attributes": ",,W,", "value": 8.9}, {"date": "2015-12-29T00:00:00", "datatype": "WSF5", "station": "GHCND:USW00003017", "attributes": ",,W,", "value": 11.0}, {"date": "2015-12-29T00:00:00", "datatype": "WT01", "station": "GHCND:USW00003017", "attributes": ",,W,", "value": 1}, {"date": "2015-12-29T00:00:00", "datatype": "WT08", "station": "GHCND:USW00003017", "attributes": ",,W,", "value": 1}, {"date": "2015-12-30T00:00:00", "datatype": "ADPT", "station": "GHCND:USW00003017", "attributes": ",,W,", "value": -144}, {"date": "2015-12-30T00:00:00", "datatype": "ASLP", "station": "GHCND:USW00003017", "attributes": ",,W,", "value": 10230}, {"date": "2015-12-30T00:00:00", "datatype": "ASTP", "station": "GHCND:USW00003017", "attributes": ",,W,", "value": 8331}, {"date": "2015-12-30T00:00:00", "datatype": "AWBT", "station": "GHCND:USW00003017", "attributes": ",,W,", "value": -111}, {"date": "2015-12-30T00:00:00", "datatype": "AWND", "station": "GHCND:USW00003017", "attributes": ",,W,", "value": 5.4}, {"date": "2015-12-30T00:00:00", "datatype": "PRCP", "station": "GHCND:USW00003017", "attributes": ",,W,2400", "value": 0.0}, {"date": "2015-12-30T00:00:00", "datatype": "RHAV", "station": "GHCND:USW00003017", "attributes": ",,W,", "value": 69}, {"date": "2015-12-30T00:00:00", "datatype": "RHMN", "station": "GHCND:USW00003017", "attributes": ",,W,", "value": 46}, {"date": "2015-12-30T00:00:00", "datatype": "RHMX", "station": "GHCND:USW00003017", "attributes": ",,W,", "value": 80}, {"date": "2015-12-30T00:00:00", "datatype": "SNOW", "station": "GHCND:USW00003017", "attributes": ",,W,", "value": 0.0}, {"date": "2015-12-30T00:00:00", "datatype": "SNWD", "station": "GHCND:USW00003017", "attributes": ",,W,", "value": 1.2}, {"date": "2015-12-30T00:00:00", "datatype": "TAVG", "station": "GHCND:USW00003017", "attributes": "H,,S,", "value": 13.0}, {"date": "2015-12-30T00:00:00", "datatype": "TMAX", "station": "GHCND:USW00003017", "attributes": ",,W,2400", "value": 26.0}, {"date": "2015-12-30T00:00:00", "datatype": "TMIN", "station": "GHCND:USW00003017", "attributes": ",,W,2400", "value": 2.0}, {"date": "2015-12-30T00:00:00", "datatype": "WDF2", "station": "GHCND:USW00003017", "attributes": ",,W,", "value": 170}, {"date": "2015-12-30T00:00:00", "datatype": "WDF5", "station": "GHCND:USW00003017", "attributes": ",,W,", "value": 160}, {"date": "2015-12-30T00:00:00", "datatype": "WSF2", "station": "GHCND:USW00003017", "attributes": ",,W,", "value": 13.0}, {"date": "2015-12-30T00:00:00", "datatype": "WSF5", "station": "GHCND:USW00003017", "attributes": ",,W,", "value": 14.1}, {"date": "2015-12-30T00:00:00", "datatype": "WT01", "station": "GHCND:USW00003017", "attributes": ",,W,", "value": 1}, {"date": "2015-12-30T00:00:00", "datatype": "WT08", "station": "GHCND:USW00003017", "attributes": ",,W,", "value": 1}, {"date": "2015-12-31T00:00:00", "datatype": "ADPT", "station": "GHCND:USW00003017", "attributes": ",,W,", "value": -144}, {"date": "2015-12-31T00:00:00", "datatype": "ASLP", "station": "GHCND:USW00003017", "attributes": ",,W,", "value": 10318}, {"date": "2015-12-31T00:00:00", "datatype": "ASTP", "station": "GHCND:USW00003017", "attributes": ",,W,", "value": 8408}, {"date": "2015-12-31T00:00:00", "datatype": "AWBT", "station": "GHCND:USW00003017", "attributes": ",,W,", "value": -111}, {"date": "2015-12-31T00:00:00", "datatype": "AWND", "station": "GHCND:USW00003017", "attributes": ",,W,", "value": 7.2}, {"date": "2015-12-31T00:00:00", "datatype": "PRCP", "station": "GHCND:USW00003017", "attributes": "T,,W,2400", "value": 0.0}, {"date": "2015-12-31T00:00:00", "datatype": "RHAV", "station": "GHCND:USW00003017", "attributes": ",,W,", "value": 71}, {"date": "2015-12-31T00:00:00", "datatype": "RHMN", "station": "GHCND:USW00003017", "attributes": ",,W,", "value": 55}, {"date": "2015-12-31T00:00:00", "datatype": "RHMX", "station": "GHCND:USW00003017", "attributes": ",,W,", "value": 84}, {"date": "2015-12-31T00:00:00", "datatype": "SNOW", "station": "GHCND:USW00003017", "attributes": "T,,W,", "value": 0.0}, {"date": "2015-12-31T00:00:00", "datatype": "SNWD", "station": "GHCND:USW00003017", "attributes": ",,W,", "value": 1.2}, {"date": "2015-12-31T00:00:00", "datatype": "TAVG", "station": "GHCND:USW00003017", "attributes": "H,,S,", "value": 15.0}, {"date": "2015-12-31T00:00:00", "datatype": "TMAX", "station": "GHCND:USW00003017", "attributes": ",,W,2400", "value": 24.0}, {"date": "2015-12-31T00:00:00", "datatype": "TMIN", "station": "GHCND:USW00003017", "attributes": ",,W,2400", "value": 4.0}, {"date": "2015-12-31T00:00:00", "datatype": "WDF2", "station": "GHCND:USW00003017", "attributes": ",,W,", "value": 160}, {"date": "2015-12-31T00:00:00", "datatype": "WDF5", "station": "GHCND:USW00003017", "attributes": ",,W,", "value": 160}, {"date": "2015-12-31T00:00:00", "datatype": "WSF2", "station": "GHCND:USW00003017", "attributes": ",,W,", "value": 14.1}, {"date": "2015-12-31T00:00:00", "datatype": "WSF5", "station": "GHCND:USW00003017", "attributes": ",,W,", "value": 14.1}, {"date": "2015-12-31T00:00:00", "datatype": "WT01", "station": "GHCND:USW00003017", "attributes": ",,W,", "value": 1}, {"date": "2015-12-31T00:00:00", "datatype": "WT08", "station": "GHCND:USW00003017", "attributes": ",,W,", "value": 1}, {"date": "2016-01-01T00:00:00", "datatype": "PRCP", "station": "GHCND:US1CODN0196", "attributes": "T,,N,0700", "value": 0.0}, {"date": "2016-01-01T00:00:00", "datatype": "ADPT", "station": "GHCND:USW00003017", "attributes": ",,W,", "value": -172}, {"date": "2016-01-01T00:00:00", "datatype": "ASLP", "station": "GHCND:USW00003017", "attributes": ",,W,", "value": 10325}, {"date": "2016-01-01T00:00:00", "datatype": "ASTP", "station": "GHCND:USW00003017", "attributes": ",,W,", "value": 8408}, {"date": "2016-01-01T00:00:00", "datatype": "AWBT", "station": "GHCND:USW00003017", "attributes": ",,W,", "value": -94}, {"date": "2016-01-01T00:00:00", "datatype": "AWND", "station": "GHCND:USW00003017", "attributes": ",,W,", "value": 8.9}, {"date": "2016-01-01T00:00:00", "datatype": "PRCP", "station": "GHCND:USW00003017", "attributes": ",,W,2400", "value": 0.0}, {"date": "2016-01-01T00:00:00", "datatype": "RHAV", "station": "GHCND:USW00003017", "attributes": ",,W,", "value": 49}, {"date": "2016-01-01T00:00:00", "datatype": "RHMN", "station": "GHCND:USW00003017", "attributes": ",,W,", "value": 17}, {"date": "2016-01-01T00:00:00", "datatype": "RHMX", "station": "GHCND:USW00003017", "attributes": ",,W,", "value": 80}, {"date": "2016-01-01T00:00:00", "datatype": "SNOW", "station": "GHCND:USW00003017", "attributes": ",,W,", "value": 0.0}, {"date": "2016-01-01T00:00:00", "datatype": "SNWD", "station": "GHCND:USW00003017", "attributes": "T,,W,", "value": 0.0}, {"date": "2016-01-01T00:00:00", "datatype": "TAVG", "station": "GHCND:USW00003017", "attributes": "H,,S,", "value": 15.0}, {"date": "2016-01-01T00:00:00", "datatype": "TMAX", "station": "GHCND:USW00003017", "attributes": ",,W,2400", "value": 35.0}, {"date": "2016-01-01T00:00:00", "datatype": "TMIN", "station": "GHCND:USW00003017", "attributes": ",,W,2400", "value": 6.0}, {"date": "2016-01-01T00:00:00", "datatype": "WDF2", "station": "GHCND:USW00003017", "attributes": ",,W,", "value": 220}, {"date": "2016-01-01T00:00:00", "datatype": "WDF5", "station": "GHCND:USW00003017", "attributes": ",,W,", "value": 220}, {"date": "2016-01-01T00:00:00", "datatype": "WSF2", "station": "GHCND:USW00003017", "attributes": ",,W,", "value": 19.9}, {"date": "2016-01-01T00:00:00", "datatype": "WSF5", "station": "GHCND:USW00003017", "attributes": ",,W,", "value": 21.9}, {"date": "2016-01-02T00:00:00", "datatype": "PRCP", "station": "GHCND:US1CODN0196", "attributes": ",,N,0700", "value": 0.0}, {"date": "2016-01-02T00:00:00", "datatype": "ADPT", "station": "GHCND:USW00003017", "attributes": ",,W,", "value": -156}, {"date": "2016-01-02T00:00:00", "datatype": "ASLP", "station": "GHCND:USW00003017", "attributes": ",,W,", "value": 10281}, {"date": "2016-01-02T00:00:00", "datatype": "ASTP", "station": "GHCND:USW00003017", "attributes": ",,W,", "value": 8395}, {"date": "2016-01-02T00:00:00", "datatype": "AWBT", "station": "GHCND:USW00003017", "attributes": ",,W,", "value": -72}, {"date": "2016-01-02T00:00:00", "datatype": "AWND", "station": "GHCND:USW00003017", "attributes": ",,W,", "value": 10.1}, {"date": "2016-01-02T00:00:00", "datatype": "PRCP", "station": "GHCND:USW00003017", "attributes": ",,W,2400", "value": 0.0}, {"date": "2016-01-02T00:00:00", "datatype": "RHAV", "station": "GHCND:USW00003017", "attributes": ",,W,", "value": 41}, {"date": "2016-01-02T00:00:00", "datatype": "RHMN", "station": "GHCND:USW00003017", "attributes": ",,W,", "value": 24}, {"date": "2016-01-02T00:00:00", "datatype": "RHMX", "station": "GHCND:USW00003017", "attributes": ",,W,", "value": 59}, {"date": "2016-01-02T00:00:00", "datatype": "SNOW", "station": "GHCND:USW00003017", "attributes": ",,W,", "value": 0.0}, {"date": "2016-01-02T00:00:00", "datatype": "SNWD", "station": "GHCND:USW00003017", "attributes": ",,W,", "value": 0.0}, {"date": "2016-01-02T00:00:00", "datatype": "TAVG", "station": "GHCND:USW00003017", "attributes": "H,,S,", "value": 25.0}, {"date": "2016-01-02T00:00:00", "datatype": "TMAX", "station": "GHCND:USW00003017", "attributes": ",,W,2400", "value": 41.0}, {"date": "2016-01-02T00:00:00", "datatype": "TMIN", "station": "GHCND:USW00003017", "attributes": ",,W,2400", "value": 16.0}, {"date": "2016-01-02T00:00:00", "datatype": "WDF2", "station": "GHCND:USW00003017", "attributes": ",,W,", "value": 220}, {"date": "2016-01-02T00:00:00", "datatype": "WDF5", "station": "GHCND:USW00003017", "attributes": ",,W,", "value": 220}, {"date": "2016-01-02T00:00:00", "datatype": "WSF2", "station": "GHCND:USW00003017", "attributes": ",,W,", "value": 17.0}, {"date": "2016-01-02T00:00:00", "datatype": "WSF5", "station": "GHCND:USW00003017", "attributes": ",,W,", "value": 21.9}, {"date": "2016-01-03T00:00:00", "datatype": "PRCP", "station": "GHCND:US1CODN0196", "attributes": ",,N,0700", "value": 0.0}, {"date": "2016-01-03T00:00:00", "datatype": "ADPT", "station": "GHCND:USW00003017", "attributes": ",,W,", "value": -117}, {"date": "2016-01-03T00:00:00", "datatype": "ASLP", "station": "GHCND:USW00003017", "attributes": ",,W,", "value": 10264}, {"date": "2016-01-03T00:00:00", "datatype": "ASTP", "station": "GHCND:USW00003017", "attributes": ",,W,", "value": 8388}, {"date": "2016-01-03T00:00:00", "datatype": "AWBT", "station": "GHCND:USW00003017", "attributes": ",,W,", "value": -50}, {"date": "2016-01-03T00:00:00", "datatype": "AWND", "station": "GHCND:USW00003017", "attributes": ",,W,", "value": 6.9}, {"date": "2016-01-03T00:00:00", "datatype": "PRCP", "station": "GHCND:USW00003017", "attributes": ",,W,2400", "value": 0.0}, {"date": "2016-01-03T00:00:00", "datatype": "RHAV", "station": "GHCND:USW00003017", "attributes": ",,W,", "value": 49}, {"date": "2016-01-03T00:00:00", "datatype": "RHMN", "station": "GHCND:USW00003017", "attributes": ",,W,", "value": 30}, {"date": "2016-01-03T00:00:00", "datatype": "RHMX", "station": "GHCND:USW00003017", "attributes": ",,W,", "value": 71}, {"date": "2016-01-03T00:00:00", "datatype": "SNOW", "station": "GHCND:USW00003017", "attributes": ",,W,", "value": 0.0}, {"date": "2016-01-03T00:00:00", "datatype": "SNWD", "station": "GHCND:USW00003017", "attributes": ",,W,", "value": 0.0}, {"date": "2016-01-03T00:00:00", "datatype": "TAVG", "station": "GHCND:USW00003017", "attributes": "H,,S,", "value": 29.0}, {"date": "2016-01-03T00:00:00", "datatype": "TMAX", "station": "GHCND:USW00003017", "attributes": ",,W,2400", "value": 46.0}, {"date": "2016-01-03T00:00:00", "datatype": "TMIN", "station": "GHCND:USW00003017", "attributes": ",,W,2400", "value": 15.0}, {"date": "2016-01-03T00:00:00", "datatype": "WDF2", "station": "GHCND:USW00003017", "attributes": ",,W,", "value": 220}, {"date": "2016-01-03T00:00:00", "datatype": "WDF5", "station": "GHCND:USW00003017", "attributes": ",,W,", "value": 70}, {"date": "2016-01-03T00:00:00", "datatype": "WSF2", "station": "GHCND:USW00003017", "attributes": ",,W,", "value": 14.1}, {"date": "2016-01-03T00:00:00", "datatype": "WSF5", "station": "GHCND:USW00003017", "attributes": ",,W,", "value": 29.1}, {"date": "2016-01-04T00:00:00", "datatype": "PRCP", "station": "GHCND:US1CODN0196", "attributes": ",,N,0700", "value": 0.0}, {"date": "2016-01-04T00:00:00", "datatype": "ADPT", "station": "GHCND:USW00003017", "attributes": ",,W,", "value": -94}, {"date": "2016-01-04T00:00:00", "datatype": "ASLP", "station": "GHCND:USW00003017", "attributes": ",,W,", "value": 10183}, {"date": "2016-01-04T00:00:00", "datatype": "ASTP", "station": "GHCND:USW00003017", "attributes": ",,W,", "value": 8320}, {"date": "2016-01-04T00:00:00", "datatype": "AWBT", "station": "GHCND:USW00003017", "attributes": ",,W,", "value": -39}, {"date": "2016-01-04T00:00:00", "datatype": "AWND", "station": "GHCND:USW00003017", "attributes": ",,W,", "value": 5.8}, {"date": "2016-01-04T00:00:00", "datatype": "PRCP", "station": "GHCND:USW00003017", "attributes": ",,W,2400", "value": 0.0}, {"date": "2016-01-04T00:00:00", "datatype": "RHAV", "station": "GHCND:USW00003017", "attributes": ",,W,", "value": 55}, {"date": "2016-01-04T00:00:00", "datatype": "RHMN", "station": "GHCND:USW00003017", "attributes": ",,W,", "value": 38}, {"date": "2016-01-04T00:00:00", "datatype": "RHMX", "station": "GHCND:USW00003017", "attributes": ",,W,", "value": 71}, {"date": "2016-01-04T00:00:00", "datatype": "SNOW", "station": "GHCND:USW00003017", "attributes": ",,W,", "value": 0.0}, {"date": "2016-01-04T00:00:00", "datatype": "SNWD", "station": "GHCND:USW00003017", "attributes": ",,W,", "value": 0.0}, {"date": "2016-01-04T00:00:00", "datatype": "TAVG", "station": "GHCND:USW00003017", "attributes": "H,,S,", "value": 29.0}, {"date": "2016-01-04T00:00:00", "datatype": "TMAX", "station": "GHCND:USW00003017", "attributes": ",,W,2400", "value": 45.0}, {"date": "2016-01-04T00:00:00", "datatype": "TMIN", "station": "GHCND:USW00003017", "attributes": ",,W,2400", "value": 18.0}, {"date": "2016-01-04T00:00:00", "datatype": "WDF2", "station": "GHCND:USW00003017", "attributes": ",,W,", "value": 180}, {"date": "2016-01-04T00:00:00", "datatype": "WDF5", "station": "GHCND:USW00003017", "attributes": ",,W,", "value": 250}, {"date": "2016-01-04T00:00:00", "datatype": "WSF2", "station": "GHCND:USW00003017", "attributes": ",,W,", "value": 10.1}, {"date": "2016-01-04T00:00:00", "datatype": "WSF5", "station": "GHCND:USW00003017", "attributes": ",,W,", "value": 12.1}, {"date": "2016-01-05T00:00:00", "datatype": "PRCP", "station": "GHCND:US1CODN0196", "attributes": ",,N,0700", "value": 0.0}, {"date": "2016-01-05T00:00:00", "datatype": "ADPT", "station": "GHCND:USW00003017", "attributes": ",,W,", "value": -89}, {"date": "2016-01-05T00:00:00", "datatype": "ASLP", "station": "GHCND:USW00003017", "attributes": ",,W,", "value": 10105}, {"date": "2016-01-05T00:00:00", "datatype": "ASTP", "station": "GHCND:USW00003017", "attributes": ",,W,", "value": 8266}, {"date": "2016-01-05T00:00:00", "datatype": "AWBT", "station": "GHCND:USW00003017", "attributes": ",,W,", "value": -28}, {"date": "2016-01-05T00:00:00", "datatype": "AWND", "station": "GHCND:USW00003017", "attributes": ",,W,", "value": 6.7}, {"date": "2016-01-05T00:00:00", "datatype": "PRCP", "station": "GHCND:USW00003017", "attributes": ",,W,2400", "value": 0.0}, {"date": "2016-01-05T00:00:00", "datatype": "RHAV", "station": "GHCND:USW00003017", "attributes": ",,W,", "value": 48}, {"date": "2016-01-05T00:00:00", "datatype": "RHMN", "station": "GHCND:USW00003017", "attributes": ",,W,", "value": 34}, {"date": "2016-01-05T00:00:00", "datatype": "RHMX", "station": "GHCND:USW00003017", "attributes": ",,W,", "value": 63}, {"date": "2016-01-05T00:00:00", "datatype": "SNOW", "station": "GHCND:USW00003017", "attributes": ",,W,", "value": 0.0}, {"date": "2016-01-05T00:00:00", "datatype": "SNWD", "station": "GHCND:USW00003017", "attributes": ",,W,", "value": 0.0}, {"date": "2016-01-05T00:00:00", "datatype": "TAVG", "station": "GHCND:USW00003017", "attributes": "H,,S,", "value": 33.0}, {"date": "2016-01-05T00:00:00", "datatype": "TMAX", "station": "GHCND:USW00003017", "attributes": ",,W,2400", "value": 45.0}, {"date": "2016-01-05T00:00:00", "datatype": "TMIN", "station": "GHCND:USW00003017", "attributes": ",,W,2400", "value": 23.0}, {"date": "2016-01-05T00:00:00", "datatype": "WDF2", "station": "GHCND:USW00003017", "attributes": ",,W,", "value": 230}, {"date": "2016-01-05T00:00:00", "datatype": "WDF5", "station": "GHCND:USW00003017", "attributes": ",,W,", "value": 220}, {"date": "2016-01-05T00:00:00", "datatype": "WSF2", "station": "GHCND:USW00003017", "attributes": ",,W,", "value": 13.0}, {"date": "2016-01-05T00:00:00", "datatype": "WSF5", "station": "GHCND:USW00003017", "attributes": ",,W,", "value": 14.1}, {"date": "2016-01-06T00:00:00", "datatype": "PRCP", "station": "GHCND:US1CODN0196", "attributes": ",,N,0700", "value": 0.0}, {"date": "2016-01-06T00:00:00", "datatype": "ADPT", "station": "GHCND:USW00003017", "attributes": ",,W,", "value": -67}, {"date": "2016-01-06T00:00:00", "datatype": "ASLP", "station": "GHCND:USW00003017", "attributes": ",,W,", "value": 10081}, {"date": "2016-01-06T00:00:00", "datatype": "ASTP", "station": "GHCND:USW00003017", "attributes": ",,W,", "value": 8249}, {"date": "2016-01-06T00:00:00", "datatype": "AWBT", "station": "GHCND:USW00003017", "attributes": ",,W,", "value": -28}, {"date": "2016-01-06T00:00:00", "datatype": "AWND", "station": "GHCND:USW00003017", "attributes": ",,W,", "value": 7.8}, {"date": "2016-01-06T00:00:00", "datatype": "PRCP", "station": "GHCND:USW00003017", "attributes": ",,W,2400", "value": 0.0}, {"date": "2016-01-06T00:00:00", "datatype": "RHAV", "station": "GHCND:USW00003017", "attributes": ",,W,", "value": 64}, {"date": "2016-01-06T00:00:00", "datatype": "RHMN", "station": "GHCND:USW00003017", "attributes": ",,W,", "value": 42}, {"date": "2016-01-06T00:00:00", "datatype": "RHMX", "station": "GHCND:USW00003017", "attributes": ",,W,", "value": 81}, {"date": "2016-01-06T00:00:00", "datatype": "SNOW", "station": "GHCND:USW00003017", "attributes": ",,W,", "value": 0.0}, {"date": "2016-01-06T00:00:00", "datatype": "SNWD", "station": "GHCND:USW00003017", "attributes": ",,W,", "value": 0.0}, {"date": "2016-01-06T00:00:00", "datatype": "TAVG", "station": "GHCND:USW00003017", "attributes": "H,,S,", "value": 33.0}, {"date": "2016-01-06T00:00:00", "datatype": "TMAX", "station": "GHCND:USW00003017", "attributes": ",,W,2400", "value": 46.0}, {"date": "2016-01-06T00:00:00", "datatype": "TMIN", "station": "GHCND:USW00003017", "attributes": ",,W,2400", "value": 19.0}, {"date": "2016-01-06T00:00:00", "datatype": "WDF2", "station": "GHCND:USW00003017", "attributes": ",,W,", "value": 170}, {"date": "2016-01-06T00:00:00", "datatype": "WDF5", "station": "GHCND:USW00003017", "attributes": ",,W,", "value": 170}, {"date": "2016-01-06T00:00:00", "datatype": "WSF2", "station": "GHCND:USW00003017", "attributes": ",,W,", "value": 16.1}, {"date": "2016-01-06T00:00:00", "datatype": "WSF5", "station": "GHCND:USW00003017", "attributes": ",,W,", "value": 17.0}, {"date": "2016-01-07T00:00:00", "datatype": "PRCP", "station": "GHCND:US1CODN0196", "attributes": ",,N,0700", "value": 0.0}, {"date": "2016-01-07T00:00:00", "datatype": "ADPT", "station": "GHCND:USW00003017", "attributes": ",,W,", "value": -28}, {"date": "2016-01-07T00:00:00", "datatype": "ASLP", "station": "GHCND:USW00003017", "attributes": ",,W,", "value": 10061}, {"date": "2016-01-07T00:00:00", "datatype": "ASTP", "station": "GHCND:USW00003017", "attributes": ",,W,", "value": 8232}, {"date": "2016-01-07T00:00:00", "datatype": "AWBT", "station": "GHCND:USW00003017", "attributes": ",,W,", "value": -11}, {"date": "2016-01-07T00:00:00", "datatype": "AWND", "station": "GHCND:USW00003017", "attributes": ",,W,", "value": 5.1}, {"date": "2016-01-07T00:00:00", "datatype": "PRCP", "station": "GHCND:USW00003017", "attributes": ",,W,2400", "value": 0.15}, {"date": "2016-01-07T00:00:00", "datatype": "RHAV", "station": "GHCND:USW00003017", "attributes": ",,W,", "value": 84}, {"date": "2016-01-07T00:00:00", "datatype": "RHMN", "station": "GHCND:USW00003017", "attributes": ",,W,", "value": 69}, {"date": "2016-01-07T00:00:00", "datatype": "RHMX", "station": "GHCND:USW00003017", "attributes": ",,W,", "value": 96}, {"date": "2016-01-07T00:00:00", "datatype": "SNOW", "station": "GHCND:USW00003017", "attributes": ",,W,", "value": 1.2}, {"date": "2016-01-07T00:00:00", "datatype": "SNWD", "station": "GHCND:USW00003017", "attributes": ",,W,", "value": 0.0}, {"date": "2016-01-07T00:00:00", "datatype": "TAVG", "station": "GHCND:USW00003017", "attributes": "H,,S,", "value": 31.0}, {"date": "2016-01-07T00:00:00", "datatype": "TMAX", "station": "GHCND:USW00003017", "attributes": ",,W,2400", "value": 35.0}, {"date": "2016-01-07T00:00:00", "datatype": "TMIN", "station": "GHCND:USW00003017", "attributes": ",,W,2400", "value": 28.0}, {"date": "2016-01-07T00:00:00", "datatype": "WDF2", "station": "GHCND:USW00003017", "attributes": ",,W,", "value": 240}, {"date": "2016-01-07T00:00:00", "datatype": "WDF5", "station": "GHCND:USW00003017", "attributes": ",,W,", "value": 240}, {"date": "2016-01-07T00:00:00", "datatype": "WSF2", "station": "GHCND:USW00003017", "attributes": ",,W,", "value": 12.1}, {"date": "2016-01-07T00:00:00", "datatype": "WSF5", "station": "GHCND:USW00003017", "attributes": ",,W,", "value": 12.1}, {"date": "2016-01-07T00:00:00", "datatype": "WT01", "station": "GHCND:USW00003017", "attributes": ",,W,", "value": 1}, {"date": "2016-01-07T00:00:00", "datatype": "WT08", "station": "GHCND:USW00003017", "attributes": ",,W,", "value": 1}, {"date": "2016-01-08T00:00:00", "datatype": "PRCP", "station": "GHCND:US1CODN0196", "attributes": ",,N,0700", "value": 0.33}, {"date": "2016-01-08T00:00:00", "datatype": "SNOW", "station": "GHCND:US1CODN0196", "attributes": ",,N,0700", "value": 1.5}, {"date": "2016-01-08T00:00:00", "datatype": "ADPT", "station": "GHCND:USW00003017", "attributes": ",,W,", "value": -72}, {"date": "2016-01-08T00:00:00", "datatype": "ASLP", "station": "GHCND:USW00003017", "attributes": ",,W,", "value": 10135}, {"date": "2016-01-08T00:00:00", "datatype": "ASTP", "station": "GHCND:USW00003017", "attributes": ",,W,", "value": 8280}, {"date": "2016-01-08T00:00:00", "datatype": "AWBT", "station": "GHCND:USW00003017", "attributes": ",,W,", "value": -61}, {"date": "2016-01-08T00:00:00", "datatype": "AWND", "station": "GHCND:USW00003017", "attributes": ",,W,", "value": 5.6}, {"date": "2016-01-08T00:00:00", "datatype": "PRCP", "station": "GHCND:USW00003017", "attributes": ",,W,2400", "value": 0.23}, {"date": "2016-01-08T00:00:00", "datatype": "RHAV", "station": "GHCND:USW00003017", "attributes": ",,W,", "value": 86}, {"date": "2016-01-08T00:00:00", "datatype": "RHMN", "station": "GHCND:USW00003017", "attributes": ",,W,", "value": 77}, {"date": "2016-01-08T00:00:00", "datatype": "RHMX", "station": "GHCND:USW00003017", "attributes": ",,W,", "value": 92}, {"date": "2016-01-08T00:00:00", "datatype": "SNOW", "station": "GHCND:USW00003017", "attributes": ",,W,", "value": 2.3}, {"date": "2016-01-08T00:00:00", "datatype": "SNWD", "station": "GHCND:USW00003017", "attributes": ",,W,", "value": 2.0}, {"date": "2016-01-08T00:00:00", "datatype": "TAVG", "station": "GHCND:USW00003017", "attributes": "H,,S,", "value": 26.0}, {"date": "2016-01-08T00:00:00", "datatype": "TMAX", "station": "GHCND:USW00003017", "attributes": ",,W,2400", "value": 29.0}, {"date": "2016-01-08T00:00:00", "datatype": "TMIN", "station": "GHCND:USW00003017", "attributes": ",,W,2400", "value": 18.0}, {"date": "2016-01-08T00:00:00", "datatype": "WDF2", "station": "GHCND:USW00003017", "attributes": ",,W,", "value": 40}, {"date": "2016-01-08T00:00:00", "datatype": "WDF5", "station": "GHCND:USW00003017", "attributes": ",,W,", "value": 40}, {"date": "2016-01-08T00:00:00", "datatype": "WSF2", "station": "GHCND:USW00003017", "attributes": ",,W,", "value": 16.1}, {"date": "2016-01-08T00:00:00", "datatype": "WSF5", "station": "GHCND:USW00003017", "attributes": ",,W,", "value": 19.0}, {"date": "2016-01-08T00:00:00", "datatype": "WT01", "station": "GHCND:USW00003017", "attributes": ",,W,", "value": 1}, {"date": "2016-01-08T00:00:00", "datatype": "WT08", "station": "GHCND:USW00003017", "attributes": ",,W,", "value": 1}, {"date": "2016-01-09T00:00:00", "datatype": "ADPT", "station": "GHCND:USW00003017", "attributes": ",,W,", "value": -100}, {"date": "2016-01-09T00:00:00", "datatype": "ASLP", "station": "GHCND:USW00003017", "attributes": ",,W,", "value": 10196}, {"date": "2016-01-09T00:00:00", "datatype": "ASTP", "station": "GHCND:USW00003017", "attributes": ",,W,", "value": 8317}, {"date": "2016-01-09T00:00:00", "datatype": "AWBT", "station": "GHCND:USW00003017", "attributes": ",,W,", "value": -78}, {"date": "2016-01-09T00:00:00", "datatype": "AWND", "station": "GHCND:USW00003017", "attributes": ",,W,", "value": 4.3}, {"date": "2016-01-09T00:00:00", "datatype": "PRCP", "station": "GHCND:USW00003017", "attributes": "T,,W,2400", "value": 0.0}, {"date": "2016-01-09T00:00:00", "datatype": "RHAV", "station": "GHCND:USW00003017", "attributes": ",,W,", "value": 81}, {"date": "2016-01-09T00:00:00", "datatype": "RHMN", "station": "GHCND:USW00003017", "attributes": ",,W,", "value": 66}, {"date": "2016-01-09T00:00:00", "datatype": "RHMX", "station": "GHCND:USW00003017", "attributes": ",,W,", "value": 89}, {"date": "2016-01-09T00:00:00", "datatype": "SNOW", "station": "GHCND:USW00003017", "attributes": "T,,W,", "value": 0.0}, {"date": "2016-01-09T00:00:00", "datatype": "SNWD", "station": "GHCND:USW00003017", "attributes": ",,W,", "value": 2.0}, {"date": "2016-01-09T00:00:00", "datatype": "TAVG", "station": "GHCND:USW00003017", "attributes": "H,,S,", "value": 21.0}, {"date": "2016-01-09T00:00:00", "datatype": "TMAX", "station": "GHCND:USW00003017", "attributes": ",,W,2400", "value": 28.0}, {"date": "2016-01-09T00:00:00", "datatype": "TMIN", "station": "GHCND:USW00003017", "attributes": ",,W,2400", "value": 6.0}, {"date": "2016-01-09T00:00:00", "datatype": "WDF2", "station": "GHCND:USW00003017", "attributes": ",,W,", "value": 170}, {"date": "2016-01-09T00:00:00", "datatype": "WDF5", "station": "GHCND:USW00003017", "attributes": ",,W,", "value": 160}, {"date": "2016-01-09T00:00:00", "datatype": "WSF2", "station": "GHCND:USW00003017", "attributes": ",,W,", "value": 14.1}, {"date": "2016-01-09T00:00:00", "datatype": "WSF5", "station": "GHCND:USW00003017", "attributes": ",,W,", "value": 15.0}, {"date": "2016-01-09T00:00:00", "datatype": "WT01", "station": "GHCND:USW00003017", "attributes": ",,W,", "value": 1}, {"date": "2016-01-09T00:00:00", "datatype": "WT08", "station": "GHCND:USW00003017", "attributes": ",,W,", "value": 1}, {"date": "2016-01-10T00:00:00", "datatype": "AWND", "station": "GHCND:USW00003017", "attributes": ",,W,", "value": 7.6}, {"date": "2016-01-10T00:00:00", "datatype": "PRCP", "station": "GHCND:USW00003017", "attributes": "T,,W,2400", "value": 0.0}, {"date": "2016-01-10T00:00:00", "datatype": "RHAV", "station": "GHCND:USW00003017", "attributes": ",,W,", "value": 72}, {"date": "2016-01-10T00:00:00", "datatype": "RHMN", "station": "GHCND:USW00003017", "attributes": ",,W,", "value": 57}, {"date": "2016-01-10T00:00:00", "datatype": "RHMX", "station": "GHCND:USW00003017", "attributes": ",,W,", "value": 81}, {"date": "2016-01-10T00:00:00", "datatype": "SNOW", "station": "GHCND:USW00003017", "attributes": "T,,W,", "value": 0.0}, {"date": "2016-01-10T00:00:00", "datatype": "SNWD", "station": "GHCND:USW00003017", "attributes": ",,W,", "value": 2.0}, {"date": "2016-01-10T00:00:00", "datatype": "TAVG", "station": "GHCND:USW00003017", "attributes": "H,,S,", "value": 15.0}, {"date": "2016-01-10T00:00:00", "datatype": "TMAX", "station": "GHCND:USW00003017", "attributes": ",,W,2400", "value": 32.0}, {"date": "2016-01-10T00:00:00", "datatype": "TMIN", "station": "GHCND:USW00003017", "attributes": ",,W,2400", "value": 5.0}, {"date": "2016-01-10T00:00:00", "datatype": "WDF2", "station": "GHCND:USW00003017", "attributes": ",,W,", "value": 210}, {"date": "2016-01-10T00:00:00", "datatype": "WDF5", "station": "GHCND:USW00003017", "attributes": ",,W,", "value": 210}, {"date": "2016-01-10T00:00:00", "datatype": "WSF2", "station": "GHCND:USW00003017", "attributes": ",,W,", "value": 21.0}, {"date": "2016-01-10T00:00:00", "datatype": "WSF5", "station": "GHCND:USW00003017", "attributes": ",,W,", "value": 21.9}, {"date": "2016-01-10T00:00:00", "datatype": "WT01", "station": "GHCND:USW00003017", "attributes": ",,W,", "value": 1}, {"date": "2016-01-10T00:00:00", "datatype": "WT02", "station": "GHCND:USW00003017", "attributes": ",,W,", "value": 1}, {"date": "2016-01-10T00:00:00", "datatype": "WT08", "station": "GHCND:USW00003017", "attributes": ",,W,", "value": 1}, {"date": "2016-01-11T00:00:00", "datatype": "ADPT", "station": "GHCND:USW00003017", "attributes": ",,W,", "value": -133}, {"date": "2016-01-11T00:00:00", "datatype": "ASLP", "station": "GHCND:USW00003017", "attributes": ",,W,", "value": 10193}, {"date": "2016-01-11T00:00:00", "datatype": "ASTP", "station": "GHCND:USW00003017", "attributes": ",,W,", "value": 8317}, {"date": "2016-01-11T00:00:00", "datatype": "AWBT", "station": "GHCND:USW00003017", "attributes": ",,W,", "value": -72}, {"date": "2016-01-11T00:00:00", "datatype": "AWND", "station": "GHCND:USW00003017", "attributes": ",,W,", "value": 8.5}, {"date": "2016-01-11T00:00:00", "datatype": "PRCP", "station": "GHCND:USW00003017", "attributes": ",,W,2400", "value": 0.0}, {"date": "2016-01-11T00:00:00", "datatype": "RHAV", "station": "GHCND:USW00003017", "attributes": ",,W,", "value": 52}, {"date": "2016-01-11T00:00:00", "datatype": "RHMN", "station": "GHCND:USW00003017", "attributes": ",,W,", "value": 30}, {"date": "2016-01-11T00:00:00", "datatype": "RHMX", "station": "GHCND:USW00003017", "attributes": ",,W,", "value": 74}, {"date": "2016-01-11T00:00:00", "datatype": "SNOW", "station": "GHCND:USW00003017", "attributes": ",,W,", "value": 0.0}, {"date": "2016-01-11T00:00:00", "datatype": "SNWD", "station": "GHCND:USW00003017", "attributes": ",,W,", "value": 2.0}, {"date": "2016-01-11T00:00:00", "datatype": "TAVG", "station": "GHCND:USW00003017", "attributes": "H,,S,", "value": 23.0}, {"date": "2016-01-11T00:00:00", "datatype": "TMAX", "station": "GHCND:USW00003017", "attributes": ",,W,2400", "value": 40.0}, {"date": "2016-01-11T00:00:00", "datatype": "TMIN", "station": "GHCND:USW00003017", "attributes": ",,W,2400", "value": 12.0}, {"date": "2016-01-11T00:00:00", "datatype": "WDF2", "station": "GHCND:USW00003017", "attributes": ",,W,", "value": 220}, {"date": "2016-01-11T00:00:00", "datatype": "WDF5", "station": "GHCND:USW00003017", "attributes": ",,W,", "value": 210}, {"date": "2016-01-11T00:00:00", "datatype": "WSF2", "station": "GHCND:USW00003017", "attributes": ",,W,", "value": 18.1}, {"date": "2016-01-11T00:00:00", "datatype": "WSF5", "station": "GHCND:USW00003017", "attributes": ",,W,", "value": 21.9}, {"date": "2016-01-12T00:00:00", "datatype": "ADPT", "station": "GHCND:USW00003017", "attributes": ",,W,", "value": -128}, {"date": "2016-01-12T00:00:00", "datatype": "ASLP", "station": "GHCND:USW00003017", "attributes": ",,W,", "value": 10200}, {"date": "2016-01-12T00:00:00", "datatype": "ASTP", "station": "GHCND:USW00003017", "attributes": ",,W,", "value": 8341}, {"date": "2016-01-12T00:00:00", "datatype": "AWBT", "station": "GHCND:USW00003017", "attributes": ",,W,", "value": -44}, {"date": "2016-01-12T00:00:00", "datatype": "AWND", "station": "GHCND:USW00003017", "attributes": ",,W,", "value": 8.7}, {"date": "2016-01-12T00:00:00", "datatype": "PRCP", "station": "GHCND:USW00003017", "attributes": ",,W,2400", "value": 0.0}, {"date": "2016-01-12T00:00:00", "datatype": "RHAV", "station": "GHCND:USW00003017", "attributes": ",,W,", "value": 41}, {"date": "2016-01-12T00:00:00", "datatype": "RHMN", "station": "GHCND:USW00003017", "attributes": ",,W,", "value": 23}, {"date": "2016-01-12T00:00:00", "datatype": "RHMX", "station": "GHCND:USW00003017", "attributes": ",,W,", "value": 63}, {"date": "2016-01-12T00:00:00", "datatype": "SNOW", "station": "GHCND:USW00003017", "attributes": ",,W,", "value": 0.0}, {"date": "2016-01-12T00:00:00", "datatype": "SNWD", "station": "GHCND:USW00003017", "attributes": ",,W,", "value": 2.0}, {"date": "2016-01-12T00:00:00", "datatype": "TAVG", "station": "GHCND:USW00003017", "attributes": "H,,S,", "value": 29.0}, {"date": "2016-01-12T00:00:00", "datatype": "TMAX", "station": "GHCND:USW00003017", "attributes": ",,W,2400", "value": 45.0}, {"date": "2016-01-12T00:00:00", "datatype": "TMIN", "station": "GHCND:USW00003017", "attributes": ",,W,2400", "value": 19.0}, {"date": "2016-01-12T00:00:00", "datatype": "WDF2", "station": "GHCND:USW00003017", "attributes": ",,W,", "value": 210}, {"date": "2016-01-12T00:00:00", "datatype": "WDF5", "station": "GHCND:USW00003017", "attributes": ",,W,", "value": 220}, {"date": "2016-01-12T00:00:00", "datatype": "WSF2", "station": "GHCND:USW00003017", "attributes": ",,W,", "value": 18.1}, {"date": "2016-01-12T00:00:00", "datatype": "WSF5", "station": "GHCND:USW00003017", "attributes": ",,W,", "value": 21.9}, {"date": "2016-01-13T00:00:00", "datatype": "ADPT", "station": "GHCND:USW00003017", "attributes": ",,W,", "value": -78}, {"date": "2016-01-13T00:00:00", "datatype": "ASLP", "station": "GHCND:USW00003017", "attributes": ",,W,", "value": 10125}, {"date": "2016-01-13T00:00:00", "datatype": "ASTP", "station": "GHCND:USW00003017", "attributes": ",,W,", "value": 8280}, {"date": "2016-01-13T00:00:00", "datatype": "AWBT", "station": "GHCND:USW00003017", "attributes": ",,W,", "value": -11}, {"date": "2016-01-13T00:00:00", "datatype": "AWND", "station": "GHCND:USW00003017", "attributes": ",,W,", "value": 12.3}, {"date": "2016-01-13T00:00:00", "datatype": "PRCP", "station": "GHCND:USW00003017", "attributes": ",,W,2400", "value": 0.0}, {"date": "2016-01-13T00:00:00", "datatype": "RHAV", "station": "GHCND:USW00003017", "attributes": ",,W,", "value": 47}, {"date": "2016-01-13T00:00:00", "datatype": "RHMN", "station": "GHCND:USW00003017", "attributes": ",,W,", "value": 33}, {"date": "2016-01-13T00:00:00", "datatype": "RHMX", "station": "GHCND:USW00003017", "attributes": ",,W,", "value": 68}, {"date": "2016-01-13T00:00:00", "datatype": "SNOW", "station": "GHCND:USW00003017", "attributes": ",,W,", "value": 0.0}, {"date": "2016-01-13T00:00:00", "datatype": "SNWD", "station": "GHCND:USW00003017", "attributes": ",,W,", "value": 2.0}, {"date": "2016-01-13T00:00:00", "datatype": "TAVG", "station": "GHCND:USW00003017", "attributes": "H,,S,", "value": 33.0}, {"date": "2016-01-13T00:00:00", "datatype": "TMAX", "station": "GHCND:USW00003017", "attributes": ",,W,2400", "value": 51.0}, {"date": "2016-01-13T00:00:00", "datatype": "TMIN", "station": "GHCND:USW00003017", "attributes": ",,W,2400", "value": 22.0}, {"date": "2016-01-13T00:00:00", "datatype": "WDF2", "station": "GHCND:USW00003017", "attributes": ",,W,", "value": 210}, {"date": "2016-01-13T00:00:00", "datatype": "WDF5", "station": "GHCND:USW00003017", "attributes": ",,W,", "value": 190}, {"date": "2016-01-13T00:00:00", "datatype": "WSF2", "station": "GHCND:USW00003017", "attributes": ",,W,", "value": 21.0}, {"date": "2016-01-13T00:00:00", "datatype": "WSF5", "station": "GHCND:USW00003017", "attributes": ",,W,", "value": 23.9}, {"date": "2016-01-14T00:00:00", "datatype": "ADPT", "station": "GHCND:USW00003017", "attributes": ",,W,", "value": -106}, {"date": "2016-01-14T00:00:00", "datatype": "ASLP", "station": "GHCND:USW00003017", "attributes": ",,W,", "value": 10044}, {"date": "2016-01-14T00:00:00", "datatype": "ASTP", "station": "GHCND:USW00003017", "attributes": ",,W,", "value": 8232}, {"date": "2016-01-14T00:00:00", "datatype": "AWBT", "station": "GHCND:USW00003017", "attributes": ",,W,", "value": -22}, {"date": "2016-01-14T00:00:00", "datatype": "AWND", "station": "GHCND:USW00003017", "attributes": ",,W,", "value": 14.5}, {"date": "2016-01-14T00:00:00", "datatype": "PRCP", "station": "GHCND:USW00003017", "attributes": ",,W,2400", "value": 0.0}, {"date": "2016-01-14T00:00:00", "datatype": "RHAV", "station": "GHCND:USW00003017", "attributes": ",,W,", "value": 37}, {"date": "2016-01-14T00:00:00", "datatype": "RHMN", "station": "GHCND:USW00003017", "attributes": ",,W,", "value": 30}, {"date": "2016-01-14T00:00:00", "datatype": "RHMX", "station": "GHCND:USW00003017", "attributes": ",,W,", "value": 47}, {"date": "2016-01-14T00:00:00", "datatype": "SNOW", "station": "GHCND:USW00003017", "attributes": ",,W,", "value": 0.0}, {"date": "2016-01-14T00:00:00", "datatype": "SNWD", "station": "GHCND:USW00003017", "attributes": "T,,W,", "value": 0.0}, {"date": "2016-01-14T00:00:00", "datatype": "TAVG", "station": "GHCND:USW00003017", "attributes": "H,,S,", "value": 39.0}, {"date": "2016-01-14T00:00:00", "datatype": "TMAX", "station": "GHCND:USW00003017", "attributes": ",,W,2400", "value": 44.0}, {"date": "2016-01-14T00:00:00", "datatype": "TMIN", "station": "GHCND:USW00003017", "attributes": ",,W,2400", "value": 28.0}, {"date": "2016-01-14T00:00:00", "datatype": "WDF2", "station": "GHCND:USW00003017", "attributes": ",,W,", "value": 270}, {"date": "2016-01-14T00:00:00", "datatype": "WDF5", "station": "GHCND:USW00003017", "attributes": ",,W,", "value": 270}, {"date": "2016-01-14T00:00:00", "datatype": "WSF2", "station": "GHCND:USW00003017", "attributes": ",,W,", "value": 32.0}, {"date": "2016-01-14T00:00:00", "datatype": "WSF5", "station": "GHCND:USW00003017", "attributes": ",,W,", "value": 38.0}, {"date": "2016-01-15T00:00:00", "datatype": "ADPT", "station": "GHCND:USW00003017", "attributes": ",,W,", "value": -94}, {"date": "2016-01-15T00:00:00", "datatype": "ASLP", "station": "GHCND:USW00003017", "attributes": ",,W,", "value": 10091}, {"date": "2016-01-15T00:00:00", "datatype": "ASTP", "station": "GHCND:USW00003017", "attributes": ",,W,", "value": 8253}, {"date": "2016-01-15T00:00:00", "datatype": "AWBT", "station": "GHCND:USW00003017", "attributes": ",,W,", "value": -50}, {"date": "2016-01-15T00:00:00", "datatype": "AWND", "station": "GHCND:USW00003017", "attributes": ",,W,", "value": 10.1}, {"date": "2016-01-15T00:00:00", "datatype": "PRCP", "station": "GHCND:USW00003017", "attributes": ",,W,2400", "value": 0.01}, {"date": "2016-01-15T00:00:00", "datatype": "RHAV", "station": "GHCND:USW00003017", "attributes": ",,W,", "value": 62}, {"date": "2016-01-15T00:00:00", "datatype": "RHMN", "station": "GHCND:USW00003017", "attributes": ",,W,", "value": 40}, {"date": "2016-01-15T00:00:00", "datatype": "RHMX", "station": "GHCND:USW00003017", "attributes": ",,W,", "value": 88}, {"date": "2016-01-15T00:00:00", "datatype": "SNOW", "station": "GHCND:USW00003017", "attributes": "T,,W,", "value": 0.0}, {"date": "2016-01-15T00:00:00", "datatype": "SNWD", "station": "GHCND:USW00003017", "attributes": "T,,W,", "value": 0.0}, {"date": "2016-01-15T00:00:00", "datatype": "TAVG", "station": "GHCND:USW00003017", "attributes": "H,,S,", "value": 31.0}, {"date": "2016-01-15T00:00:00", "datatype": "TMAX", "station": "GHCND:USW00003017", "attributes": ",,W,2400", "value": 33.0}, {"date": "2016-01-15T00:00:00", "datatype": "TMIN", "station": "GHCND:USW00003017", "attributes": ",,W,2400", "value": 19.0}, {"date": "2016-01-15T00:00:00", "datatype": "WDF2", "station": "GHCND:USW00003017", "attributes": ",,W,", "value": 120}, {"date": "2016-01-15T00:00:00", "datatype": "WDF5", "station": "GHCND:USW00003017", "attributes": ",,W,", "value": 110}, {"date": "2016-01-15T00:00:00", "datatype": "WSF2", "station": "GHCND:USW00003017", "attributes": ",,W,", "value": 19.9}, {"date": "2016-01-15T00:00:00", "datatype": "WSF5", "station": "GHCND:USW00003017", "attributes": ",,W,", "value": 23.0}, {"date": "2016-01-15T00:00:00", "datatype": "WT01", "station": "GHCND:USW00003017", "attributes": ",,W,", "value": 1}, {"date": "2016-01-16T00:00:00", "datatype": "ADPT", "station": "GHCND:USW00003017", "attributes": ",,W,", "value": -106}, {"date": "2016-01-16T00:00:00", "datatype": "ASLP", "station": "GHCND:USW00003017", "attributes": ",,W,", "value": 10152}, {"date": "2016-01-16T00:00:00", "datatype": "ASTP", "station": "GHCND:USW00003017", "attributes": ",,W,", "value": 8286}, {"date": "2016-01-16T00:00:00", "datatype": "AWBT", "station": "GHCND:USW00003017", "attributes": ",,W,", "value": -67}, {"date": "2016-01-16T00:00:00", "datatype": "AWND", "station": "GHCND:USW00003017", "attributes": ",,W,", "value": 6.9}, {"date": "2016-01-16T00:00:00", "datatype": "PRCP", "station": "GHCND:USW00003017", "attributes": ",,W,2400", "value": 0.0}, {"date": "2016-01-16T00:00:00", "datatype": "RHAV", "station": "GHCND:USW00003017", "attributes": ",,W,", "value": 64}, {"date": "2016-01-16T00:00:00", "datatype": "RHMN", "station": "GHCND:USW00003017", "attributes": ",,W,", "value": 28}, {"date": "2016-01-16T00:00:00", "datatype": "RHMX", "station": "GHCND:USW00003017", "attributes": ",,W,", "value": 88}, {"date": "2016-01-16T00:00:00", "datatype": "SNOW", "station": "GHCND:USW00003017", "attributes": ",,W,", "value": 0.0}, {"date": "2016-01-16T00:00:00", "datatype": "SNWD", "station": "GHCND:USW00003017", "attributes": "T,,W,", "value": 0.0}, {"date": "2016-01-16T00:00:00", "datatype": "TAVG", "station": "GHCND:USW00003017", "attributes": "H,,S,", "value": 23.0}, {"date": "2016-01-16T00:00:00", "datatype": "TMAX", "station": "GHCND:USW00003017", "attributes": ",,W,2400", "value": 37.0}, {"date": "2016-01-16T00:00:00", "datatype": "TMIN", "station": "GHCND:USW00003017", "attributes": ",,W,2400", "value": 11.0}, {"date": "2016-01-16T00:00:00", "datatype": "WDF2", "station": "GHCND:USW00003017", "attributes": ",,W,", "value": 300}, {"date": "2016-01-16T00:00:00", "datatype": "WDF5", "station": "GHCND:USW00003017", "attributes": ",,W,", "value": 250}, {"date": "2016-01-16T00:00:00", "datatype": "WSF2", "station": "GHCND:USW00003017", "attributes": ",,W,", "value": 13.0}, {"date": "2016-01-16T00:00:00", "datatype": "WSF5", "station": "GHCND:USW00003017", "attributes": ",,W,", "value": 17.0}, {"date": "2016-01-17T00:00:00", "datatype": "ADPT", "station": "GHCND:USW00003017", "attributes": ",,W,", "value": -89}, {"date": "2016-01-17T00:00:00", "datatype": "ASLP", "station": "GHCND:USW00003017", "attributes": ",,W,", "value": 10179}, {"date": "2016-01-17T00:00:00", "datatype": "ASTP", "station": "GHCND:USW00003017", "attributes": ",,W,", "value": 8314}, {"date": "2016-01-17T00:00:00", "datatype": "AWBT", "station": "GHCND:USW00003017", "attributes": ",,W,", "value": -56}, {"date": "2016-01-17T00:00:00", "datatype": "AWND", "station": "GHCND:USW00003017", "attributes": ",,W,", "value": 6.0}, {"date": "2016-01-17T00:00:00", "datatype": "PRCP", "station": "GHCND:USW00003017", "attributes": ",,W,2400", "value": 0.0}, {"date": "2016-01-17T00:00:00", "datatype": "RHAV", "station": "GHCND:USW00003017", "attributes": ",,W,", "value": 70}, {"date": "2016-01-17T00:00:00", "datatype": "RHMN", "station": "GHCND:USW00003017", "attributes": ",,W,", "value": 47}, {"date": "2016-01-17T00:00:00", "datatype": "RHMX", "station": "GHCND:USW00003017", "attributes": ",,W,", "value": 88}, {"date": "2016-01-17T00:00:00", "datatype": "SNOW", "station": "GHCND:USW00003017", "attributes": ",,W,", "value": 0.0}, {"date": "2016-01-17T00:00:00", "datatype": "SNWD", "station": "GHCND:USW00003017", "attributes": "T,,W,", "value": 0.0}, {"date": "2016-01-17T00:00:00", "datatype": "TAVG", "station": "GHCND:USW00003017", "attributes": "H,,S,", "value": 24.0}, {"date": "2016-01-17T00:00:00", "datatype": "TMAX", "station": "GHCND:USW00003017", "attributes": ",,W,2400", "value": 38.0}, {"date": "2016-01-17T00:00:00", "datatype": "TMIN", "station": "GHCND:USW00003017", "attributes": ",,W,2400", "value": 12.0}, {"date": "2016-01-17T00:00:00", "datatype": "WDF2", "station": "GHCND:USW00003017", "attributes": ",,W,", "value": 160}, {"date": "2016-01-17T00:00:00", "datatype": "WDF5", "station": "GHCND:USW00003017", "attributes": ",,W,", "value": 290}, {"date": "2016-01-17T00:00:00", "datatype": "WSF2", "station": "GHCND:USW00003017", "attributes": ",,W,", "value": 14.1}, {"date": "2016-01-17T00:00:00", "datatype": "WSF5", "station": "GHCND:USW00003017", "attributes": ",,W,", "value": 16.1}, {"date": "2016-01-17T00:00:00", "datatype": "WT01", "station": "GHCND:USW00003017", "attributes": ",,W,", "value": 1}, {"date": "2016-01-17T00:00:00", "datatype": "WT02", "station": "GHCND:USW00003017", "attributes": ",,W,", "value": 1}, {"date": "2016-01-17T00:00:00", "datatype": "WT08", "station": "GHCND:USW00003017", "attributes": ",,W,", "value": 1}, {"date": "2016-01-18T00:00:00", "datatype": "ADPT", "station": "GHCND:USW00003017", "attributes": ",,W,", "value": -67}, {"date": "2016-01-18T00:00:00", "datatype": "ASLP", "station": "GHCND:USW00003017", "attributes": ",,W,", "value": 10139}, {"date": "2016-01-18T00:00:00", "datatype": "ASTP", "station": "GHCND:USW00003017", "attributes": ",,W,", "value": 8297}, {"date": "2016-01-18T00:00:00", "datatype": "AWBT", "station": "GHCND:USW00003017", "attributes": ",,W,", "value": -11}, {"date": "2016-01-18T00:00:00", "datatype": "AWND", "station": "GHCND:USW00003017", "attributes": ",,W,", "value": 6.7}, {"date": "2016-01-18T00:00:00", "datatype": "PRCP", "station": "GHCND:USW00003017", "attributes": ",,W,2400", "value": 0.0}, {"date": "2016-01-18T00:00:00", "datatype": "RHAV", "station": "GHCND:USW00003017", "attributes": ",,W,", "value": 52}, {"date": "2016-01-18T00:00:00", "datatype": "RHMN", "station": "GHCND:USW00003017", "attributes": ",,W,", "value": 28}, {"date": "2016-01-18T00:00:00", "datatype": "RHMX", "station": "GHCND:USW00003017", "attributes": ",,W,", "value": 67}, {"date": "2016-01-18T00:00:00", "datatype": "SNOW", "station": "GHCND:USW00003017", "attributes": ",,W,", "value": 0.0}, {"date": "2016-01-18T00:00:00", "datatype": "SNWD", "station": "GHCND:USW00003017", "attributes": "T,,W,", "value": 0.0}, {"date": "2016-01-18T00:00:00", "datatype": "TAVG", "station": "GHCND:USW00003017", "attributes": "H,,S,", "value": 33.0}, {"date": "2016-01-18T00:00:00", "datatype": "TMAX", "station": "GHCND:USW00003017", "attributes": ",,W,2400", "value": 51.0}, {"date": "2016-01-18T00:00:00", "datatype": "TMIN", "station": "GHCND:USW00003017", "attributes": ",,W,2400", "value": 22.0}, {"date": "2016-01-18T00:00:00", "datatype": "WDF2", "station": "GHCND:USW00003017", "attributes": ",,W,", "value": 200}, {"date": "2016-01-18T00:00:00", "datatype": "WDF5", "station": "GHCND:USW00003017", "attributes": ",,W,", "value": 200}, {"date": "2016-01-18T00:00:00", "datatype": "WSF2", "station": "GHCND:USW00003017", "attributes": ",,W,", "value": 15.0}, {"date": "2016-01-18T00:00:00", "datatype": "WSF5", "station": "GHCND:USW00003017", "attributes": ",,W,", "value": 16.1}, {"date": "2016-01-19T00:00:00", "datatype": "ADPT", "station": "GHCND:USW00003017", "attributes": ",,W,", "value": -39}, {"date": "2016-01-19T00:00:00", "datatype": "ASLP", "station": "GHCND:USW00003017", "attributes": ",,W,", "value": 10176}, {"date": "2016-01-19T00:00:00", "datatype": "ASTP", "station": "GHCND:USW00003017", "attributes": ",,W,", "value": 8334}, {"date": "2016-01-19T00:00:00", "datatype": "AWBT", "station": "GHCND:USW00003017", "attributes": ",,W,", "value": -11}, {"date": "2016-01-19T00:00:00", "datatype": "AWND", "station": "GHCND:USW00003017", "attributes": ",,W,", "value": 8.9}, {"date": "2016-01-19T00:00:00", "datatype": "PRCP", "station": "GHCND:USW00003017", "attributes": ",,W,2400", "value": 0.01}, {"date": "2016-01-19T00:00:00", "datatype": "RHAV", "station": "GHCND:USW00003017", "attributes": ",,W,", "value": 70}, {"date": "2016-01-19T00:00:00", "datatype": "RHMN", "station": "GHCND:USW00003017", "attributes": ",,W,", "value": 45}, {"date": "2016-01-19T00:00:00", "datatype": "RHMX", "station": "GHCND:USW00003017", "attributes": ",,W,", "value": 89}, {"date": "2016-01-19T00:00:00", "datatype": "SNOW", "station": "GHCND:USW00003017", "attributes": ",,W,", "value": 0.1}, {"date": "2016-01-19T00:00:00", "datatype": "SNWD", "station": "GHCND:USW00003017", "attributes": "T,,W,", "value": 0.0}, {"date": "2016-01-19T00:00:00", "datatype": "TAVG", "station": "GHCND:USW00003017", "attributes": "H,,S,", "value": 38.0}, {"date": "2016-01-19T00:00:00", "datatype": "TMAX", "station": "GHCND:USW00003017", "attributes": ",,W,2400", "value": 40.0}, {"date": "2016-01-19T00:00:00", "datatype": "TMIN", "station": "GHCND:USW00003017", "attributes": ",,W,2400", "value": 26.0}, {"date": "2016-01-19T00:00:00", "datatype": "WDF2", "station": "GHCND:USW00003017", "attributes": ",,W,", "value": 20}, {"date": "2016-01-19T00:00:00", "datatype": "WDF5", "station": "GHCND:USW00003017", "attributes": ",,W,", "value": 20}, {"date": "2016-01-19T00:00:00", "datatype": "WSF2", "station": "GHCND:USW00003017", "attributes": ",,W,", "value": 28.0}, {"date": "2016-01-19T00:00:00", "datatype": "WSF5", "station": "GHCND:USW00003017", "attributes": ",,W,", "value": 33.1}, {"date": "2016-01-19T00:00:00", "datatype": "WT01", "station": "GHCND:USW00003017", "attributes": ",,W,", "value": 1}, {"date": "2016-01-20T00:00:00", "datatype": "ADPT", "station": "GHCND:USW00003017", "attributes": ",,W,", "value": -72}, {"date": "2016-01-20T00:00:00", "datatype": "ASLP", "station": "GHCND:USW00003017", "attributes": ",,W,", "value": 10119}, {"date": "2016-01-20T00:00:00", "datatype": "ASTP", "station": "GHCND:USW00003017", "attributes": ",,W,", "value": 8290}, {"date": "2016-01-20T00:00:00", "datatype": "AWBT", "station": "GHCND:USW00003017", "attributes": ",,W,", "value": -11}, {"date": "2016-01-20T00:00:00", "datatype": "AWND", "station": "GHCND:USW00003017", "attributes": ",,W,", "value": 9.6}, {"date": "2016-01-20T00:00:00", "datatype": "PRCP", "station": "GHCND:USW00003017", "attributes": ",,W,2400", "value": 0.0}, {"date": "2016-01-20T00:00:00", "datatype": "RHAV", "station": "GHCND:USW00003017", "attributes": ",,W,", "value": 48}, {"date": "2016-01-20T00:00:00", "datatype": "RHMN", "station": "GHCND:USW00003017", "attributes": ",,W,", "value": 27}, {"date": "2016-01-20T00:00:00", "datatype": "RHMX", "station": "GHCND:USW00003017", "attributes": ",,W,", "value": 72}, {"date": "2016-01-20T00:00:00", "datatype": "SNOW", "station": "GHCND:USW00003017", "attributes": ",,W,", "value": 0.0}, {"date": "2016-01-20T00:00:00", "datatype": "SNWD", "station": "GHCND:USW00003017", "attributes": "T,,W,", "value": 0.0}, {"date": "2016-01-20T00:00:00", "datatype": "TAVG", "station": "GHCND:USW00003017", "attributes": "H,,S,", "value": 36.0}, {"date": "2016-01-20T00:00:00", "datatype": "TMAX", "station": "GHCND:USW00003017", "attributes": ",,W,2400", "value": 49.0}, {"date": "2016-01-20T00:00:00", "datatype": "TMIN", "station": "GHCND:USW00003017", "attributes": ",,W,2400", "value": 25.0}, {"date": "2016-01-20T00:00:00", "datatype": "WDF2", "station": "GHCND:USW00003017", "attributes": ",,W,", "value": 340}, {"date": "2016-01-20T00:00:00", "datatype": "WDF5", "station": "GHCND:USW00003017", "attributes": ",,W,", "value": 340}, {"date": "2016-01-20T00:00:00", "datatype": "WSF2", "station": "GHCND:USW00003017", "attributes": ",,W,", "value": 21.0}, {"date": "2016-01-20T00:00:00", "datatype": "WSF5", "station": "GHCND:USW00003017", "attributes": ",,W,", "value": 25.9}, {"date": "2016-01-21T00:00:00", "datatype": "ADPT", "station": "GHCND:USW00003017", "attributes": ",,W,", "value": -83}, {"date": "2016-01-21T00:00:00", "datatype": "ASLP", "station": "GHCND:USW00003017", "attributes": ",,W,", "value": 10251}, {"date": "2016-01-21T00:00:00", "datatype": "ASTP", "station": "GHCND:USW00003017", "attributes": ",,W,", "value": 8391}, {"date": "2016-01-21T00:00:00", "datatype": "AWBT", "station": "GHCND:USW00003017", "attributes": ",,W,", "value": -33}, {"date": "2016-01-21T00:00:00", "datatype": "AWND", "station": "GHCND:USW00003017", "attributes": ",,W,", "value": 7.6}, {"date": "2016-01-21T00:00:00", "datatype": "PRCP", "station": "GHCND:USW00003017", "attributes": ",,W,2400", "value": 0.0}, {"date": "2016-01-21T00:00:00", "datatype": "RHAV", "station": "GHCND:USW00003017", "attributes": ",,W,", "value": 58}, {"date": "2016-01-21T00:00:00", "datatype": "RHMN", "station": "GHCND:USW00003017", "attributes": ",,W,", "value": 38}, {"date": "2016-01-21T00:00:00", "datatype": "RHMX", "station": "GHCND:USW00003017", "attributes": ",,W,", "value": 78}, {"date": "2016-01-21T00:00:00", "datatype": "SNOW", "station": "GHCND:USW00003017", "attributes": ",,W,", "value": 0.0}, {"date": "2016-01-21T00:00:00", "datatype": "SNWD", "station": "GHCND:USW00003017", "attributes": "T,,W,", "value": 0.0}, {"date": "2016-01-21T00:00:00", "datatype": "TAVG", "station": "GHCND:USW00003017", "attributes": "H,,S,", "value": 34.0}, {"date": "2016-01-21T00:00:00", "datatype": "TMAX", "station": "GHCND:USW00003017", "attributes": ",,W,2400", "value": 40.0}, {"date": "2016-01-21T00:00:00", "datatype": "TMIN", "station": "GHCND:USW00003017", "attributes": ",,W,2400", "value": 21.0}, {"date": "2016-01-21T00:00:00", "datatype": "WDF2", "station": "GHCND:USW00003017", "attributes": ",,W,", "value": 330}, {"date": "2016-01-21T00:00:00", "datatype": "WDF5", "station": "GHCND:USW00003017", "attributes": ",,W,", "value": 340}, {"date": "2016-01-21T00:00:00", "datatype": "WSF2", "station": "GHCND:USW00003017", "attributes": ",,W,", "value": 16.1}, {"date": "2016-01-21T00:00:00", "datatype": "WSF5", "station": "GHCND:USW00003017", "attributes": ",,W,", "value": 19.0}]}