{"metadata": {"resultset": {"offset": 1, "count": 526, "limit": 1000}}, "results": [{"date": "2012-12-15T00:00:00", "datatype": "ADPT", "station": "GHCND:USW00003017", "attributes": ",,W,", "value": -67}, {"date": "2012-12-15T00:00:00", "datatype": "ASLP", "station": "GHCND:USW00003017", "attributes": ",,W,", "value": 10044}, {"date": "2012-12-15T00:00:00", "datatype": "ASTP", "station": "GHCND:USW00003017", "attributes": ",,W,", "value": 8226}, {"date": "2012-12-15T00:00:00", "datatype": "AWBT", "station": "GHCND:USW00003017", "attributes": ",,W,", "value": -17}, {"date": "2012-12-15T00:00:00", "datatype": "AWND", "station": "GHCND:USW00003017", "attributes": ",,X,", "value": 7.4}, {"date": "2012-12-15T00:00:00", "datatype": "PRCP", "station": "GHCND:USW00003017", "attributes": ",,X,2400", "value": 0.0}, {"date": "2012-12-15T00:00:00", "datatype": "RHAV", "station": "GHCND:USW00003017", "attributes": ",,W,", "value": 55}, {"date": "2012-12-15T00:00:00", "datatype": "RHMN", "station": "GHCND:USW00003017", "attributes": ",,W,", "value": 30}, {"date": "2012-12-15T00:00:00", "datatype": "RHMX", "station": "GHCND:USW00003017", "attributes": ",,W,", "value": 88}, {"date": "2012-12-15T00:00:00", "datatype": "SNOW", "station": "GHCND:USW00003017", "attributes": ",,X,", "value": 0.0}, {"date": "2012-12-15T00:00:00", "datatype": "SNWD", "station": "GHCND:USW00003017", "attributes": ",,X,", "value": 0.0}, {"date": "2012-12-15T00:00:00", "datatype": "TMAX", "station": "GHCND:USW00003017", "attributes": ",,X,2400", "value": 47.0}, {"date": "2012-12-15T00:00:00", "datatype": "TMIN", "station": "GHCND:USW00003017", "attributes": ",,X,2400", "value": 25.0}, {"date": "2012-12-15T00:00:00", "datatype": "WDF2", "station": "GHCND:USW00003017", "attributes": ",,X,", "value": 140}, {"date": "2012-12-15T00:00:00", "datatype": "WDF5", "station": "GHCND:USW00003017", "attributes": ",,X,", "value": 150}, {"date": "2012-12-15T00:00:00", "datatype": "WSF2", "station": "GHCND:USW00003017", "attributes": ",,X,", "value": 16.1}, {"date": "2012-12-15T00:00:00", "datatype": "WSF5", "station": "GHCND:USW00003017", "attributes": ",,X,", "value": 19.9}, {"date": "2012-12-15T00:00:00", "datatype": "WT02", "station": "GHCND:USW00003017", "attributes": ",,X,", "value": 1}, {"date": "2012-12-15T00:00:00", "datatype": "WT13", "station": "GHCND:USW00003017", "attributes": ",,X,", "value": 1}, {"date": "2012-12-15T00:00:00", "datatype": "WT22", "station": "GHCND:USW00003017", "attributes": ",,X,", "value": 1}, {"date": "2012-12-16T00:00:00", "datatype": "ADPT", "station": "GHCND:USW00003017", "attributes": ",,W,", "value": -78}, {"date": "2012-12-16T00:00:00", "datatype": "ASLP", "station": "GHCND:USW00003017", "attributes": ",,W,", "value": 10064}, {"date": "2012-12-16T00:00:00", "datatype": "ASTP", "station": "GHCND:USW00003017", "attributes": ",,W,", "value": 8236}, {"date": "2012-12-16T00:00:00", "datatype": "AWBT", "station": "GHCND:USW00003017", "attributes": ",,W,", "value": -33}, {"date": "2012-12-16T00:00:00", "datatype": "AWND", "station": "GHCND:USW00003017", "attributes": ",,X,", "value": 7.8}, {"date": "2012-12-16T00:00:00", "datatype": "PRCP", "station": "GHCND:USW00003017", "attributes": ",,X,2400", "value": 0.0}, {"date": "2012-12-16T00:00:00", "datatype": "RHAV", "station": "GHCND:USW00003017", "attributes": ",,W,", "value": 60}, {"date": "2012-12-16T00:00:00", "datatype": "RHMN", "station": "GHCND:USW00003017", "attributes": ",,W,", "value": 32}, {"date": "2012-12-16T00:00:00", "datatype": "RHMX", "station": "GHCND:USW00003017", "attributes": ",,W,", "value": 89}, {"date": "2012-12-16T00:00:00", "datatype": "SNOW", "station": "GHCND:USW00003017", "attributes": ",,X,", "value": 0.0}, {"date": "2012-12-16T00:00:00", "datatype": "SNWD", "station": "GHCND:USW00003017", "attributes": ",,X,", "value": 0.0}, {"date": "2012-12-16T00:00:00", "datatype": "TMAX", "station": "GHCND:USW00003017", "attributes": ",,X,2400", "value": 41.0}, {"date": "2012-12-16T00:00:00", "datatype": "TMIN", "station": "GHCND:USW00003017", "attributes": ",,X,2400", "value": 23.0}, {"date": "2012-12-16T00:00:00", "datatype": "WDF2", "station": "GHCND:USW00003017", "attributes": ",,X,", "value": 260}, {"date": "2012-12-16T00:00:00", "datatype": "WDF5", "station": "GHCND:USW00003017", "attributes": ",,X,", "value": 260}, {"date": "2012-12-16T00:00:00", "datatype": "WSF2", "station": "GHCND:USW00003017", "attributes": ",,X,", "value": 19.9}, {"date": "2012-12-16T00:00:00", "datatype": "WSF5", "station": "GHCND:USW00003017", "attributes": ",,X,", "value": 23.0}, {"date": "2012-12-16T00:00:00", "datatype": "WT02", "station": "GHCND:USW00003017", "attributes": ",,X,", "value": 1}, {"date": "2012-12-16T00:00:00", "datatype": "WT13", "station": "GHCND:USW00003017", "attributes": ",,X,", "value": 1}, {"date": "2012-12-16T00:00:00", "datatype": "WT22", "station": "GHCND:USW00003017", "attributes": ",,X,", "value": 1}, {"date": "2012-12-17T00:00:00", "datatype": "ADPT", "station": "GHCND:USW00003017", "attributes": ",,W,", "value": -122}, {"date": "2012-12-17T00:00:00", "datatype": "ASLP", "station": "GHCND:USW00003017", "attributes": ",,W,", "value": 10027}, {"date": "2012-12-17T00:00:00", "datatype": "ASTP", "station": "GHCND:USW00003017", "attributes": ",,W,", "value": 8209}, {"date": "2012-12-17T00:00:00", "datatype": "AWBT", "station": "GHCND:USW00003017", "attributes": ",,W,", "value": -22}, {"date": "2012-12-17T00:00:00", "datatype": "AWND", "station": "GHCND:USW00003017", "attributes": ",,X,", "value": 14.8}, {"date": "2012-12-17T00:00:00", "datatype": "PRCP", "station": "GHCND:USW00003017", "attributes": ",,X,2400", "value": 0.0}, {"date": "2012-12-17T00:00:00", "datatype": "RHAV", "station": "GHCND:USW00003017", "attributes": ",,W,", "value": 33}, {"date": "2012-12-17T00:00:00", "datatype": "RHMN", "station": "GHCND:USW00003017", "attributes": ",,W,", "value": 22}, {"date": "2012-12-17T00:00:00", "datatype": "RHMX", "station": "GHCND:USW00003017", "attributes": ",,W,", "value": 48}, {"date": "2012-12-17T00:00:00", "datatype": "SNOW", "station": "GHCND:USW00003017", "attributes": ",,X,", "value": 0.0}, {"date": "2012-12-17T00:00:00", "datatype": "SNWD", "station": "GHCND:USW00003017", "attributes": ",,X,", "value": 0.0}, {"date": "2012-12-17T00:00:00", "datatype": "TMAX", "station": "GHCND:USW00003017", "attributes": ",,X,2400", "value": 51.0}, {"date": "2012-12-17T00:00:00", "datatype": "TMIN", "station": "GHCND:USW00003017", "attributes": ",,X,2400", "value": 22.0}, {"date": "2012-12-17T00:00:00", "datatype": "WDF2", "station": "GHCND:USW00003017", "attributes": ",,X,", "value": 280}, {"date": "2012-12-17T00:00:00", "datatype": "WDF5", "station": "GHCND:USW00003017", "attributes": ",,X,", "value": 280}, {"date": "2012-12-17T00:00:00", "datatype": "WSF2", "station": "GHCND:USW00003017", "attributes": ",,X,", "value": 33.1}, {"date": "2012-12-17T00:00:00", "datatype": "WSF5", "station": "GHCND:USW00003017", "attributes": ",,X,", "value": 40.9}, {"date": "2012-12-18T00:00:00", "datatype": "ADPT", "station": "GHCND:USW00003017", "attributes": ",,W,", "value": -78}, {"date": "2012-12-18T00:00:00", "datatype": "ASLP", "station": "GHCND:USW00003017", "attributes": ",,W,", "value": 10051}, {"date": "2012-12-18T00:00:00", "datatype": "ASTP", "station": "GHCND:USW00003017", "attributes": ",,W,", "value": 8226}, {"date": "2012-12-18T00:00:00", "datatype": "AWBT", "station": "GHCND:USW00003017", "attributes": ",,W,", "value": -22}, {"date": "2012-12-18T00:00:00", "datatype": "AWND", "station": "GHCND:USW00003017", "attributes": ",,X,", "value": 9.6}, {"date": "2012-12-18T00:00:00", "datatype": "PRCP", "station": "GHCND:USW00003017", "attributes": "T,,X,2400", "value": 0.0}, {"date": "2012-12-18T00:00:00", "datatype": "RHAV", "station": "GHCND:USW00003017", "attributes": ",,W,", "value": 56}, {"date": "2012-12-18T00:00:00", "datatype": "RHMN", "station": "GHCND:USW00003017", "attributes": ",,W,", "value": 35}, {"date": "2012-12-18T00:00:00", "datatype": "RHMX", "station": "GHCND:USW00003017", "attributes": ",,W,", "value": 78}, {"date": "2012-12-18T00:00:00", "datatype": "SNOW", "station": "GHCND:USW00003017", "attributes": "T,,X,", "value": 0.0}, {"date": "2012-12-18T00:00:00", "datatype": "SNWD", "station": "GHCND:USW00003017", "attributes": ",,X,", "value": 0.0}, {"date": "2012-12-18T00:00:00", "datatype": "TMAX", "station": "GHCND:USW00003017", "attributes": ",,X,2400", "value": 44.0}, {"date": "2012-12-18T00:00:00", "datatype": "TMIN", "station": "GHCND:USW00003017", "attributes": ",,X,2400", "value": 23.0}, {"date": "2012-12-18T00:00:00", "datatype": "WDF2", "station": "GHCND:USW00003017", "attributes": ",,X,", "value": 110}, {"date": "2012-12-18T00:00:00", "datatype": "WDF5", "station": "GHCND:USW00003017", "attributes": ",,X,", "value": 100}, {"date": "2012-12-18T00:00:00", "datatype": "WSF2", "station": "GHCND:USW00003017", "attributes": ",,X,", "value": 23.0}, {"date": "2012-12-18T00:00:00", "datatype": "WSF5", "station": "GHCND:USW00003017", "attributes": ",,X,", "value": 25.9}, {"date": "2012-12-18T00:00:00", "datatype": "WT18", "station": "GHCND:USW00003017", "attributes": ",,X,", "value": 1}, {"date": "2012-12-19T00:00:00", "datatype": "ADPT", "station": "GHCND:USW00003017", "attributes": ",,W,", "value": -128}, {"date": "2012-12-19T00:00:00", "datatype": "ASLP", "station": "GHCND:USW00003017", "attributes": ",,W,", "value": 10142}, {"date": "2012-12-19T00:00:00", "datatype": "ASTP", "station": "GHCND:USW00003017", "attributes": ",,W,", "value": 8280}, {"date": "2012-12-19T00:00:00", "datatype": "AWBT", "station": "GHCND:USW00003017", "attributes": ",,W,", "value": -89}, {"date": "2012-12-19T00:00:00", "datatype": "AWND", "station": "GHCND:USW00003017", "attributes": ",,X,", "value": 17.2}, {"date": "2012-12-19T00:00:00", "datatype": "PRCP", "station": "GHCND:USW00003017", "attributes": ",,X,2400", "value": 0.02}, {"date": "2012-12-19T00:00:00", "datatype": "RHAV", "station": "GHCND:USW00003017", "attributes": ",,W,", "value": 69}, {"date": "2012-12-19T00:00:00", "datatype": "RHMN", "station": "GHCND:USW00003017", "attributes": ",,W,", "value": 43}, {"date": "2012-12-19T00:00:00", "datatype": "RHMX", "station": "GHCND:USW00003017", "attributes": ",,W,", "value": 89}, {"date": "2012-12-19T00:00:00", "datatype": "SNOW", "station": "GHCND:USW00003017", "attributes": ",,X,", "value": 1.7}, {"date": "2012-12-19T00:00:00", "datatype": "SNWD", "station": "GHCND:USW00003017", "attributes": ",,X,", "value": 0.0}, {"date": "2012-12-19T00:00:00", "datatype": "TMAX", "station": "GHCND:USW00003017", "attributes": ",,X,2400", "value": 24.0}, {"date": "2012-12-19T00:00:00", "datatype": "TMIN", "station": "GHCND:USW00003017", "attributes": ",,X,2400", "value": 7.0}, {"date": "2012-12-19T00:00:00", "datatype": "WDF2", "station": "GHCND:USW00003017", "attributes": ",,X,", "value": 350}, {"date": "2012-12-19T00:00:00", "datatype": "WDF5", "station": "GHCND:USW00003017", "attributes": ",,X,", "value": 350}, {"date": "2012-12-19T00:00:00", "datatype": "WSF2", "station": "GHCND:USW00003017", "attributes": ",,X,", "value": 34.9}, {"date": "2012-12-19T00:00:00", "datatype": "WSF5", "station": "GHCND:USW00003017", "attributes": ",,X,", "value": 40.0}, {"date": "2012-12-19T00:00:00", "datatype": "WT02", "station": "GHCND:USW00003017", "attributes": ",,X,", "value": 1}, {"date": "2012-12-19T00:00:00", "datatype": "WT09", "station": "GHCND:USW00003017", "attributes": ",,X,", "value": 1}, {"date": "2012-12-19T00:00:00", "datatype": "WT18", "station": "GHCND:USW00003017", "attributes": ",,X,", "value": 1}, {"date": "2012-12-19T00:00:00", "datatype": "WT22", "station": "GHCND:USW00003017", "attributes": ",,X,", "value": 1}, {"date": "2012-12-20T00:00:00", "datatype": "ADPT", "station": "GHCND:USW00003017", "attributes": ",,W,", "value": -167}, {"date": "2012-12-20T00:00:00", "datatype": "ASLP", "station": "GHCND:USW00003017", "attributes": ",,W,", "value": 10240}, {"date": "2012-12-20T00:00:00", "datatype": "ASTP", "station": "GHCND:USW00003017", "attributes": ",,W,", "value": 8358}, {"date": "2012-12-20T00:00:00", "datatype": "AWBT", "station": "GHCND:USW00003017", "attributes": ",,W,", "value": -61}, {"date": "2012-12-20T00:00:00", "datatype": "AWND", "station": "GHCND:USW00003017", "attributes": ",,X,", "value": 13.0}, {"date": "2012-12-20T00:00:00", "datatype": "PRCP", "station": "GHCND:USW00003017", "attributes": ",,X,2400", "value": 0.0}, {"date": "2012-12-20T00:00:00", "datatype": "RHAV", "station": "GHCND:USW00003017", "attributes": ",,W,", "value": 32}, {"date": "2012-12-20T00:00:00", "datatype": "RHMN", "station": "GHCND:USW00003017", "attributes": ",,W,", "value": 18}, {"date": "2012-12-20T00:00:00", "datatype": "RHMX", "station": "GHCND:USW00003017", "attributes": ",,W,", "value": 48}, {"date": "2012-12-20T00:00:00", "datatype": "SNOW", "station": "GHCND:USW00003017", "attributes": ",,X,", "value": 0.0}, {"date": "2012-12-20T00:00:00", "datatype": "SNWD", "station": "GHCND:USW00003017", "attributes": ",,X,", "value": 1.0}, {"date": "2012-12-20T00:00:00", "datatype": "TMAX", "station": "GHCND:USW00003017", "attributes": ",,X,2400", "value": 47.0}, {"date": "2012-12-20T00:00:00", "datatype": "TMIN", "station": "GHCND:USW00003017", "attributes": ",,X,2400", "value": 9.0}, {"date": "2012-12-20T00:00:00", "datatype": "WDF2", "station": "GHCND:USW00003017", "attributes": ",,X,", "value": 270}, {"date": "2012-12-20T00:00:00", "datatype": "WDF5", "station": "GHCND:USW00003017", "attributes": ",,X,", "value": 200}, {"date": "2012-12-20T00:00:00", "datatype": "WSF2", "station": "GHCND:USW00003017", "attributes": ",,X,", "value": 21.0}, {"date": "2012-12-20T00:00:00", "datatype": "WSF5", "station": "GHCND:USW00003017", "attributes": ",,X,", "value": 23.9}, {"date": "2012-12-21T00:00:00", "datatype": "ADPT", "station": "GHCND:USW00003017", "attributes": ",,W,", "value": -139}, {"date": "2012-12-21T00:00:00", "datatype": "ASLP", "station": "GHCND:USW00003017", "attributes": ",,W,", "value": 10193}, {"date": "2012-12-21T00:00:00", "datatype": "ASTP", "station": "GHCND:USW00003017", "attributes": ",,W,", "value": 8347}, {"date": "2012-12-21T00:00:00", "datatype": "AWBT", "station": "GHCND:USW00003017", "attributes": ",,W,", "value": -28}, {"date": "2012-12-21T00:00:00", "datatype": "AWND", "station": "GHCND:USW00003017", "attributes": ",,X,", "value": 13.0}, {"date": "2012-12-21T00:00:00", "datatype": "PRCP", "station": "GHCND:USW00003017", "attributes": ",,X,2400", "value": 0.0}, {"date": "2012-12-21T00:00:00", "datatype": "RHAV", "station": "GHCND:USW00003017", "attributes": ",,W,", "value": 30}, {"date": "2012-12-21T00:00:00", "datatype": "RHMN", "station": "GHCND:USW00003017", "attributes": ",,W,", "value": 14}, {"date": "2012-12-21T00:00:00", "datatype": "RHMX", "station": "GHCND:USW00003017", "attributes": ",,W,", "value": 54}, {"date": "2012-12-21T00:00:00", "datatype": "SNOW", "station": "GHCND:USW00003017", "attributes": ",,X,", "value": 0.0}, {"date": "2012-12-21T00:00:00", "datatype": "SNWD", "station": "GHCND:USW00003017", "attributes": "T,,X,", "value": 0.0}, {"date": "2012-12-21T00:00:00", "datatype": "TMAX", "station": "GHCND:USW00003017", "attributes": ",,X,2400", "value": 51.0}, {"date": "2012-12-21T00:00:00", "datatype": "TMIN", "station": "GHCND:USW00003017", "attributes": ",,Z,2400", "value": 26.0}, {"date": "2012-12-21T00:00:00", "datatype": "WDF2", "station": "GHCND:USW00003017", "attributes": ",,X,", "value": 200}, {"date": "2012-12-21T00:00:00", "datatype": "WDF5", "station": "GHCND:USW00003017", "attributes": ",,X,", "value": 220}, {"date": "2012-12-21T00:00:00", "datatype": "WSF2", "station": "GHCND:USW00003017", "attributes": ",,X,", "value": 21.9}, {"date": "2012-12-21T00:00:00", "datatype": "WSF5", "station": "GHCND:USW00003017", "attributes": ",,X,", "value": 25.1}, {"date": "2012-12-22T00:00:00", "datatype": "ADPT", "station": "GHCND:USW00003017", "attributes": ",,W,", "value": -139}, {"date": "2012-12-22T00:00:00", "datatype": "ASLP", "station": "GHCND:USW00003017", "attributes": ",,W,", "value": 10146}, {"date": "2012-12-22T00:00:00", "datatype": "ASTP", "station": "GHCND:USW00003017", "attributes": ",,W,", "value": 8310}, {"date": "2012-12-22T00:00:00", "datatype": "AWBT", "station": "GHCND:USW00003017", "attributes": ",,W,", "value": -28}, {"date": "2012-12-22T00:00:00", "datatype": "AWND", "station": "GHCND:USW00003017", "attributes": ",,X,", "value": 10.1}, {"date": "2012-12-22T00:00:00", "datatype": "PRCP", "station": "GHCND:USW00003017", "attributes": ",,X,2400", "value": 0.0}, {"date": "2012-12-22T00:00:00", "datatype": "RHAV", "station": "GHCND:USW00003017", "attributes": ",,W,", "value": 29}, {"date": "2012-12-22T00:00:00", "datatype": "RHMN", "station": "GHCND:USW00003017", "attributes": ",,W,", "value": 16}, {"date": "2012-12-22T00:00:00", "datatype": "RHMX", "station": "GHCND:USW00003017", "attributes": ",,W,", "value": 43}, {"date": "2012-12-22T00:00:00", "datatype": "SNOW", "station": "GHCND:USW00003017", "attributes": ",,X,", "value": 0.0}, {"date": "2012-12-22T00:00:00", "datatype": "SNWD", "station": "GHCND:USW00003017", "attributes": ",,X,", "value": 0.0}, {"date": "2012-12-22T00:00:00", "datatype": "TMAX", "station": "GHCND:USW00003017", "attributes": ",,X,2400", "value": 51.0}, {"date": "2012-12-22T00:00:00", "datatype": "TMIN", "station": "GHCND:USW00003017", "attributes": ",,Z,2400", "value": 29.0}, {"date": "2012-12-22T00:00:00", "datatype": "WDF2", "station": "GHCND:USW00003017", "attributes": ",,X,", "value": 210}, {"date": "2012-12-22T00:00:00", "datatype": "WDF5", "station": "GHCND:USW00003017", "attributes": ",,X,", "value": 210}, {"date": "2012-12-22T00:00:00", "datatype": "WSF2", "station": "GHCND:USW00003017", "attributes": ",,X,", "value": 17.9}, {"date": "2012-12-22T00:00:00", "datatype": "WSF5", "station": "GHCND:USW00003017", "attributes": ",,X,", "value": 21.0}, {"date": "2012-12-23T00:00:00", "datatype": "ADPT", "station": "GHCND:USW00003017", "attributes": ",,W,", "value": -139}, {"date": "2012-12-23T00:00:00", "datatype": "ASLP", "station": "GHCND:USW00003017", "attributes": ",,W,", "value": 10112}, {"date": "2012-12-23T00:00:00", "datatype": "ASTP", "station": "GHCND:USW00003017", "attributes": ",,W,", "value": 8286}, {"date": "2012-12-23T00:00:00", "datatype": "AWBT", "station": "GHCND:USW00003017", "attributes": ",,W,", "value": -22}, {"date": "2012-12-23T00:00:00", "datatype": "AWND", "station": "GHCND:USW00003017", "attributes": ",,X,", "value": 12.1}, {"date": "2012-12-23T00:00:00", "datatype": "PRCP", "station": "GHCND:USW00003017", "attributes": ",,X,2400", "value": 0.0}, {"date": "2012-12-23T00:00:00", "datatype": "RHAV", "station": "GHCND:USW00003017", "attributes": ",,W,", "value": 34}, {"date": "2012-12-23T00:00:00", "datatype": "RHMN", "station": "GHCND:USW00003017", "attributes": ",,W,", "value": 14}, {"date": "2012-12-23T00:00:00", "datatype": "RHMX", "station": "GHCND:USW00003017", "attributes": ",,W,", "value": 63}, {"date": "2012-12-23T00:00:00", "datatype": "SNOW", "station": "GHCND:USW00003017", "attributes": ",,X,", "value": 0.0}, {"date": "2012-12-23T00:00:00", "datatype": "SNWD", "station": "GHCND:USW00003017", "attributes": ",,X,", "value": 0.0}, {"date": "2012-12-23T00:00:00", "datatype": "TMAX", "station": "GHCND:USW00003017", "attributes": ",,X,2400", "value": 54.0}, {"date": "2012-12-23T00:00:00", "datatype": "TMIN", "station": "GHCND:USW00003017", "attributes": ",,X,2400", "value": 26.0}, {"date": "2012-12-23T00:00:00", "datatype": "WDF2", "station": "GHCND:USW00003017", "attributes": ",,X,", "value": 300}, {"date": "2012-12-23T00:00:00", "datatype": "WDF5", "station": "GHCND:USW00003017", "attributes": ",,X,", "value": 310}, {"date": "2012-12-23T00:00:00", "datatype": "WSF2", "station": "GHCND:USW00003017", "attributes": ",,X,", "value": 21.9}, {"date": "2012-12-23T00:00:00", "datatype": "WSF5", "station": "GHCND:USW00003017", "attributes": ",,X,", "value": 28.0}, {"date": "2012-12-24T00:00:00", "datatype": "ADPT", "station": "GHCND:USW00003017", "attributes": ",,W,", "value": -94}, {"date": "2012-12-24T00:00:00", "datatype": "ASLP", "station": "GHCND:USW00003017", "attributes": ",,W,", "value": 10098}, {"date": "2012-12-24T00:00:00", "datatype": "ASTP", "station": "GHCND:USW00003017", "attributes": ",,W,", "value": 8253}, {"date": "2012-12-24T00:00:00", "datatype": "AWBT", "station": "GHCND:USW00003017", "attributes": ",,W,", "value": -56}, {"date": "2012-12-24T00:00:00", "datatype": "AWND", "station": "GHCND:USW00003017", "attributes": ",,X,", "value": 9.6}, {"date": "2012-12-24T00:00:00", "datatype": "PRCP", "station": "GHCND:USW00003017", "attributes": ",,X,2400", "value": 0.14}, {"date": "2012-12-24T00:00:00", "datatype": "RHAV", "station": "GHCND:USW00003017", "attributes": ",,W,", "value": 65}, {"date": "2012-12-24T00:00:00", "datatype": "RHMN", "station": "GHCND:USW00003017", "attributes": ",,W,", "value": 45}, {"date": "2012-12-24T00:00:00", "datatype": "RHMX", "station": "GHCND:USW00003017", "attributes": ",,W,", "value": 85}, {"date": "2012-12-24T00:00:00", "datatype": "SNOW", "station": "GHCND:USW00003017", "attributes": ",,X,", "value": 1.9}, {"date": "2012-12-24T00:00:00", "datatype": "SNWD", "station": "GHCND:USW00003017", "attributes": ",,X,", "value": 0.0}, {"date": "2012-12-24T00:00:00", "datatype": "TMAX", "station": "GHCND:USW00003017", "attributes": ",,X,2400", "value": 34.0}, {"date": "2012-12-24T00:00:00", "datatype": "TMIN", "station": "GHCND:USW00003017", "attributes": ",,X,2400", "value": 16.0}, {"date": "2012-12-24T00:00:00", "datatype": "WDF2", "station": "GHCND:USW00003017", "attributes": ",,X,", "value": 150}, {"date": "2012-12-24T00:00:00", "datatype": "WDF5", "station": "GHCND:USW00003017", "attributes": ",,X,", "value": 150}, {"date": "2012-12-24T00:00:00", "datatype": "WSF2", "station": "GHCND:USW00003017", "attributes": ",,X,", "value": 23.0}, {"date": "2012-12-24T00:00:00", "datatype": "WSF5", "station": "GHCND:USW00003017", "attributes": ",,X,", "value": 28.0}, {"date": "2012-12-24T00:00:00", "datatype": "WT01", "station": "GHCND:USW00003017", "attributes": ",,W,", "value": 1}, {"date": "2012-12-24T00:00:00", "datatype": "WT13", "station": "GHCND:USW00003017", "attributes": ",,X,", "value": 1}, {"date": "2012-12-24T00:00:00", "datatype": "WT18", "station": "GHCND:USW00003017", "attributes": ",,X,", "value": 1}, {"date": "2012-12-24T00:00:00", "datatype": "WT22", "station": "GHCND:USW00003017", "attributes": ",,X,", "value": 1}, {"date": "2012-12-25T00:00:00", "datatype": "ADPT", "station": "GHCND:USW00003017", "attributes": ",,W,", "value": -172}, {"date": "2012-12-25T00:00:00", "datatype": "ASLP", "station": "GHCND:USW00003017", "attributes": ",,W,", "value": 10244}, {"date": "2012-12-25T00:00:00", "datatype": "ASTP", "station": "GHCND:USW00003017", "attributes": ",,W,", "value": 8337}, {"date": "2012-12-25T00:00:00", "datatype": "AWBT", "station": "GHCND:USW00003017", "attributes": ",,W,", "value": -144}, {"date": "2012-12-25T00:00:00", "datatype": "AWND", "station": "GHCND:USW00003017", "attributes": ",,X,", "value": 5.6}, {"date": "2012-12-25T00:00:00", "datatype": "PRCP", "station": "GHCND:USW00003017", "attributes": ",,X,2400", "value": 0.06}, {"date": "2012-12-25T00:00:00", "datatype": "RHAV", "station": "GHCND:USW00003017", "attributes": ",,W,", "value": 74}, {"date": "2012-12-25T00:00:00", "datatype": "RHMN", "station": "GHCND:USW00003017", "attributes": ",,W,", "value": 53}, {"date": "2012-12-25T00:00:00", "datatype": "RHMX", "station": "GHCND:USW00003017", "attributes": ",,W,", "value": 83}, {"date": "2012-12-25T00:00:00", "datatype": "SNOW", "station": "GHCND:USW00003017", "attributes": ",,X,", "value": 0.7}, {"date": "2012-12-25T00:00:00", "datatype": "SNWD", "station": "GHCND:USW00003017", "attributes": ",,X,", "value": 2.0}, {"date": "2012-12-25T00:00:00", "datatype": "TMAX", "station": "GHCND:USW00003017", "attributes": ",,X,2400", "value": 16.0}, {"date": "2012-12-25T00:00:00", "datatype": "TMIN", "station": "GHCND:USW00003017", "attributes": ",,X,2400", "value": 0.0}, {"date": "2012-12-25T00:00:00", "datatype": "WDF2", "station": "GHCND:USW00003017", "attributes": ",,X,", "value": 40}, {"date": "2012-12-25T00:00:00", "datatype": "WDF5", "station": "GHCND:USW00003017", "attributes": ",,X,", "value": 40}, {"date": "2012-12-25T00:00:00", "datatype": "WSF2", "station": "GHCND:USW00003017", "attributes": ",,X,", "value": 15.0}, {"date": "2012-12-25T00:00:00", "datatype": "WSF5", "station": "GHCND:USW00003017", "attributes": ",,X,", "value": 17.0}, {"date": "2012-12-25T00:00:00", "datatype": "WT13", "station": "GHCND:USW00003017", "attributes": ",,X,", "value": 1}, {"date": "2012-12-25T00:00:00", "datatype": "WT18", "station": "GHCND:USW00003017", "attributes": ",,X,", "value": 1}, {"date": "2012-12-26T00:00:00", "datatype": "ADPT", "station": "GHCND:USW00003017", "attributes": ",,W,", "value": -161}, {"date": "2012-12-26T00:00:00", "datatype": "ASLP", "station": "GHCND:USW00003017", "attributes": ",,W,", "value": 10132}, {"date": "2012-12-26T00:00:00", "datatype": "ASTP", "station": "GHCND:USW00003017", "attributes": ",,W,", "value": 8229}, {"date": "2012-12-26T00:00:00", "datatype": "AWBT", "station": "GHCND:USW00003017", "attributes": ",,W,", "value": -133}, {"date": "2012-12-26T00:00:00", "datatype": "AWND", "station": "GHCND:USW00003017", "attributes": ",,X,", "value": 4.9}, {"date": "2012-12-26T00:00:00", "datatype": "PRCP", "station": "GHCND:USW00003017", "attributes": ",,X,2400", "value": 0.0}, {"date": "2012-12-26T00:00:00", "datatype": "RHAV", "station": "GHCND:USW00003017", "attributes": ",,W,", "value": 73}, {"date": "2012-12-26T00:00:00", "datatype": "RHMN", "station": "GHCND:USW00003017", "attributes": ",,W,", "value": 59}, {"date": "2012-12-26T00:00:00", "datatype": "RHMX", "station": "GHCND:USW00003017", "attributes": ",,W,", "value": 80}, {"date": "2012-12-26T00:00:00", "datatype": "SNOW", "station": "GHCND:USW00003017", "attributes": ",,X,", "value": 0.0}, {"date": "2012-12-26T00:00:00", "datatype": "SNWD", "station": "GHCND:USW00003017", "attributes": "T,,X,", "value": 0.0}, {"date": "2012-12-26T00:00:00", "datatype": "TMAX", "station": "GHCND:USW00003017", "attributes": ",,X,2400", "value": 21.0}, {"date": "2012-12-26T00:00:00", "datatype": "TMIN", "station": "GHCND:USW00003017", "attributes": ",,X,2400", "value": -2.0}, {"date": "2012-12-26T00:00:00", "datatype": "WDF2", "station": "GHCND:USW00003017", "attributes": ",,X,", "value": 310}, {"date": "2012-12-26T00:00:00", "datatype": "WDF5", "station": "GHCND:USW00003017", "attributes": ",,X,", "value": 310}, {"date": "2012-12-26T00:00:00", "datatype": "WSF2", "station": "GHCND:USW00003017", "attributes": ",,X,", "value": 10.1}, {"date": "2012-12-26T00:00:00", "datatype": "WSF5", "station": "GHCND:USW00003017", "attributes": ",,X,", "value": 13.0}, {"date": "2012-12-26T00:00:00", "datatype": "WT08", "station": "GHCND:USW00003017", "attributes": ",,X,", "value": 1}, {"date": "2012-12-26T00:00:00", "datatype": "WT13", "station": "GHCND:USW00003017", "attributes": ",,X,", "value": 1}, {"date": "2012-12-27T00:00:00", "datatype": "ADPT", "station": "GHCND:USW00003017", "attributes": ",,W,", "value": -128}, {"date": "2012-12-27T00:00:00", "datatype": "ASLP", "station": "GHCND:USW00003017", "attributes": ",,W,", "value": 10112}, {"date": "2012-12-27T00:00:00", "datatype": "ASTP", "station": "GHCND:USW00003017", "attributes": ",,W,", "value": 8236}, {"date": "2012-12-27T00:00:00", "datatype": "AWBT", "station": "GHCND:USW00003017", "attributes": ",,W,", "value": -100}, {"date": "2012-12-27T00:00:00", "datatype": "AWND", "station": "GHCND:USW00003017", "attributes": ",,X,", "value": 7.2}, {"date": "2012-12-27T00:00:00", "datatype": "PRCP", "station": "GHCND:USW00003017", "attributes": "T,,X,2400", "value": 0.0}, {"date": "2012-12-27T00:00:00", "datatype": "RHAV", "station": "GHCND:USW00003017", "attributes": ",,W,", "value": 74}, {"date": "2012-12-27T00:00:00", "datatype": "RHMN", "station": "GHCND:USW00003017", "attributes": ",,W,", "value": 65}, {"date": "2012-12-27T00:00:00", "datatype": "RHMX", "station": "GHCND:USW00003017", "attributes": ",,W,", "value": 81}, {"date": "2012-12-27T00:00:00", "datatype": "SNOW", "station": "GHCND:USW00003017", "attributes": "T,,X,", "value": 0.0}, {"date": "2012-12-27T00:00:00", "datatype": "SNWD", "station": "GHCND:USW00003017", "attributes": "T,,X,", "value": 0.0}, {"date": "2012-12-27T00:00:00", "datatype": "TMAX", "station": "GHCND:USW00003017", "attributes": ",,X,2400", "value": 27.0}, {"date": "2012-12-27T00:00:00", "datatype": "TMIN", "station": "GHCND:USW00003017", "attributes": ",,X,2400", "value": 6.0}, {"date": "2012-12-27T00:00:00", "datatype": "WDF2", "station": "GHCND:USW00003017", "attributes": ",,X,", "value": 80}, {"date": "2012-12-27T00:00:00", "datatype": "WDF5", "station": "GHCND:USW00003017", "attributes": ",,X,", "value": 80}, {"date": "2012-12-27T00:00:00", "datatype": "WSF2", "station": "GHCND:USW00003017", "attributes": ",,X,", "value": 15.0}, {"date": "2012-12-27T00:00:00", "datatype": "WSF5", "station": "GHCND:USW00003017", "attributes": ",,X,", "value": 17.0}, {"date": "2012-12-27T00:00:00", "datatype": "WT08", "station": "GHCND:USW00003017", "attributes": ",,X,", "value": 1}, {"date": "2012-12-27T00:00:00", "datatype": "WT18", "station": "GHCND:USW00003017", "attributes": ",,X,", "value": 1}, {"date": "2012-12-28T00:00:00", "datatype": "ADPT", "station": "GHCND:USW00003017", "attributes": ",,W,", "value": -150}, {"date": "2012-12-28T00:00:00", "datatype": "ASLP", "station": "GHCND:USW00003017", "attributes": ",,W,", "value": 10186}, {"date": "2012-12-28T00:00:00", "datatype": "ASTP", "station": "GHCND:USW00003017", "attributes": ",,W,", "value": 8307}, {"date": "2012-12-28T00:00:00", "datatype": "AWBT", "station": "GHCND:USW00003017", "attributes": ",,W,", "value": -94}, {"date": "2012-12-28T00:00:00", "datatype": "AWND", "station": "GHCND:USW00003017", "attributes": ",,X,", "value": 7.4}, {"date": "2012-12-28T00:00:00", "datatype": "PRCP", "station": "GHCND:USW00003017", "attributes": ",,X,2400", "value": 0.0}, {"date": "2012-12-28T00:00:00", "datatype": "RHAV", "station": "GHCND:USW00003017", "attributes": ",,W,", "value": 56}, {"date": "2012-12-28T00:00:00", "datatype": "RHMN", "station": "GHCND:USW00003017", "attributes": ",,W,", "value": 33}, {"date": "2012-12-28T00:00:00", "datatype": "RHMX", "station": "GHCND:USW00003017", "attributes": ",,W,", "value": 81}, {"date": "2012-12-28T00:00:00", "datatype": "SNOW", "station": "GHCND:USW00003017", "attributes": ",,X,", "value": 0.0}, {"date": "2012-12-28T00:00:00", "datatype": "SNWD", "station": "GHCND:USW00003017", "attributes": "T,,X,", "value": 0.0}, {"date": "2012-12-28T00:00:00", "datatype": "TMAX", "station": "GHCND:USW00003017", "attributes": ",,X,2400", "value": 32.0}, {"date": "2012-12-28T00:00:00", "datatype": "TMIN", "station": "GHCND:USW00003017", "attributes": ",,X,2400", "value": 9.0}, {"date": "2012-12-28T00:00:00", "datatype": "WDF2", "station": "GHCND:USW00003017", "attributes": ",,X,", "value": 210}, {"date": "2012-12-28T00:00:00", "datatype": "WDF5", "station": "GHCND:USW00003017", "attributes": ",,X,", "value": 210}, {"date": "2012-12-28T00:00:00", "datatype": "WSF2", "station": "GHCND:USW00003017", "attributes": ",,X,", "value": 16.1}, {"date": "2012-12-28T00:00:00", "datatype": "WSF5", "station": "GHCND:USW00003017", "attributes": ",,X,", "value": 17.0}, {"date": "2012-12-29T00:00:00", "datatype": "ADPT", "station": "GHCND:USW00003017", "attributes": ",,W,", "value": -167}, {"date": "2012-12-29T00:00:00", "datatype": "ASLP", "station": "GHCND:USW00003017", "attributes": ",,W,", "value": 10210}, {"date": "2012-12-29T00:00:00", "datatype": "ASTP", "station": "GHCND:USW00003017", "attributes": ",,W,", "value": 8320}, {"date": "2012-12-29T00:00:00", "datatype": "AWBT", "station": "GHCND:USW00003017", "attributes": ",,W,", "value": -100}, {"date": "2012-12-29T00:00:00", "datatype": "AWND", "station": "GHCND:USW00003017", "attributes": ",,X,", "value": 8.9}, {"date": "2012-12-29T00:00:00", "datatype": "PRCP", "station": "GHCND:USW00003017", "attributes": ",,X,2400", "value": 0.0}, {"date": "2012-12-29T00:00:00", "datatype": "RHAV", "station": "GHCND:USW00003017", "attributes": ",,W,", "value": 50}, {"date": "2012-12-29T00:00:00", "datatype": "RHMN", "station": "GHCND:USW00003017", "attributes": ",,W,", "value": 34}, {"date": "2012-12-29T00:00:00", "datatype": "RHMX", "station": "GHCND:USW00003017", "attributes": ",,W,", "value": 67}, {"date": "2012-12-29T00:00:00", "datatype": "SNOW", "station": "GHCND:USW00003017", "attributes": ",,X,", "value": 0.0}, {"date": "2012-12-29T00:00:00", "datatype": "SNWD", "station": "GHCND:USW00003017", "attributes": "T,,X,", "value": 0.0}, {"date": "2012-12-29T00:00:00", "datatype": "TMAX", "station": "GHCND:USW00003017", "attributes": ",,X,2400", "value": 31.0}, {"date": "2012-12-29T00:00:00", "datatype": "TMIN", "station": "GHCND:USW00003017", "attributes": ",,X,2400", "value": 5.0}, {"date": "2012-12-29T00:00:00", "datatype": "WDF2", "station": "GHCND:USW00003017", "attributes": ",,X,", "value": 210}, {"date": "2012-12-29T00:00:00", "datatype": "WDF5", "station": "GHCND:USW00003017", "attributes": ",,X,", "value": 200}, {"date": "2012-12-29T00:00:00", "datatype": "WSF2", "station": "GHCND:USW00003017", "attributes": ",,X,", "value": 17.9}, {"date": "2012-12-29T00:00:00", "datatype": "WSF5", "station": "GHCND:USW00003017", "attributes": ",,X,", "value": 21.9}, {"date": "2012-12-30T00:00:00", "datatype": "ADPT", "station": "GHCND:USW00003017", "attributes": ",,W,", "value": -139}, {"date": "2012-12-30T00:00:00", "datatype": "ASLP", "station": "GHCND:USW00003017", "attributes": ",,W,", "value": 10163}, {"date": "2012-12-30T00:00:00", "datatype": "ASTP", "station": "GHCND:USW00003017", "attributes": ",,W,", "value": 8297}, {"date": "2012-12-30T00:00:00", "datatype": "AWBT", "station": "GHCND:USW00003017", "attributes": ",,W,", "value": -78}, {"date": "2012-12-30T00:00:00", "datatype": "AWND", "station": "GHCND:USW00003017", "attributes": ",,X,", "value": 9.6}, {"date": "2012-12-30T00:00:00", "datatype": "PRCP", "station": "GHCND:USW00003017", "attributes": ",,X,2400", "value": 0.0}, {"date": "2012-12-30T00:00:00", "datatype": "RHAV", "station": "GHCND:USW00003017", "attributes": ",,W,", "value": 50}, {"date": "2012-12-30T00:00:00", "datatype": "RHMN", "station": "GHCND:USW00003017", "attributes": ",,W,", "value": 35}, {"date": "2012-12-30T00:00:00", "datatype": "RHMX", "station": "GHCND:USW00003017", "attributes": ",,W,", "value": 71}, {"date": "2012-12-30T00:00:00", "datatype": "SNOW", "station": "GHCND:USW00003017", "attributes": ",,X,", "value": 0.0}, {"date": "2012-12-30T00:00:00", "datatype": "SNWD", "station": "GHCND:USW00003017", "attributes": "T,,X,", "value": 0.0}, {"date": "2012-12-30T00:00:00", "datatype": "TMAX", "station": "GHCND:USW00003017", "attributes": ",,X,2400", "value": 39.0}, {"date": "2012-12-30T00:00:00", "datatype": "TMIN", "station": "GHCND:USW00003017", "attributes": ",,X,2400", "value": 11.0}, {"date": "2012-12-30T00:00:00", "datatype": "WDF2", "station": "GHCND:USW00003017", "attributes": ",,X,", "value": 120}, {"date": "2012-12-30T00:00:00", "datatype": "WDF5", "station": "GHCND:USW00003017", "attributes": ",,X,", "value": 120}, {"date": "2012-12-30T00:00:00", "datatype": "WSF2", "station": "GHCND:USW00003017", "attributes": ",,X,", "value": 25.1}, {"date": "2012-12-30T00:00:00", "datatype": "WSF5", "station": "GHCND:USW00003017", "attributes": ",,X,", "value": 32.0}, {"date": "2012-12-31T00:00:00", "datatype": "AWND", "station": "GHCND:USW00003017", "attributes": ",,X,", "value": 4.7}, {"date": "2012-12-31T00:00:00", "datatype": "PRCP", "station": "GHCND:USW00003017", "attributes": ",,X,2400", "value": 0.0}, {"date": "2012-12-31T00:00:00", "datatype": "SNOW", "station": "GHCND:USW00003017", "attributes": ",,X,", "value": 0.0}, {"date": "2012-12-31T00:00:00", "datatype": "SNWD", "station": "GHCND:USW00003017", "attributes": "T,,X,", "value": 0.0}, {"date": "2012-12-31T00:00:00", "datatype": "TMAX", "station": "GHCND:USW00003017", "attributes": ",,X,2400", "value": 23.0}, {"date": "2012-12-31T00:00:00", "datatype": "TMIN", "station": "GHCND:USW00003017", "attributes": ",,X,2400", "value": 10.0}, {"date": "2012-12-31T00:00:00", "datatype": "WDF2", "station": "GHCND:USW00003017", "attributes": ",,X,", "value": 70}, {"date": "2012-12-31T00:00:00", "datatype": "WDF5", "station": "GHCND:USW00003017", "attributes": ",,X,", "value": 50}, {"date": "2012-12-31T00:00:00", "datatype": "WSF2", "station": "GHCND:USW00003017", "attributes": ",,X,", "value": 10.1}, {"date": "2012-12-31T00:00:00", "datatype": "WSF5", "station": "GHCND:USW00003017", "attributes": ",,X,", "value": 13.0}, {"date": "2013-01-01T00:00:00", "datatype": "AWND", "station": "GHCND:USW00003017", "attributes": ",,X,", "value": 6.9}, {"date": "2013-01-01T00:00:00", "datatype": "PRCP", "station": "GHCND:USW00003017", "attributes": ",,X,2400", "value": 0.0}, {"date": "2013-01-01T00:00:00", "datatype": "SNOW", "station": "GHCND:USW00003017", "attributes": ",,X,", "value": 0.0}, {"date": "2013-01-01T00:00:00", "datatype": "SNWD", "station": "GHCND:USW00003017", "attributes": "T,,X,", "value": 0.0}, {"date": "2013-01-01T00:00:00", "datatype": "TMAX", "station": "GHCND:USW00003017", "attributes": ",,X,2400", "value": 27.0}, {"date": "2013-01-01T00:00:00", "datatype": "TMIN", "station": "GHCND:USW00003017", "attributes": ",,X,2400", "value": 5.0}, {"date": "2013-01-01T00:00:00", "datatype": "WDF2", "station": "GHCND:USW00003017", "attributes": ",,X,", "value": 170}, {"date": "2013-01-01T00:00:00", "datatype": "WDF5", "station": "GHCND:USW00003017", "attributes": ",,X,", "value": 220}, {"date": "2013-01-01T00:00:00", "datatype": "WSF2", "station": "GHCND:USW00003017", "attributes": ",,X,", "value": 15.0}, {"date": "2013-01-01T00:00:00", "datatype": "WSF5", "station": "GHCND:USW00003017", "attributes": ",,X,", "value": 15.0}, {"date": "2013-01-01T00:00:00", "datatype": "WT08", "station": "GHCND:USW00003017", "attributes": ",,X,", "value": 1}, {"date": "2013-01-02T00:00:00", "datatype": "AWND", "station": "GHCND:USW00003017", "attributes": ",,X,", "value": 7.2}, {"date": "2013-01-02T00:00:00", "datatype": "PRCP", "station": "GHCND:USW00003017", "attributes": ",,X,2400", "value": 0.0}, {"date": "2013-01-02T00:00:00", "datatype": "SNOW", "station": "GHCND:USW00003017", "attributes": ",,X,", "value": 0.0}, {"date": "2013-01-02T00:00:00", "datatype": "SNWD", "station": "GHCND:USW00003017", "attributes": "T,,X,", "value": 0.0}, {"date": "2013-01-02T00:00:00", "datatype": "TMAX", "station": "GHCND:USW00003017", "attributes": ",,X,2400", "value": 32.0}, {"date": "2013-01-02T00:00:00", "datatype": "TMIN", "station": "GHCND:USW00003017", "attributes": ",,X,2400", "value": 14.0}, {"date": "2013-01-02T00:00:00", "datatype": "WDF2", "station": "GHCND:USW00003017", "attributes": ",,X,", "value": 10}, {"date": "2013-01-02T00:00:00", "datatype": "WDF5", "station": "GHCND:USW00003017", "attributes": ",,X,", "value": 350}, {"date": "2013-01-02T00:00:00", "datatype": "WSF2", "station": "GHCND:USW00003017", "attributes": ",,X,", "value": 21.0}, {"date": "2013-01-02T00:00:00", "datatype": "WSF5", "station": "GHCND:USW00003017", "attributes": ",,X,", "value": 25.9}, {"date": "2013-01-03T00:00:00", "datatype": "AWND", "station": "GHCND:USW00003017", "attributes": ",,X,", "value": 8.3}, {"date": "2013-01-03T00:00:00", "datatype": "PRCP", "station": "GHCND:USW00003017", "attributes": ",,X,2400", "value": 0.0}, {"date": "2013-01-03T00:00:00", "datatype": "SNOW", "station": "GHCND:USW00003017", "attributes": ",,X,", "value": 0.0}, {"date": "2013-01-03T00:00:00", "datatype": "SNWD", "station": "GHCND:USW00003017", "attributes": "T,,X,", "value": 0.0}, {"date": "2013-01-03T00:00:00", "datatype": "TMAX", "station": "GHCND:USW00003017", "attributes": ",,X,2400", "value": 34.0}, {"date": "2013-01-03T00:00:00", "datatype": "TMIN", "station": "GHCND:USW00003017", "attributes": ",,X,2400", "value": 12.0}, {"date": "2013-01-03T00:00:00", "datatype": "WDF2", "station": "GHCND:USW00003017", "attributes": ",,X,", "value": 210}, {"date": "2013-01-03T00:00:00", "datatype": "WDF5", "station": "GHCND:USW00003017", "attributes": ",,X,", "value": 210}, {"date": "2013-01-03T00:00:00", "datatype": "WSF2", "station": "GHCND:USW00003017", "attributes": ",,X,", "value": 17.9}, {"date": "2013-01-03T00:00:00", "datatype": "WSF5", "station": "GHCND:USW00003017", "attributes": ",,X,", "value": 21.9}, {"date": "2013-01-04T00:00:00", "datatype": "AWND", "station": "GHCND:USW00003017", "attributes": ",,X,", "value": 7.6}, {"date": "2013-01-04T00:00:00", "datatype": "PRCP", "station": "GHCND:USW00003017", "attributes": ",,X,2400", "value": 0.0}, {"date": "2013-01-04T00:00:00", "datatype": "SNOW", "station": "GHCND:USW00003017", "attributes": ",,X,", "value": 0.0}, {"date": "2013-01-04T00:00:00", "datatype": "SNWD", "station": "GHCND:USW00003017", "attributes": "T,,X,", "value": 0.0}, {"date": "2013-01-04T00:00:00", "datatype": "TMAX", "station": "GHCND:USW00003017", "attributes": ",,X,2400", "value": 47.0}, {"date": "2013-01-04T00:00:00", "datatype": "TMIN", "station": "GHCND:USW00003017", "attributes": ",,X,2400", "value": 15.0}, {"date": "2013-01-04T00:00:00", "datatype": "WDF2", "station": "GHCND:USW00003017", "attributes": ",,X,", "value": 210}, {"date": "2013-01-04T00:00:00", "datatype": "WDF5", "station": "GHCND:USW00003017", "attributes": ",,X,", "value": 210}, {"date": "2013-01-04T00:00:00", "datatype": "WSF2", "station": "GHCND:USW00003017", "attributes": ",,X,", "value": 15.0}, {"date": "2013-01-04T00:00:00", "datatype": "WSF5", "station": "GHCND:USW00003017", "attributes": ",,X,", "value": 17.9}, {"date": "2013-01-05T00:00:00", "datatype": "AWND", "station": "GHCND:USW00003017", "attributes": ",,X,", "value": 7.8}, {"date": "2013-01-05T00:00:00", "datatype": "PRCP", "station": "GHCND:USW00003017", "attributes": ",,X,2400", "value": 0.0}, {"date": "2013-01-05T00:00:00", "datatype": "SNOW", "station": "GHCND:USW00003017", "attributes": ",,X,", "value": 0.0}, {"date": "2013-01-05T00:00:00", "datatype": "SNWD", "station": "GHCND:USW00003017", "attributes": "T,,X,", "value": 0.0}, {"date": "2013-01-05T00:00:00", "datatype": "TMAX", "station": "GHCND:USW00003017", "attributes": ",,X,2400", "value": 37.0}, {"date": "2013-01-05T00:00:00", "datatype": "TMIN", "station": "GHCND:USW00003017", "attributes": ",,X,2400", "value": 16.0}, {"date": "2013-01-05T00:00:00", "datatype": "WDF2", "station": "GHCND:USW00003017", "attributes": ",,X,", "value": 170}, {"date": "2013-01-05T00:00:00", "datatype": "WDF5", "station": "GHCND:USW00003017", "attributes": ",,X,", "value": 60}, {"date": "2013-01-05T00:00:00", "datatype": "WSF2", "station": "GHCND:USW00003017", "attributes": ",,X,", "value": 15.0}, {"date": "2013-01-05T00:00:00", "datatype": "WSF5", "station": "GHCND:USW00003017", "attributes": ",,X,", "value": 17.0}, {"date": "2013-01-06T00:00:00", "datatype": "AWND", "station": "GHCND:USW00003017", "attributes": ",,X,", "value": 6.9}, {"date": "2013-01-06T00:00:00", "datatype": "PRCP", "station": "GHCND:USW00003017", "attributes": ",,X,2400", "value": 0.0}, {"date": "2013-01-06T00:00:00", "datatype": "SNOW", "station": "GHCND:USW00003017", "attributes": ",,X,", "value": 0.0}, {"date": "2013-01-06T00:00:00", "datatype": "SNWD", "station": "GHCND:USW00003017", "attributes": "T,,X,", "value": 0.0}, {"date": "2013-01-06T00:00:00", "datatype": "TMAX", "station": "GHCND:USW00003017", "attributes": ",,X,2400", "value": 47.0}, {"date": "2013-01-06T00:00:00", "datatype": "TMIN", "station": "GHCND:USW00003017", "attributes": ",,X,2400", "value": 13.0}, {"date": "2013-01-06T00:00:00", "datatype": "WDF2", "station": "GHCND:USW00003017", "attributes": ",,X,", "value": 200}, {"date": "2013-01-06T00:00:00", "datatype": "WDF5", "station": "GHCND:USW00003017", "attributes": ",,X,", "value": 210}, {"date": "2013-01-06T00:00:00", "datatype": "WSF2", "station": "GHCND:USW00003017", "attributes": ",,X,", "value": 16.1}, {"date": "2013-01-06T00:00:00", "datatype": "WSF5", "station": "GHCND:USW00003017", "attributes": ",,X,", "value": 17.9}, {"date": "2013-01-07T00:00:00", "datatype": "AWND", "station": "GHCND:USW00003017", "attributes": ",,X,", "value": 9.2}, {"date": "2013-01-07T00:00:00", "datatype": "PRCP", "station": "GHCND:USW00003017", "attributes": ",,X,2400", "value": 0.0}, {"date": "2013-01-07T00:00:00", "datatype": "SNOW", "station": "GHCND:USW00003017", "attributes": ",,X,", "value": 0.0}, {"date": "2013-01-07T00:00:00", "datatype": "SNWD", "station": "GHCND:USW00003017", "attributes": "T,,X,", "value": 0.0}, {"date": "2013-01-07T00:00:00", "datatype": "TMAX", "station": "GHCND:USW00003017", "attributes": ",,X,2400", "value": 51.0}, {"date": "2013-01-07T00:00:00", "datatype": "TMIN", "station": "GHCND:USW00003017", "attributes": ",,X,2400", "value": 24.0}, {"date": "2013-01-07T00:00:00", "datatype": "WDF2", "station": "GHCND:USW00003017", "attributes": ",,X,", "value": 190}, {"date": "2013-01-07T00:00:00", "datatype": "WDF5", "station": "GHCND:USW00003017", "attributes": ",,X,", "value": 190}, {"date": "2013-01-07T00:00:00", "datatype": "WSF2", "station": "GHCND:USW00003017", "attributes": ",,X,", "value": 17.0}, {"date": "2013-01-07T00:00:00", "datatype": "WSF5", "station": "GHCND:USW00003017", "attributes": ",,X,", "value": 19.9}, {"date": "2013-01-08T00:00:00", "datatype": "AWND", "station": "GHCND:USW00003017", "attributes": ",,X,", "value": 9.4}, {"date": "2013-01-08T00:00:00", "datatype": "PRCP", "station": "GHCND:USW00003017", "attributes": ",,X,2400", "value": 0.0}, {"date": "2013-01-08T00:00:00", "datatype": "SNOW", "station": "GHCND:USW00003017", "attributes": ",,X,", "value": 0.0}, {"date": "2013-01-08T00:00:00", "datatype": "SNWD", "station": "GHCND:USW00003017", "attributes": "T,,X,", "value": 0.0}, {"date": "2013-01-08T00:00:00", "datatype": "TMAX", "station": "GHCND:USW00003017", "attributes": ",,X,2400", "value": 53.0}, {"date": "2013-01-08T00:00:00", "datatype": "TMIN", "station": "GHCND:USW00003017", "attributes": ",,X,2400", "value": 26.0}, {"date": "2013-01-08T00:00:00", "datatype": "WDF2", "station": "GHCND:USW00003017", "attributes": ",,X,", "value": 280}, {"date": "2013-01-08T00:00:00", "datatype": "WDF5", "station": "GHCND:USW00003017", "attributes": ",,X,", "value": 280}, {"date": "2013-01-08T00:00:00", "datatype": "WSF2", "station": "GHCND:USW00003017", "attributes": ",,X,", "value": 25.9}, {"date": "2013-01-08T00:00:00", "datatype": "WSF5", "station": "GHCND:USW00003017", "attributes": ",,X,", "value": 34.9}, {"date": "2013-01-09T00:00:00", "datatype": "AWND", "station": "GHCND:USW00003017", "attributes": ",,X,", "value": 13.4}, {"date": "2013-01-09T00:00:00", "datatype": "PRCP", "station": "GHCND:USW00003017", "attributes": ",,X,2400", "value": 0.0}, {"date": "2013-01-09T00:00:00", "datatype": "SNOW", "station": "GHCND:USW00003017", "attributes": ",,X,", "value": 0.0}, {"date": "2013-01-09T00:00:00", "datatype": "SNWD", "station": "GHCND:USW00003017", "attributes": "T,,X,", "value": 0.0}, {"date": "2013-01-09T00:00:00", "datatype": "TMAX", "station": "GHCND:USW00003017", "attributes": ",,X,2400", "value": 60.0}, {"date": "2013-01-09T00:00:00", "datatype": "TMIN", "station": "GHCND:USW00003017", "attributes": ",,X,2400", "value": 22.0}, {"date": "2013-01-09T00:00:00", "datatype": "WDF2", "station": "GHCND:USW00003017", "attributes": ",,X,", "value": 190}, {"date": "2013-01-09T00:00:00", "datatype": "WDF5", "station": "GHCND:USW00003017", "attributes": ",,X,", "value": 190}, {"date": "2013-01-09T00:00:00", "datatype": "WSF2", "station": "GHCND:USW00003017", "attributes": ",,X,", "value": 25.1}, {"date": "2013-01-09T00:00:00", "datatype": "WSF5", "station": "GHCND:USW00003017", "attributes": ",,X,", "value": 30.0}, {"date": "2013-01-10T00:00:00", "datatype": "AWND", "station": "GHCND:USW00003017", "attributes": ",,X,", "value": 10.7}, {"date": "2013-01-10T00:00:00", "datatype": "PRCP", "station": "GHCND:USW00003017", "attributes": ",,X,2400", "value": 0.0}, {"date": "2013-01-10T00:00:00", "datatype": "SNOW", "station": "GHCND:USW00003017", "attributes": ",,X,", "value": 0.0}, {"date": "2013-01-10T00:00:00", "datatype": "SNWD", "station": "GHCND:USW00003017", "attributes": "T,,X,", "value": 0.0}, {"date": "2013-01-10T00:00:00", "datatype": "TMAX", "station": "GHCND:USW00003017", "attributes": ",,X,2400", "value": 46.0}, {"date": "2013-01-10T00:00:00", "datatype": "TMIN", "station": "GHCND:USW00003017", "attributes": ",,X,2400", "value": 25.0}, {"date": "2013-01-10T00:00:00", "datatype": "WDF2", "station": "GHCND:USW00003017", "attributes": ",,X,", "value": 180}, {"date": "2013-01-10T00:00:00", "datatype": "WDF5", "station": "GHCND:USW00003017", "attributes": ",,X,", "value": 170}, {"date": "2013-01-10T00:00:00", "datatype": "WSF2", "station": "GHCND:USW00003017", "attributes": ",,X,", "value": 31.1}, {"date": "2013-01-10T00:00:00", "datatype": "WSF5", "station": "GHCND:USW00003017", "attributes": ",,X,", "value": 38.0}, {"date": "2013-01-11T00:00:00", "datatype": "AWND", "station": "GHCND:USW00003017", "attributes": ",,X,", "value": 15.4}, {"date": "2013-01-11T00:00:00", "datatype": "PRCP", "station": "GHCND:USW00003017", "attributes": ",,X,2400", "value": 0.08}, {"date": "2013-01-11T00:00:00", "datatype": "SNOW", "station": "GHCND:USW00003017", "attributes": ",,X,", "value": 1.1}, {"date": "2013-01-11T00:00:00", "datatype": "SNWD", "station": "GHCND:USW00003017", "attributes": "T,,X,", "value": 0.0}, {"date": "2013-01-11T00:00:00", "datatype": "TMAX", "station": "GHCND:USW00003017", "attributes": ",,X,2400", "value": 43.0}, {"date": "2013-01-11T00:00:00", "datatype": "TMIN", "station": "GHCND:USW00003017", "attributes": ",,X,2400", "value": 0.0}, {"date": "2013-01-11T00:00:00", "datatype": "WDF2", "station": "GHCND:USW00003017", "attributes": ",,X,", "value": 350}, {"date": "2013-01-11T00:00:00", "datatype": "WDF5", "station": "GHCND:USW00003017", "attributes": ",,X,", "value": 360}, {"date": "2013-01-11T00:00:00", "datatype": "WSF2", "station": "GHCND:USW00003017", "attributes": ",,X,", "value": 31.1}, {"date": "2013-01-11T00:00:00", "datatype": "WSF5", "station": "GHCND:USW00003017", "attributes": ",,X,", "value": 34.9}, {"date": "2013-01-11T00:00:00", "datatype": "WT02", "station": "GHCND:USW00003017", "attributes": ",,X,", "value": 1}, {"date": "2013-01-11T00:00:00", "datatype": "WT08", "station": "GHCND:USW00003017", "attributes": ",,X,", "value": 1}, {"date": "2013-01-11T00:00:00", "datatype": "WT18", "station": "GHCND:USW00003017", "attributes": ",,X,", "value": 1}, {"date": "2013-01-11T00:00:00", "datatype": "WT22", "station": "GHCND:USW00003017", "attributes": ",,X,", "value": 1}, {"date": "2013-01-12T00:00:00", "datatype": "AWND", "station": "GHCND:USW00003017", "attributes": ",,X,", "value": 6.7}, {"date": "2013-01-12T00:00:00", "datatype": "PRCP", "station": "GHCND:USW00003017", "attributes": "T,,X,2400", "value": 0.0}, {"date": "2013-01-12T00:00:00", "datatype": "SNOW", "station": "GHCND:USW00003017", "attributes": ",,X,", "value": 0.3}, {"date": "2013-01-12T00:00:00", "datatype": "SNWD", "station": "GHCND:USW00003017", "attributes": ",,X,", "value": 1.0}, {"date": "2013-01-12T00:00:00", "datatype": "TMAX", "station": "GHCND:USW00003017", "attributes": ",,X,2400", "value": 10.0}, {"date": "2013-01-12T00:00:00", "datatype": "TMIN", "station": "GHCND:USW00003017", "attributes": ",,X,2400", "value": -12.0}, {"date": "2013-01-12T00:00:00", "datatype": "WDF2", "station": "GHCND:USW00003017", "attributes": ",,X,", "value": 80}, {"date": "2013-01-12T00:00:00", "datatype": "WDF5", "station": "GHCND:USW00003017", "attributes": ",,X,", "value": 100}, {"date": "2013-01-12T00:00:00", "datatype": "WSF2", "station": "GHCND:USW00003017", "attributes": ",,X,", "value": 13.0}, {"date": "2013-01-12T00:00:00", "datatype": "WSF5", "station": "GHCND:USW00003017", "attributes": ",,X,", "value": 16.1}, {"date": "2013-01-12T00:00:00", "datatype": "WT02", "station": "GHCND:USW00003017", "attributes": ",,X,", "value": 1}, {"date": "2013-01-12T00:00:00", "datatype": "WT13", "station": "GHCND:USW00003017", "attributes": ",,X,", "value": 1}, {"date": "2013-01-12T00:00:00", "datatype": "WT18", "station": "GHCND:USW00003017", "attributes": ",,X,", "value": 1}, {"date": "2013-01-12T00:00:00", "datatype": "WT22", "station": "GHCND:USW00003017", "attributes": ",,X,", "value": 1}, {"date": "2013-01-13T00:00:00", "datatype": "AWND", "station": "GHCND:USW00003017", "attributes": ",,X,", "value": 5.6}, {"date": "2013-01-13T00:00:00", "datatype": "PRCP", "station": "GHCND:USW00003017", "attributes": "T,,X,2400", "value": 0.0}, {"date": "2013-01-13T00:00:00", "datatype": "SNOW", "station": "GHCND:USW00003017", "attributes": "T,,X,", "value": 0.0}, {"date": "2013-01-13T00:00:00", "datatype": "SNWD", "station": "GHCND:USW00003017", "attributes": ",,X,", "value": 1.0}, {"date": "2013-01-13T00:00:00", "datatype": "TMAX", "station": "GHCND:USW00003017", "attributes": ",,X,2400", "value": 11.0}, {"date": "2013-01-13T00:00:00", "datatype": "TMIN", "station": "GHCND:USW00003017", "attributes": ",,X,2400", "value": -10.0}, {"date": "2013-01-13T00:00:00", "datatype": "WDF2", "station": "GHCND:USW00003017", "attributes": ",,X,", "value": 140}, {"date": "2013-01-13T00:00:00", "datatype": "WDF5", "station": "GHCND:USW00003017", "attributes": ",,X,", "value": 80}, {"date": "2013-01-13T00:00:00", "datatype": "WSF2", "station": "GHCND:USW00003017", "attributes": ",,X,", "value": 10.1}, {"date": "2013-01-13T00:00:00", "datatype": "WSF5", "station": "GHCND:USW00003017", "attributes": ",,X,", "value": 12.1}, {"date": "2013-01-13T00:00:00", "datatype": "WT18", "station": "GHCND:USW00003017", "attributes": ",,X,", "value": 1}, {"date": "2013-01-14T00:00:00", "datatype": "AWND", "station": "GHCND:USW00003017", "attributes": ",,X,", "value": 4.3}, {"date": "2013-01-14T00:00:00", "datatype": "PRCP", "station": "GHCND:USW00003017", "attributes": "T,,X,2400", "value": 0.0}, {"date": "2013-01-14T00:00:00", "datatype": "SNOW", "station": "GHCND:USW00003017", "attributes": "T,,X,", "value": 0.0}, {"date": "2013-01-14T00:00:00", "datatype": "SNWD", "station": "GHCND:USW00003017", "attributes": ",,X,", "value": 1.0}, {"date": "2013-01-14T00:00:00", "datatype": "TMAX", "station": "GHCND:USW00003017", "attributes": ",,X,2400", "value": 12.0}, {"date": "2013-01-14T00:00:00", "datatype": "TMIN", "station": "GHCND:USW00003017", "attributes": ",,X,2400", "value": -8.0}, {"date": "2013-01-14T00:00:00", "datatype": "WDF2", "station": "GHCND:USW00003017", "attributes": ",,X,", "value": 170}, {"date": "2013-01-14T00:00:00", "datatype": "WDF5", "station": "GHCND:USW00003017", "attributes": ",,X,", "value": 180}, {"date": "2013-01-14T00:00:00", "datatype": "WSF2", "station": "GHCND:USW00003017", "attributes": ",,X,", "value": 10.1}, {"date": "2013-01-14T00:00:00", "datatype": "WSF5", "station": "GHCND:USW00003017", "attributes": ",,X,", "value": 10.1}, {"date": "2013-01-14T00:00:00", "datatype": "WT08", "station": "GHCND:USW00003017", "attributes": ",,X,", "value": 1}, {"date": "2013-01-14T00:00:00", "datatype": "WT13", "station": "GHCND:USW00003017", "attributes": ",,X,", "value": 1}, {"date": "2013-01-14T00:00:00", "datatype": "WT18", "station": "GHCND:USW00003017", "attributes": ",,X,", "value": 1}, {"date": "2013-01-15T00:00:00", "datatype": "AWND", "station": "GHCND:USW00003017", "attributes": ",,X,", "value": 8.3}, {"date": "2013-01-15T00:00:00", "datatype": "PRCP", "station": "GHCND:USW00003017", "attributes": ",,X,2400", "value": 0.0}, {"date": "2013-01-15T00:00:00", "datatype": "SNOW", "station": "GHCND:USW00003017", "attributes": ",,X,", "value": 0.0}, {"date": "2013-01-15T00:00:00", "datatype": "SNWD", "station": "GHCND:USW00003017", "attributes": ",,X,", "value": 1.0}, {"date": "2013-01-15T00:00:00", "datatype": "TMAX", "station": "GHCND:USW00003017", "attributes": ",,X,2400", "value": 35.0}, {"date": "2013-01-15T00:00:00", "datatype": "TMIN", "station": "GHCND:USW00003017", "attributes": ",,X,2400", "value": -8.0}, {"date": "2013-01-15T00:00:00", "datatype": "WDF2", "station": "GHCND:USW00003017", "attributes": ",,X,", "value": 210}, {"date": "2013-01-15T00:00:00", "datatype": "WDF5", "station": "GHCND:USW00003017", "attributes": ",,X,", "value": 210}, {"date": "2013-01-15T00:00:00", "datatype": "WSF2", "station": "GHCND:USW00003017", "attributes": ",,X,", "value": 16.1}, {"date": "2013-01-15T00:00:00", "datatype": "WSF5", "station": "GHCND:USW00003017", "attributes": ",,X,", "value": 17.9}, {"date": "2013-01-16T00:00:00", "datatype": "AWND", "station": "GHCND:USW00003017", "attributes": ",,X,", "value": 9.2}, {"date": "2013-01-16T00:00:00", "datatype": "PRCP", "station": "GHCND:USW00003017", "attributes": ",,X,2400", "value": 0.0}, {"date": "2013-01-16T00:00:00", "datatype": "SNOW", "station": "GHCND:USW00003017", "attributes": ",,X,", "value": 0.0}, {"date": "2013-01-16T00:00:00", "datatype": "SNWD", "station": "GHCND:USW00003017", "attributes": ",,X,", "value": 1.0}, {"date": "2013-01-16T00:00:00", "datatype": "TMAX", "station": "GHCND:USW00003017", "attributes": ",,X,2400", "value": 48.0}, {"date": "2013-01-16T00:00:00", "datatype": "TMIN", "station": "GHCND:USW00003017", "attributes": ",,X,2400", "value": 23.0}, {"date": "2013-01-16T00:00:00", "datatype": "WDF2", "station": "GHCND:USW00003017", "attributes": ",,X,", "value": 230}, {"date": "2013-01-16T00:00:00", "datatype": "WDF5", "station": "GHCND:USW00003017", "attributes": ",,X,", "value": 230}, {"date": "2013-01-16T00:00:00", "datatype": "WSF2", "station": "GHCND:USW00003017", "attributes": ",,X,", "value": 15.0}, {"date": "2013-01-16T00:00:00", "datatype": "WSF5", "station": "GHCND:USW00003017", "attributes": ",,X,", "value": 17.9}, {"date": "2013-01-17T00:00:00", "datatype": "AWND", "station": "GHCND:USW00003017", "attributes": ",,X,", "value": 8.7}, {"date": "2013-01-17T00:00:00", "datatype": "PRCP", "station": "GHCND:USW00003017", "attributes": ",,X,2400", "value": 0.0}, {"date": "2013-01-17T00:00:00", "datatype": "SNOW", "station": "GHCND:USW00003017", "attributes": ",,X,", "value": 0.0}, {"date": "2013-01-17T00:00:00", "datatype": "SNWD", "station": "GHCND:USW00003017", "attributes": "T,,X,", "value": 0.0}, {"date": "2013-01-17T00:00:00", "datatype": "TMAX", "station": "GHCND:USW00003017", "attributes": ",,X,2400", "value": 48.0}, {"date": "2013-01-17T00:00:00", "datatype": "TMIN", "station": "GHCND:USW00003017", "attributes": ",,X,2400", "value": 21.0}, {"date": "2013-01-17T00:00:00", "datatype": "WDF2", "station": "GHCND:USW00003017", "attributes": ",,X,", "value": 180}, {"date": "2013-01-17T00:00:00", "datatype": "WDF5", "station": "GHCND:USW00003017", "attributes": ",,X,", "value": 210}, {"date": "2013-01-17T00:00:00", "datatype": "WSF2", "station": "GHCND:USW00003017", "attributes": ",,X,", "value": 16.1}, {"date": "2013-01-17T00:00:00", "datatype": "WSF5", "station": "GHCND:USW00003017", "attributes": ",,X,", "value": 17.0}, {"date": "2013-01-18T00:00:00", "datatype": "AWND", "station": "GHCND:USW00003017", "attributes": ",,X,", "value": 8.5}, {"date": "2013-01-18T00:00:00", "datatype": "PRCP", "station": "GHCND:USW00003017", "attributes": ",,X,2400", "value": 0.0}, {"date": "2013-01-18T00:00:00", "datatype": "SNOW", "station": "GHCND:USW00003017", "attributes": ",,X,", "value": 0.0}, {"date": "2013-01-18T00:00:00", "datatype": "SNWD", "station": "GHCND:USW00003017", "attributes": ",,X,", "value": 0.0}, {"date": "2013-01-18T00:00:00", "datatype": "TMAX", "station": "GHCND:USW00003017", "attributes": ",,X,2400", "value": 59.0}, {"date": "2013-01-18T00:00:00", "datatype": "TMIN", "station": "GHCND:USW00003017", "attributes": ",,X,2400", "value": 29.0}, {"date": "2013-01-18T00:00:00", "datatype": "WDF2", "station": "GHCND:USW00003017", "attributes": ",,X,", "value": 220}, {"date": "2013-01-18T00:00:00", "datatype": "WDF5", "station": "GHCND:USW00003017", "attributes": ",,X,", "value": 220}, {"date": "2013-01-18T00:00:00", "datatype": "WSF2", "station": "GHCND:USW00003017", "attributes": ",,X,", "value": 17.0}, {"date": "2013-01-18T00:00:00", "datatype": "WSF5", "station": "GHCND:USW00003017", "attributes": ",,X,", "value": 19.9}, {"date": "2013-01-19T00:00:00", "datatype": "AWND", "station": "GHCND:USW00003017", "attributes": ",,X,", "value": 8.5}, {"date": "2013-01-19T00:00:00", "datatype": "PRCP", "station": "GHCND:USW00003017", "attributes": ",,X,2400", "value": 0.0}, {"date": "2013-01-19T00:00:00", "datatype": "SNOW", "station": "GHCND:USW00003017", "attributes": ",,X,", "value": 0.0}, {"date": "2013-01-19T00:00:00", "datatype": "SNWD", "station": "GHCND:USW00003017", "attributes": ",,X,", "value": 0.0}, {"date": "2013-01-19T00:00:00", "datatype": "TMAX", "station": "GHCND:USW00003017", "attributes": ",,X,2400", "value": 57.0}, {"date": "2013-01-19T00:00:00", "datatype": "TMIN", "station": "GHCND:USW00003017", "attributes": ",,X,2400", "value": 25.0}, {"date": "2013-01-19T00:00:00", "datatype": "WDF2", "station": "GHCND:USW00003017", "attributes": ",,X,", "value": 290}, {"date": "2013-01-19T00:00:00", "datatype": "WDF5", "station": "GHCND:USW00003017", "attributes": ",,X,", "value": 280}, {"date": "2013-01-19T00:00:00", "datatype": "WSF2", "station": "GHCND:USW00003017", "attributes": ",,X,", "value": 17.0}, {"date": "2013-01-19T00:00:00", "datatype": "WSF5", "station": "GHCND:USW00003017", "attributes": ",,X,", "value": 23.0}, {"date": "2013-01-20T00:00:00", "datatype": "AWND", "station": "GHCND:USW00003017", "attributes": ",,X,", "value": 8.5}, {"date": "2013-01-20T00:00:00", "datatype": "PRCP", "station": "GHCND:USW00003017", "attributes": ",,X,2400", "value": 0.0}, {"date": "2013-01-20T00:00:00", "datatype": "SNOW", "station": "GHCND:USW00003017", "attributes": ",,X,", "value": 0.0}, {"date": "2013-01-20T00:00:00", "datatype": "SNWD", "station": "GHCND:USW00003017", "attributes": ",,X,", "value": 0.0}, {"date": "2013-01-20T00:00:00", "datatype": "TMAX", "station": "GHCND:USW00003017", "attributes": ",,X,2400", "value": 46.0}, {"date": "2013-01-20T00:00:00", "datatype": "TMIN", "station": "GHCND:USW00003017", "attributes": ",,X,2400", "value": 15.0}, {"date": "2013-01-20T00:00:00", "datatype": "WDF2", "station": "GHCND:USW00003017", "attributes": ",,X,", "value": 50}, {"date": "2013-01-20T00:00:00", "datatype": "WDF5", "station": "GHCND:USW00003017", "attributes": ",,X,", "value": 50}, {"date": "2013-01-20T00:00:00", "datatype": "WSF2", "station": "GHCND:USW00003017", "attributes": ",,X,", "value": 23.0}, {"date": "2013-01-20T00:00:00", "datatype": "WSF5", "station": "GHCND:USW00003017", "attributes": ",,X,", "value": 25.9}, {"date": "2013-01-21T00:00:00", "datatype": "AWND", "station": "GHCND:USW00003017", "attributes": ",,X,", "value": 9.2}, {"date": "2013-01-21T00:00:00", "datatype": "PRCP", "station": "GHCND:USW00003017", "attributes": ",,X,2400", "value": 0.0}, {"date": "2013-01-21T00:00:00", "datatype": "SNOW", "station": "GHCND:USW00003017", "attributes": ",,X,", "value": 0.0}, {"date": "2013-01-21T00:00:00", "datatype": "SNWD", "station": "GHCND:USW00003017", "attributes": ",,X,", "value": 0.0}, {"date": "2013-01-21T00:00:00", "datatype": "TMAX", "station": "GHCND:USW00003017", "attributes": ",,X,2400", "value": 56.0}, {"date": "2013-01-21T00:00:00", "datatype": "TMIN", "station": "GHCND:USW00003017", "attributes": ",,X,2400", "value": 17.0}, {"date": "2013-01-21T00:00:00", "datatype": "WDF2", "station": "GHCND:USW00003017", "attributes": ",,X,", "value": 270}, {"date": "2013-01-21T00:00:00", "datatype": "WDF5", "station": "GHCND:USW00003017", "attributes": ",,X,", "value": 270}, {"date": "2013-01-21T00:00:00", "datatype": "WSF2", "station": "GHCND:USW00003017", "attributes": ",,X,", "value": 17.0}, {"date": "2013-01-21T00:00:00", "datatype": "WSF5", "station": "GHCND:USW00003017", "attributes": ",,X,", "value": 21.9}]}