{"metadata": {"resultset": {"offset": 1, "count": 692, "limit": 1000}}, "results": [{"date": "2018-12-15T00:00:00", "datatype": "ADPT", "station": "GHCND:USW00003017", "attributes": ",,W,", "value": -100}, {"date": "2018-12-15T00:00:00", "datatype": "ASLP", "station": "GHCND:USW00003017", "attributes": ",,W,", "value": 10176}, {"date": "2018-12-15T00:00:00", "datatype": "ASTP", "station": "GHCND:USW00003017", "attributes": ",,W,", "value": 8344}, {"date": "2018-12-15T00:00:00", "datatype": "AWBT", "station": "GHCND:USW00003017", "attributes": ",,W,", "value": -6}, {"date": "2018-12-15T00:00:00", "datatype": "AWND", "station": "GHCND:USW00003017", "attributes": ",,W,", "value": 7.4}, {"date": "2018-12-15T00:00:00", "datatype": "PRCP", "station": "GHCND:USW00003017", "attributes": ",,W,2400", "value": 0.0}, {"date": "2018-12-15T00:00:00", "datatype": "RHAV", "station": "GHCND:USW00003017", "attributes": ",,W,", "value": 35}, {"date": "2018-12-15T00:00:00", "datatype": "RHMN", "station": "GHCND:USW00003017", "attributes": ",,W,", "value": 18}, {"date": "2018-12-15T00:00:00", "datatype": "RHMX", "station": "GHCND:USW00003017", "attributes": ",,W,", "value": 49}, {"date": "2018-12-15T00:00:00", "datatype": "SNOW", "station": "GHCND:USW00003017", "attributes": ",,W,", "value": 0.0}, {"date": "2018-12-15T00:00:00", "datatype": "SNWD", "station": "GHCND:USW00003017", "attributes": ",,W,", "value": 0.0}, {"date": "2018-12-15T00:00:00", "datatype": "TAVG", "station": "GHCND:USW00003017", "attributes": "H,,S,", "value": 40.0}, {"date": "2018-12-15T00:00:00", "datatype": "TMAX", "station": "GHCND:USW00003017", "attributes": ",,W,2400", "value": 55.0}, {"date": "2018-12-15T00:00:00", "datatype": "TMIN", "station": "GHCND:USW00003017", "attributes": ",,W,2400", "value": 28.0}, {"date": "2018-12-15T00:00:00", "datatype": "WDF2", "station": "GHCND:USW00003017", "attributes": ",,W,", "value": 280}, {"date": "2018-12-15T00:00:00", "datatype": "WDF5", "station": "GHCND:USW00003017", "attributes": ",,W,", "value": 290}, {"date": "2018-12-15T00:00:00", "datatype": "WSF2", "station": "GHCND:USW00003017", "attributes": ",,W,", "value": 19.9}, {"date": "2018-12-15T00:00:00", "datatype": "WSF5", "station": "GHCND:USW00003017", "attributes": ",,W,", "value": 25.1}, {"date": "2018-12-16T00:00:00", "datatype": "ADPT", "station": "GHCND:USW00003017", "attributes": ",,W,", "value": -100}, {"date": "2018-12-16T00:00:00", "datatype": "ASLP", "station": "GHCND:USW00003017", "attributes": ",,W,", "value": 10237}, {"date": "2018-12-16T00:00:00", "datatype": "ASTP", "station": "GHCND:USW00003017", "attributes": ",,W,", "value": 8391}, {"date": "2018-12-16T00:00:00", "datatype": "AWBT", "station": "GHCND:USW00003017", "attributes": ",,W,", "value": -11}, {"date": "2018-12-16T00:00:00", "datatype": "AWND", "station": "GHCND:USW00003017", "attributes": ",,W,", "value": 10.3}, {"date": "2018-12-16T00:00:00", "datatype": "PRCP", "station": "GHCND:USW00003017", "attributes": ",,W,2400", "value": 0.0}, {"date": "2018-12-16T00:00:00", "datatype": "RHAV", "station": "GHCND:USW00003017", "attributes": ",,W,", "value": 37}, {"date": "2018-12-16T00:00:00", "datatype": "RHMN", "station": "GHCND:USW00003017", "attributes": ",,W,", "value": 13}, {"date": "2018-12-16T00:00:00", "datatype": "RHMX", "station": "GHCND:USW00003017", "attributes": ",,W,", "value": 61}, {"date": "2018-12-16T00:00:00", "datatype": "SNOW", "station": "GHCND:USW00003017", "attributes": ",,W,", "value": 0.0}, {"date": "2018-12-16T00:00:00", "datatype": "SNWD", "station": "GHCND:USW00003017", "attributes": ",,W,", "value": 0.0}, {"date": "2018-12-16T00:00:00", "datatype": "TAVG", "station": "GHCND:USW00003017", "attributes": "H,,S,", "value": 40.0}, {"date": "2018-12-16T00:00:00", "datatype": "TMAX", "station": "GHCND:USW00003017", "attributes": ",,W,2400", "value": 60.0}, {"date": "2018-12-16T00:00:00", "datatype": "TMIN", "station": "GHCND:USW00003017", "attributes": ",,W,2400", "value": 25.0}, {"date": "2018-12-16T00:00:00", "datatype": "WDF2", "station": "GHCND:USW00003017", "attributes": ",,W,", "value": 210}, {"date": "2018-12-16T00:00:00", "datatype": "WDF5", "station": "GHCND:USW00003017", "attributes": ",,W,", "value": 210}, {"date": "2018-12-16T00:00:00", "datatype": "WSF2", "station": "GHCND:USW00003017", "attributes": ",,W,", "value": 17.0}, {"date": "2018-12-16T00:00:00", "datatype": "WSF5", "station": "GHCND:USW00003017", "attributes": ",,W,", "value": 21.0}, {"date": "2018-12-17T00:00:00", "datatype": "ADPT", "station": "GHCND:USW00003017", "attributes": ",,W,", "value": -117}, {"date": "2018-12-17T00:00:00", "datatype": "ASLP", "station": "GHCND:USW00003017", "attributes": ",,W,", "value": 10166}, {"date": "2018-12-17T00:00:00", "datatype": "ASTP", "station": "GHCND:USW00003017", "attributes": ",,W,", "value": 8334}, {"date": "2018-12-17T00:00:00", "datatype": "AWBT", "station": "GHCND:USW00003017", "attributes": ",,W,", "value": -6}, {"date": "2018-12-17T00:00:00", "datatype": "AWND", "station": "GHCND:USW00003017", "attributes": ",,W,", "value": 7.6}, {"date": "2018-12-17T00:00:00", "datatype": "PRCP", "station": "GHCND:USW00003017", "attributes": ",,W,2400", "value": 0.0}, {"date": "2018-12-17T00:00:00", "datatype": "RHAV", "station": "GHCND:USW00003017", "attributes": ",,W,", "value": 29}, {"date": "2018-12-17T00:00:00", "datatype": "RHMN", "station": "GHCND:USW00003017", "attributes": ",,W,", "value": 12}, {"date": "2018-12-17T00:00:00", "datatype": "RHMX", "station": "GHCND:USW00003017", "attributes": ",,W,", "value": 52}, {"date": "2018-12-17T00:00:00", "datatype": "SNOW", "station": "GHCND:USW00003017", "attributes": ",,W,", "value": 0.0}, {"date": "2018-12-17T00:00:00", "datatype": "SNWD", "station": "GHCND:USW00003017", "attributes": ",,W,", "value": 0.0}, {"date": "2018-12-17T00:00:00", "datatype": "TAVG", "station": "GHCND:USW00003017", "attributes": "H,,S,", "value": 40.0}, {"date": "2018-12-17T00:00:00", "datatype": "TMAX", "station": "GHCND:USW00003017", "attributes": ",,W,2400", "value": 59.0}, {"date": "2018-12-17T00:00:00", "datatype": "TMIN", "station": "GHCND:USW00003017", "attributes": ",,W,2400", "value": 26.0}, {"date": "2018-12-17T00:00:00", "datatype": "WDF2", "station": "GHCND:USW00003017", "attributes": ",,W,", "value": 220}, {"date": "2018-12-17T00:00:00", "datatype": "WDF5", "station": "GHCND:USW00003017", "attributes": ",,W,", "value": 240}, {"date": "2018-12-17T00:00:00", "datatype": "WSF2", "station": "GHCND:USW00003017", "attributes": ",,W,", "value": 13.0}, {"date": "2018-12-17T00:00:00", "datatype": "WSF5", "station": "GHCND:USW00003017", "attributes": ",,W,", "value": 16.1}, {"date": "2018-12-18T00:00:00", "datatype": "ADPT", "station": "GHCND:USW00003017", "attributes": ",,W,", "value": -89}, {"date": "2018-12-18T00:00:00", "datatype": "ASLP", "station": "GHCND:USW00003017", "attributes": ",,W,", "value": 10112}, {"date": "2018-12-18T00:00:00", "datatype": "ASTP", "station": "GHCND:USW00003017", "attributes": ",,W,", "value": 8297}, {"date": "2018-12-18T00:00:00", "datatype": "AWBT", "station": "GHCND:USW00003017", "attributes": ",,W,", "value": 0}, {"date": "2018-12-18T00:00:00", "datatype": "AWND", "station": "GHCND:USW00003017", "attributes": ",,W,", "value": 7.6}, {"date": "2018-12-18T00:00:00", "datatype": "PRCP", "station": "GHCND:USW00003017", "attributes": ",,W,2400", "value": 0.0}, {"date": "2018-12-18T00:00:00", "datatype": "RHAV", "station": "GHCND:USW00003017", "attributes": ",,W,", "value": 36}, {"date": "2018-12-18T00:00:00", "datatype": "RHMN", "station": "GHCND:USW00003017", "attributes": ",,W,", "value": 22}, {"date": "2018-12-18T00:00:00", "datatype": "RHMX", "station": "GHCND:USW00003017", "attributes": ",,W,", "value": 58}, {"date": "2018-12-18T00:00:00", "datatype": "SNOW", "station": "GHCND:USW00003017", "attributes": ",,W,", "value": 0.0}, {"date": "2018-12-18T00:00:00", "datatype": "SNWD", "station": "GHCND:USW00003017", "attributes": ",,W,", "value": 0.0}, {"date": "2018-12-18T00:00:00", "datatype": "TAVG", "station": "GHCND:USW00003017", "attributes": "H,,S,", "value": 44.0}, {"date": "2018-12-18T00:00:00", "datatype": "TMAX", "station": "GHCND:USW00003017", "attributes": ",,W,2400", "value": 57.0}, {"date": "2018-12-18T00:00:00", "datatype": "TMIN", "station": "GHCND:USW00003017", "attributes": ",,W,2400", "value": 25.0}, {"date": "2018-12-18T00:00:00", "datatype": "WDF2", "station": "GHCND:USW00003017", "attributes": ",,W,", "value": 210}, {"date": "2018-12-18T00:00:00", "datatype": "WDF5", "station": "GHCND:USW00003017", "attributes": ",,W,", "value": 210}, {"date": "2018-12-18T00:00:00", "datatype": "WSF2", "station": "GHCND:USW00003017", "attributes": ",,W,", "value": 15.0}, {"date": "2018-12-18T00:00:00", "datatype": "WSF5", "station": "GHCND:USW00003017", "attributes": ",,W,", "value": 21.0}, {"date": "2018-12-19T00:00:00", "datatype": "ADPT", "station": "GHCND:USW00003017", "attributes": ",,W,", "value": -72}, {"date": "2018-12-19T00:00:00", "datatype": "ASLP", "station": "GHCND:USW00003017", "attributes": ",,W,", "value": 10132}, {"date": "2018-12-19T00:00:00", "datatype": "ASTP", "station": "GHCND:USW00003017", "attributes": ",,W,", "value": 8310}, {"date": "2018-12-19T00:00:00", "datatype": "AWBT", "station": "GHCND:USW00003017", "attributes": ",,W,", "value": 0}, {"date": "2018-12-19T00:00:00", "datatype": "AWND", "station": "GHCND:USW00003017", "attributes": ",,W,", "value": 15.7}, {"date": "2018-12-19T00:00:00", "datatype": "PRCP", "station": "GHCND:USW00003017", "attributes": ",,W,2400", "value": 0.0}, {"date": "2018-12-19T00:00:00", "datatype": "RHAV", "station": "GHCND:USW00003017", "attributes": ",,W,", "value": 44}, {"date": "2018-12-19T00:00:00", "datatype": "RHMN", "station": "GHCND:USW00003017", "attributes": ",,W,", "value": 24}, {"date": "2018-12-19T00:00:00", "datatype": "RHMX", "station": "GHCND:USW00003017", "attributes": ",,W,", "value": 67}, {"date": "2018-12-19T00:00:00", "datatype": "SNOW", "station": "GHCND:USW00003017", "attributes": ",,W,", "value": 0.0}, {"date": "2018-12-19T00:00:00", "datatype": "SNWD", "station": "GHCND:USW00003017", "attributes": ",,W,", "value": 0.0}, {"date": "2018-12-19T00:00:00", "datatype": "TAVG", "station": "GHCND:USW00003017", "attributes": "H,,S,", "value": 42.0}, {"date": "2018-12-19T00:00:00", "datatype": "TMAX", "station": "GHCND:USW00003017", "attributes": ",,W,2400", "value": 50.0}, {"date": "2018-12-19T00:00:00", "datatype": "TMIN", "station": "GHCND:USW00003017", "attributes": ",,W,2400", "value": 28.0}, {"date": "2018-12-19T00:00:00", "datatype": "WDF2", "station": "GHCND:USW00003017", "attributes": ",,W,", "value": 310}, {"date": "2018-12-19T00:00:00", "datatype": "WDF5", "station": "GHCND:USW00003017", "attributes": ",,W,", "value": 320}, {"date": "2018-12-19T00:00:00", "datatype": "WSF2", "station": "GHCND:USW00003017", "attributes": ",,W,", "value": 33.1}, {"date": "2018-12-19T00:00:00", "datatype": "WSF5", "station": "GHCND:USW00003017", "attributes": ",,W,", "value": 42.1}, {"date": "2018-12-20T00:00:00", "datatype": "ADPT", "station": "GHCND:USW00003017", "attributes": ",,W,", "value": -111}, {"date": "2018-12-20T00:00:00", "datatype": "ASLP", "station": "GHCND:USW00003017", "attributes": ",,W,", "value": 10213}, {"date": "2018-12-20T00:00:00", "datatype": "ASTP", "station": "GHCND:USW00003017", "attributes": ",,W,", "value": 8358}, {"date": "2018-12-20T00:00:00", "datatype": "AWBT", "station": "GHCND:USW00003017", "attributes": ",,W,", "value": -39}, {"date": "2018-12-20T00:00:00", "datatype": "AWND", "station": "GHCND:USW00003017", "attributes": ",,W,", "value": 8.7}, {"date": "2018-12-20T00:00:00", "datatype": "PRCP", "station": "GHCND:USW00003017", "attributes": ",,W,2400", "value": 0.0}, {"date": "2018-12-20T00:00:00", "datatype": "RHAV", "station": "GHCND:USW00003017", "attributes": ",,W,", "value": 47}, {"date": "2018-12-20T00:00:00", "datatype": "RHMN", "station": "GHCND:USW00003017", "attributes": ",,W,", "value": 23}, {"date": "2018-12-20T00:00:00", "datatype": "RHMX", "station": "GHCND:USW00003017", "attributes": ",,W,", "value": 66}, {"date": "2018-12-20T00:00:00", "datatype": "SNOW", "station": "GHCND:USW00003017", "attributes": ",,W,", "value": 0.0}, {"date": "2018-12-20T00:00:00", "datatype": "SNWD", "station": "GHCND:USW00003017", "attributes": ",,W,", "value": 0.0}, {"date": "2018-12-20T00:00:00", "datatype": "TAVG", "station": "GHCND:USW00003017", "attributes": "H,,S,", "value": 33.0}, {"date": "2018-12-20T00:00:00", "datatype": "TMAX", "station": "GHCND:USW00003017", "attributes": ",,W,2400", "value": 48.0}, {"date": "2018-12-20T00:00:00", "datatype": "TMIN", "station": "GHCND:USW00003017", "attributes": ",,W,2400", "value": 19.0}, {"date": "2018-12-20T00:00:00", "datatype": "WDF2", "station": "GHCND:USW00003017", "attributes": ",,W,", "value": 170}, {"date": "2018-12-20T00:00:00", "datatype": "WDF5", "station": "GHCND:USW00003017", "attributes": ",,W,", "value": 160}, {"date": "2018-12-20T00:00:00", "datatype": "WSF2", "station": "GHCND:USW00003017", "attributes": ",,W,", "value": 16.1}, {"date": "2018-12-20T00:00:00", "datatype": "WSF5", "station": "GHCND:USW00003017", "attributes": ",,W,", "value": 19.0}, {"date": "2018-12-21T00:00:00", "datatype": "ADPT", "station": "GHCND:USW00003017", "attributes": ",,W,", "value": -122}, {"date": "2018-12-21T00:00:00", "datatype": "ASLP", "station": "GHCND:USW00003017", "attributes": ",,W,", "value": 10054}, {"date": "2018-12-21T00:00:00", "datatype": "ASTP", "station": "GHCND:USW00003017", "attributes": ",,W,", "value": 8246}, {"date": "2018-12-21T00:00:00", "datatype": "AWBT", "station": "GHCND:USW00003017", "attributes": ",,W,", "value": 0}, {"date": "2018-12-21T00:00:00", "datatype": "AWND", "station": "GHCND:USW00003017", "attributes": ",,W,", "value": 12.3}, {"date": "2018-12-21T00:00:00", "datatype": "PRCP", "station": "GHCND:USW00003017", "attributes": ",,W,2400", "value": 0.0}, {"date": "2018-12-21T00:00:00", "datatype": "RHAV", "station": "GHCND:USW00003017", "attributes": ",,W,", "value": 26}, {"date": "2018-12-21T00:00:00", "datatype": "RHMN", "station": "GHCND:USW00003017", "attributes": ",,W,", "value": 10}, {"date": "2018-12-21T00:00:00", "datatype": "RHMX", "station": "GHCND:USW00003017", "attributes": ",,W,", "value": 57}, {"date": "2018-12-21T00:00:00", "datatype": "SNOW", "station": "GHCND:USW00003017", "attributes": ",,W,", "value": 0.0}, {"date": "2018-12-21T00:00:00", "datatype": "SNWD", "station": "GHCND:USW00003017", "attributes": ",,W,", "value": 0.0}, {"date": "2018-12-21T00:00:00", "datatype": "TAVG", "station": "GHCND:USW00003017", "attributes": "H,,S,", "value": 41.0}, {"date": "2018-12-21T00:00:00", "datatype": "TMAX", "station": "GHCND:USW00003017", "attributes": ",,W,2400", "value": 63.0}, {"date": "2018-12-21T00:00:00", "datatype": "TMIN", "station": "GHCND:USW00003017", "attributes": ",,W,2400", "value": 24.0}, {"date": "2018-12-21T00:00:00", "datatype": "WDF2", "station": "GHCND:USW00003017", "attributes": ",,W,", "value": 270}, {"date": "2018-12-21T00:00:00", "datatype": "WDF5", "station": "GHCND:USW00003017", "attributes": ",,W,", "value": 280}, {"date": "2018-12-21T00:00:00", "datatype": "WSF2", "station": "GHCND:USW00003017", "attributes": ",,W,", "value": 30.0}, {"date": "2018-12-21T00:00:00", "datatype": "WSF5", "station": "GHCND:USW00003017", "attributes": ",,W,", "value": 42.9}, {"date": "2018-12-22T00:00:00", "datatype": "ADPT", "station": "GHCND:USW00003017", "attributes": ",,W,", "value": -83}, {"date": "2018-12-22T00:00:00", "datatype": "ASLP", "station": "GHCND:USW00003017", "attributes": ",,W,", "value": 10173}, {"date": "2018-12-22T00:00:00", "datatype": "ASTP", "station": "GHCND:USW00003017", "attributes": ",,W,", "value": 8320}, {"date": "2018-12-22T00:00:00", "datatype": "AWBT", "station": "GHCND:USW00003017", "attributes": ",,W,", "value": -44}, {"date": "2018-12-22T00:00:00", "datatype": "AWND", "station": "GHCND:USW00003017", "attributes": ",,W,", "value": 11.6}, {"date": "2018-12-22T00:00:00", "datatype": "PRCP", "station": "GHCND:USW00003017", "attributes": "T,,W,2400", "value": 0.0}, {"date": "2018-12-22T00:00:00", "datatype": "RHAV", "station": "GHCND:USW00003017", "attributes": ",,W,", "value": 68}, {"date": "2018-12-22T00:00:00", "datatype": "RHMN", "station": "GHCND:USW00003017", "attributes": ",,W,", "value": 50}, {"date": "2018-12-22T00:00:00", "datatype": "RHMX", "station": "GHCND:USW00003017", "attributes": ",,W,", "value": 82}, {"date": "2018-12-22T00:00:00", "datatype": "SNOW", "station": "GHCND:USW00003017", "attributes": "T,,W,", "value": 0.0}, {"date": "2018-12-22T00:00:00", "datatype": "SNWD", "station": "GHCND:USW00003017", "attributes": ",,W,", "value": 0.0}, {"date": "2018-12-22T00:00:00", "datatype": "TAVG", "station": "GHCND:USW00003017", "attributes": "H,,S,", "value": 35.0}, {"date": "2018-12-22T00:00:00", "datatype": "TMAX", "station": "GHCND:USW00003017", "attributes": ",,W,2400", "value": 38.0}, {"date": "2018-12-22T00:00:00", "datatype": "TMIN", "station": "GHCND:USW00003017", "attributes": ",,W,2400", "value": 15.0}, {"date": "2018-12-22T00:00:00", "datatype": "WDF2", "station": "GHCND:USW00003017", "attributes": ",,W,", "value": 130}, {"date": "2018-12-22T00:00:00", "datatype": "WDF5", "station": "GHCND:USW00003017", "attributes": ",,W,", "value": 60}, {"date": "2018-12-22T00:00:00", "datatype": "WSF2", "station": "GHCND:USW00003017", "attributes": ",,W,", "value": 23.9}, {"date": "2018-12-22T00:00:00", "datatype": "WSF5", "station": "GHCND:USW00003017", "attributes": ",,W,", "value": 29.1}, {"date": "2018-12-23T00:00:00", "datatype": "ADPT", "station": "GHCND:USW00003017", "attributes": ",,W,", "value": -156}, {"date": "2018-12-23T00:00:00", "datatype": "ASLP", "station": "GHCND:USW00003017", "attributes": ",,W,", "value": 10207}, {"date": "2018-12-23T00:00:00", "datatype": "ASTP", "station": "GHCND:USW00003017", "attributes": ",,W,", "value": 8344}, {"date": "2018-12-23T00:00:00", "datatype": "AWBT", "station": "GHCND:USW00003017", "attributes": ",,W,", "value": -44}, {"date": "2018-12-23T00:00:00", "datatype": "AWND", "station": "GHCND:USW00003017", "attributes": ",,W,", "value": 7.2}, {"date": "2018-12-23T00:00:00", "datatype": "PRCP", "station": "GHCND:USW00003017", "attributes": ",,W,2400", "value": 0.0}, {"date": "2018-12-23T00:00:00", "datatype": "RHAV", "station": "GHCND:USW00003017", "attributes": ",,W,", "value": 32}, {"date": "2018-12-23T00:00:00", "datatype": "RHMN", "station": "GHCND:USW00003017", "attributes": ",,W,", "value": 11}, {"date": "2018-12-23T00:00:00", "datatype": "RHMX", "station": "GHCND:USW00003017", "attributes": ",,W,", "value": 74}, {"date": "2018-12-23T00:00:00", "datatype": "SNOW", "station": "GHCND:USW00003017", "attributes": ",,W,", "value": 0.0}, {"date": "2018-12-23T00:00:00", "datatype": "SNWD", "station": "GHCND:USW00003017", "attributes": ",,W,", "value": 0.0}, {"date": "2018-12-23T00:00:00", "datatype": "TAVG", "station": "GHCND:USW00003017", "attributes": "H,,S,", "value": 28.0}, {"date": "2018-12-23T00:00:00", "datatype": "TMAX", "station": "GHCND:USW00003017", "attributes": ",,W,2400", "value": 52.0}, {"date": "2018-12-23T00:00:00", "datatype": "TMIN", "station": "GHCND:USW00003017", "attributes": ",,W,2400", "value": 11.0}, {"date": "2018-12-23T00:00:00", "datatype": "WDF2", "station": "GHCND:USW00003017", "attributes": ",,W,", "value": 210}, {"date": "2018-12-23T00:00:00", "datatype": "WDF5", "station": "GHCND:USW00003017", "attributes": ",,W,", "value": 210}, {"date": "2018-12-23T00:00:00", "datatype": "WSF2", "station": "GHCND:USW00003017", "attributes": ",,W,", "value": 16.1}, {"date": "2018-12-23T00:00:00", "datatype": "WSF5", "station": "GHCND:USW00003017", "attributes": ",,W,", "value": 19.0}, {"date": "2018-12-24T00:00:00", "datatype": "ADPT", "station": "GHCND:USW00003017", "attributes": ",,W,", "value": -100}, {"date": "2018-12-24T00:00:00", "datatype": "ASLP", "station": "GHCND:USW00003017", "attributes": ",,W,", "value": 10146}, {"date": "2018-12-24T00:00:00", "datatype": "ASTP", "station": "GHCND:USW00003017", "attributes": ",,W,", "value": 8307}, {"date": "2018-12-24T00:00:00", "datatype": "AWBT", "station": "GHCND:USW00003017", "attributes": ",,W,", "value": -28}, {"date": "2018-12-24T00:00:00", "datatype": "AWND", "station": "GHCND:USW00003017", "attributes": ",,W,", "value": 6.7}, {"date": "2018-12-24T00:00:00", "datatype": "PRCP", "station": "GHCND:USW00003017", "attributes": ",,W,2400", "value": 0.0}, {"date": "2018-12-24T00:00:00", "datatype": "RHAV", "station": "GHCND:USW00003017", "attributes": ",,W,", "value": 45}, {"date": "2018-12-24T00:00:00", "datatype": "RHMN", "station": "GHCND:USW00003017", "attributes": ",,W,", "value": 28}, {"date": "2018-12-24T00:00:00", "datatype": "RHMX", "station": "GHCND:USW00003017", "attributes": ",,W,", "value": 78}, {"date": "2018-12-24T00:00:00", "datatype": "SNOW", "station": "GHCND:USW00003017", "attributes": ",,W,", "value": 0.0}, {"date": "2018-12-24T00:00:00", "datatype": "SNWD", "station": "GHCND:USW00003017", "attributes": ",,W,", "value": 0.0}, {"date": "2018-12-24T00:00:00", "datatype": "TAVG", "station": "GHCND:USW00003017", "attributes": "H,,S,", "value": 36.0}, {"date": "2018-12-24T00:00:00", "datatype": "TMAX", "station": "GHCND:USW00003017", "attributes": ",,W,2400", "value": 47.0}, {"date": "2018-12-24T00:00:00", "datatype": "TMIN", "station": "GHCND:USW00003017", "attributes": ",,W,2400", "value": 20.0}, {"date": "2018-12-24T00:00:00", "datatype": "WDF2", "station": "GHCND:USW00003017", "attributes": ",,W,", "value": 170}, {"date": "2018-12-24T00:00:00", "datatype": "WDF5", "station": "GHCND:USW00003017", "attributes": ",,W,", "value": 160}, {"date": "2018-12-24T00:00:00", "datatype": "WSF2", "station": "GHCND:USW00003017", "attributes": ",,W,", "value": 15.0}, {"date": "2018-12-24T00:00:00", "datatype": "WSF5", "station": "GHCND:USW00003017", "attributes": ",,W,", "value": 17.0}, {"date": "2018-12-25T00:00:00", "datatype": "ADPT", "station": "GHCND:USW00003017", "attributes": ",,W,", "value": -78}, {"date": "2018-12-25T00:00:00", "datatype": "ASLP", "station": "GHCND:USW00003017", "attributes": ",,W,", "value": 10142}, {"date": "2018-12-25T00:00:00", "datatype": "ASTP", "station": "GHCND:USW00003017", "attributes": ",,W,", "value": 8297}, {"date": "2018-12-25T00:00:00", "datatype": "AWBT", "station": "GHCND:USW00003017", "attributes": ",,W,", "value": -28}, {"date": "2018-12-25T00:00:00", "datatype": "AWND", "station": "GHCND:USW00003017", "attributes": ",,W,", "value": 7.6}, {"date": "2018-12-25T00:00:00", "datatype": "PRCP", "station": "GHCND:USW00003017", "attributes": ",,W,2400", "value": 0.0}, {"date": "2018-12-25T00:00:00", "datatype": "RHAV", "station": "GHCND:USW00003017", "attributes": ",,W,", "value": 58}, {"date": "2018-12-25T00:00:00", "datatype": "RHMN", "station": "GHCND:USW00003017", "attributes": ",,W,", "value": 34}, {"date": "2018-12-25T00:00:00", "datatype": "RHMX", "station": "GHCND:USW00003017", "attributes": ",,W,", "value": 78}, {"date": "2018-12-25T00:00:00", "datatype": "SNOW", "station": "GHCND:USW00003017", "attributes": ",,W,", "value": 0.0}, {"date": "2018-12-25T00:00:00", "datatype": "SNWD", "station": "GHCND:USW00003017", "attributes": ",,W,", "value": 0.0}, {"date": "2018-12-25T00:00:00", "datatype": "TAVG", "station": "GHCND:USW00003017", "attributes": "H,,S,", "value": 32.0}, {"date": "2018-12-25T00:00:00", "datatype": "TMAX", "station": "GHCND:USW00003017", "attributes": ",,W,2400", "value": 47.0}, {"date": "2018-12-25T00:00:00", "datatype": "TMIN", "station": "GHCND:USW00003017", "attributes": ",,W,2400", "value": 20.0}, {"date": "2018-12-25T00:00:00", "datatype": "WDF2", "station": "GHCND:USW00003017", "attributes": ",,W,", "value": 300}, {"date": "2018-12-25T00:00:00", "datatype": "WDF5", "station": "GHCND:USW00003017", "attributes": ",,W,", "value": 310}, {"date": "2018-12-25T00:00:00", "datatype": "WSF2", "station": "GHCND:USW00003017", "attributes": ",,W,", "value": 15.0}, {"date": "2018-12-25T00:00:00", "datatype": "WSF5", "station": "GHCND:USW00003017", "attributes": ",,W,", "value": 18.1}, {"date": "2018-12-26T00:00:00", "datatype": "ADPT", "station": "GHCND:USW00003017", "attributes": ",,W,", "value": -67}, {"date": "2018-12-26T00:00:00", "datatype": "ASLP", "station": "GHCND:USW00003017", "attributes": ",,W,", "value": 10102}, {"date": "2018-12-26T00:00:00", "datatype": "ASTP", "station": "GHCND:USW00003017", "attributes": ",,W,", "value": 8253}, {"date": "2018-12-26T00:00:00", "datatype": "AWBT", "station": "GHCND:USW00003017", "attributes": ",,W,", "value": -44}, {"date": "2018-12-26T00:00:00", "datatype": "AWND", "station": "GHCND:USW00003017", "attributes": ",,W,", "value": 9.8}, {"date": "2018-12-26T00:00:00", "datatype": "PRCP", "station": "GHCND:USW00003017", "attributes": "T,,W,2400", "value": 0.0}, {"date": "2018-12-26T00:00:00", "datatype": "RHAV", "station": "GHCND:USW00003017", "attributes": ",,W,", "value": 77}, {"date": "2018-12-26T00:00:00", "datatype": "RHMN", "station": "GHCND:USW00003017", "attributes": ",,W,", "value": 59}, {"date": "2018-12-26T00:00:00", "datatype": "RHMX", "station": "GHCND:USW00003017", "attributes": ",,W,", "value": 92}, {"date": "2018-12-26T00:00:00", "datatype": "SNOW", "station": "GHCND:USW00003017", "attributes": "T,,W,", "value": 0.0}, {"date": "2018-12-26T00:00:00", "datatype": "SNWD", "station": "GHCND:USW00003017", "attributes": ",,W,", "value": 0.0}, {"date": "2018-12-26T00:00:00", "datatype": "TAVG", "station": "GHCND:USW00003017", "attributes": "H,,S,", "value": 27.0}, {"date": "2018-12-26T00:00:00", "datatype": "TMAX", "station": "GHCND:USW00003017", "attributes": ",,W,2400", "value": 37.0}, {"date": "2018-12-26T00:00:00", "datatype": "TMIN", "station": "GHCND:USW00003017", "attributes": ",,W,2400", "value": 19.0}, {"date": "2018-12-26T00:00:00", "datatype": "WDF2", "station": "GHCND:USW00003017", "attributes": ",,W,", "value": 40}, {"date": "2018-12-26T00:00:00", "datatype": "WDF5", "station": "GHCND:USW00003017", "attributes": ",,W,", "value": 40}, {"date": "2018-12-26T00:00:00", "datatype": "WSF2", "station": "GHCND:USW00003017", "attributes": ",,W,", "value": 19.9}, {"date": "2018-12-26T00:00:00", "datatype": "WSF5", "station": "GHCND:USW00003017", "attributes": ",,W,", "value": 23.9}, {"date": "2018-12-26T00:00:00", "datatype": "WT01", "station": "GHCND:USW00003017", "attributes": ",,W,", "value": 1}, {"date": "2018-12-27T00:00:00", "datatype": "ADPT", "station": "GHCND:USW00003017", "attributes": ",,W,", "value": -133}, {"date": "2018-12-27T00:00:00", "datatype": "ASLP", "station": "GHCND:USW00003017", "attributes": ",,W,", "value": 10129}, {"date": "2018-12-27T00:00:00", "datatype": "ASTP", "station": "GHCND:USW00003017", "attributes": ",,W,", "value": 8263}, {"date": "2018-12-27T00:00:00", "datatype": "AWBT", "station": "GHCND:USW00003017", "attributes": ",,W,", "value": -83}, {"date": "2018-12-27T00:00:00", "datatype": "AWND", "station": "GHCND:USW00003017", "attributes": ",,W,", "value": 13.0}, {"date": "2018-12-27T00:00:00", "datatype": "PRCP", "station": "GHCND:USW00003017", "attributes": ",,W,2400", "value": 0.0}, {"date": "2018-12-27T00:00:00", "datatype": "RHAV", "station": "GHCND:USW00003017", "attributes": ",,W,", "value": 60}, {"date": "2018-12-27T00:00:00", "datatype": "RHMN", "station": "GHCND:USW00003017", "attributes": ",,W,", "value": 36}, {"date": "2018-12-27T00:00:00", "datatype": "RHMX", "station": "GHCND:USW00003017", "attributes": ",,W,", "value": 88}, {"date": "2018-12-27T00:00:00", "datatype": "SNOW", "station": "GHCND:USW00003017", "attributes": ",,W,", "value": 0.0}, {"date": "2018-12-27T00:00:00", "datatype": "SNWD", "station": "GHCND:USW00003017", "attributes": ",,W,", "value": 0.0}, {"date": "2018-12-27T00:00:00", "datatype": "TAVG", "station": "GHCND:USW00003017", "attributes": "H,,S,", "value": 24.0}, {"date": "2018-12-27T00:00:00", "datatype": "TMAX", "station": "GHCND:USW00003017", "attributes": ",,W,2400", "value": 30.0}, {"date": "2018-12-27T00:00:00", "datatype": "TMIN", "station": "GHCND:USW00003017", "attributes": ",,W,2400", "value": 13.0}, {"date": "2018-12-27T00:00:00", "datatype": "WDF2", "station": "GHCND:USW00003017", "attributes": ",,W,", "value": 350}, {"date": "2018-12-27T00:00:00", "datatype": "WDF5", "station": "GHCND:USW00003017", "attributes": ",,W,", "value": 350}, {"date": "2018-12-27T00:00:00", "datatype": "WSF2", "station": "GHCND:USW00003017", "attributes": ",,W,", "value": 31.1}, {"date": "2018-12-27T00:00:00", "datatype": "WSF5", "station": "GHCND:USW00003017", "attributes": ",,W,", "value": 38.9}, {"date": "2018-12-28T00:00:00", "datatype": "ADPT", "station": "GHCND:USW00003017", "attributes": ",,W,", "value": -139}, {"date": "2018-12-28T00:00:00", "datatype": "ASLP", "station": "GHCND:USW00003017", "attributes": ",,W,", "value": 10234}, {"date": "2018-12-28T00:00:00", "datatype": "ASTP", "station": "GHCND:USW00003017", "attributes": ",,W,", "value": 8337}, {"date": "2018-12-28T00:00:00", "datatype": "AWBT", "station": "GHCND:USW00003017", "attributes": ",,W,", "value": -111}, {"date": "2018-12-28T00:00:00", "datatype": "AWND", "station": "GHCND:USW00003017", "attributes": ",,W,", "value": 6.3}, {"date": "2018-12-28T00:00:00", "datatype": "PRCP", "station": "GHCND:USW00003017", "attributes": "T,,W,2400", "value": 0.0}, {"date": "2018-12-28T00:00:00", "datatype": "RHAV", "station": "GHCND:USW00003017", "attributes": ",,W,", "value": 72}, {"date": "2018-12-28T00:00:00", "datatype": "RHMN", "station": "GHCND:USW00003017", "attributes": ",,W,", "value": 57}, {"date": "2018-12-28T00:00:00", "datatype": "RHMX", "station": "GHCND:USW00003017", "attributes": ",,W,", "value": 87}, {"date": "2018-12-28T00:00:00", "datatype": "SNOW", "station": "GHCND:USW00003017", "attributes": "T,,W,", "value": 0.0}, {"date": "2018-12-28T00:00:00", "datatype": "SNWD", "station": "GHCND:USW00003017", "attributes": ",,W,", "value": 0.0}, {"date": "2018-12-28T00:00:00", "datatype": "TAVG", "station": "GHCND:USW00003017", "attributes": "H,,S,", "value": 16.0}, {"date": "2018-12-28T00:00:00", "datatype": "TMAX", "station": "GHCND:USW00003017", "attributes": ",,W,2400", "value": 22.0}, {"date": "2018-12-28T00:00:00", "datatype": "TMIN", "station": "GHCND:USW00003017", "attributes": ",,W,2400", "value": 9.0}, {"date": "2018-12-28T00:00:00", "datatype": "WDF2", "station": "GHCND:USW00003017", "attributes": ",,W,", "value": 70}, {"date": "2018-12-28T00:00:00", "datatype": "WDF5", "station": "GHCND:USW00003017", "attributes": ",,W,", "value": 60}, {"date": "2018-12-28T00:00:00", "datatype": "WSF2", "station": "GHCND:USW00003017", "attributes": ",,W,", "value": 12.1}, {"date": "2018-12-28T00:00:00", "datatype": "WSF5", "station": "GHCND:USW00003017", "attributes": ",,W,", "value": 17.0}, {"date": "2018-12-29T00:00:00", "datatype": "ADPT", "station": "GHCND:USW00003017", "attributes": ",,W,", "value": -156}, {"date": "2018-12-29T00:00:00", "datatype": "ASLP", "station": "GHCND:USW00003017", "attributes": ",,W,", "value": 10193}, {"date": "2018-12-29T00:00:00", "datatype": "ASTP", "station": "GHCND:USW00003017", "attributes": ",,W,", "value": 8303}, {"date": "2018-12-29T00:00:00", "datatype": "AWBT", "station": "GHCND:USW00003017", "attributes": ",,W,", "value": -83}, {"date": "2018-12-29T00:00:00", "datatype": "AWND", "station": "GHCND:USW00003017", "attributes": ",,W,", "value": 7.6}, {"date": "2018-12-29T00:00:00", "datatype": "PRCP", "station": "GHCND:USW00003017", "attributes": "T,,W,2400", "value": 0.0}, {"date": "2018-12-29T00:00:00", "datatype": "RHAV", "station": "GHCND:USW00003017", "attributes": ",,W,", "value": 50}, {"date": "2018-12-29T00:00:00", "datatype": "RHMN", "station": "GHCND:USW00003017", "attributes": ",,W,", "value": 16}, {"date": "2018-12-29T00:00:00", "datatype": "RHMX", "station": "GHCND:USW00003017", "attributes": ",,W,", "value": 88}, {"date": "2018-12-29T00:00:00", "datatype": "SNOW", "station": "GHCND:USW00003017", "attributes": "T,,W,", "value": 0.0}, {"date": "2018-12-29T00:00:00", "datatype": "SNWD", "station": "GHCND:USW00003017", "attributes": ",,W,", "value": 0.0}, {"date": "2018-12-29T00:00:00", "datatype": "TAVG", "station": "GHCND:USW00003017", "attributes": "H,,S,", "value": 17.0}, {"date": "2018-12-29T00:00:00", "datatype": "TMAX", "station": "GHCND:USW00003017", "attributes": ",,W,2400", "value": 39.0}, {"date": "2018-12-29T00:00:00", "datatype": "TMIN", "station": "GHCND:USW00003017", "attributes": ",,W,2400", "value": 5.0}, {"date": "2018-12-29T00:00:00", "datatype": "WDF2", "station": "GHCND:USW00003017", "attributes": ",,W,", "value": 200}, {"date": "2018-12-29T00:00:00", "datatype": "WDF5", "station": "GHCND:USW00003017", "attributes": ",,W,", "value": 200}, {"date": "2018-12-29T00:00:00", "datatype": "WSF2", "station": "GHCND:USW00003017", "attributes": ",,W,", "value": 16.1}, {"date": "2018-12-29T00:00:00", "datatype": "WSF5", "station": "GHCND:USW00003017", "attributes": ",,W,", "value": 19.9}, {"date": "2018-12-30T00:00:00", "datatype": "ADPT", "station": "GHCND:USW00003017", "attributes": ",,W,", "value": -111}, {"date": "2018-12-30T00:00:00", "datatype": "ASLP", "station": "GHCND:USW00003017", "attributes": ",,W,", "value": 10037}, {"date": "2018-12-30T00:00:00", "datatype": "ASTP", "station": "GHCND:USW00003017", "attributes": ",,W,", "value": 8209}, {"date": "2018-12-30T00:00:00", "datatype": "AWBT", "station": "GHCND:USW00003017", "attributes": ",,W,", "value": -22}, {"date": "2018-12-30T00:00:00", "datatype": "AWND", "station": "GHCND:USW00003017", "attributes": ",,W,", "value": 10.1}, {"date": "2018-12-30T00:00:00", "datatype": "PRCP", "station": "GHCND:USW00003017", "attributes": ",,W,2400", "value": 0.0}, {"date": "2018-12-30T00:00:00", "datatype": "RHAV", "station": "GHCND:USW00003017", "attributes": ",,W,", "value": 37}, {"date": "2018-12-30T00:00:00", "datatype": "RHMN", "station": "GHCND:USW00003017", "attributes": ",,W,", "value": 22}, {"date": "2018-12-30T00:00:00", "datatype": "RHMX", "station": "GHCND:USW00003017", "attributes": ",,W,", "value": 52}, {"date": "2018-12-30T00:00:00", "datatype": "SNOW", "station": "GHCND:USW00003017", "attributes": ",,W,", "value": 0.0}, {"date": "2018-12-30T00:00:00", "datatype": "SNWD", "station": "GHCND:USW00003017", "attributes": ",,W,", "value": 0.0}, {"date": "2018-12-30T00:00:00", "datatype": "TAVG", "station": "GHCND:USW00003017", "attributes": "H,,S,", "value": 35.0}, {"date": "2018-12-30T00:00:00", "datatype": "TMAX", "station": "GHCND:USW00003017", "attributes": ",,W,2400", "value": 53.0}, {"date": "2018-12-30T00:00:00", "datatype": "TMIN", "station": "GHCND:USW00003017", "attributes": ",,W,2400", "value": 27.0}, {"date": "2018-12-30T00:00:00", "datatype": "WDF2", "station": "GHCND:USW00003017", "attributes": ",,W,", "value": 210}, {"date": "2018-12-30T00:00:00", "datatype": "WDF5", "station": "GHCND:USW00003017", "attributes": ",,W,", "value": 200}, {"date": "2018-12-30T00:00:00", "datatype": "WSF2", "station": "GHCND:USW00003017", "attributes": ",,W,", "value": 19.9}, {"date": "2018-12-30T00:00:00", "datatype": "WSF5", "station": "GHCND:USW00003017", "attributes": ",,W,", "value": 27.1}, {"date": "2018-12-31T00:00:00", "datatype": "ADPT", "station": "GHCND:USW00003017", "attributes": ",,W,", "value": -139}, {"date": "2018-12-31T00:00:00", "datatype": "ASLP", "station": "GHCND:USW00003017", "attributes": ",,W,", "value": 10179}, {"date": "2018-12-31T00:00:00", "datatype": "ASTP", "station": "GHCND:USW00003017", "attributes": ",,W,", "value": 8314}, {"date": "2018-12-31T00:00:00", "datatype": "AWBT", "station": "GHCND:USW00003017", "attributes": ",,W,", "value": -111}, {"date": "2018-12-31T00:00:00", "datatype": "AWND", "station": "GHCND:USW00003017", "attributes": ",,W,", "value": 14.1}, {"date": "2018-12-31T00:00:00", "datatype": "PRCP", "station": "GHCND:USW00003017", "attributes": ",,W,2400", "value": 0.03}, {"date": "2018-12-31T00:00:00", "datatype": "RHAV", "station": "GHCND:USW00003017", "attributes": ",,W,", "value": 76}, {"date": "2018-12-31T00:00:00", "datatype": "RHMN", "station": "GHCND:USW00003017", "attributes": ",,W,", "value": 54}, {"date": "2018-12-31T00:00:00", "datatype": "RHMX", "station": "GHCND:USW00003017", "attributes": ",,W,", "value": 91}, {"date": "2018-12-31T00:00:00", "datatype": "SNOW", "station": "GHCND:USW00003017", "attributes": ",,W,", "value": 0.5}, {"date": "2018-12-31T00:00:00", "datatype": "SNWD", "station": "GHCND:USW00003017", "attributes": ",,W,", "value": 0.0}, {"date": "2018-12-31T00:00:00", "datatype": "TAVG", "station": "GHCND:USW00003017", "attributes": "H,,S,", "value": 23.0}, {"date": "2018-12-31T00:00:00", "datatype": "TMAX", "station": "GHCND:USW00003017", "attributes": ",,W,2400", "value": 32.0}, {"date": "2018-12-31T00:00:00", "datatype": "TMIN", "station": "GHCND:USW00003017", "attributes": ",,W,2400", "value": 0.0}, {"date": "2018-12-31T00:00:00", "datatype": "WDF2", "station": "GHCND:USW00003017", "attributes": ",,W,", "value": 20}, {"date": "2018-12-31T00:00:00", "datatype": "WDF5", "station": "GHCND:USW00003017", "attributes": ",,W,", "value": 20}, {"date": "2018-12-31T00:00:00", "datatype": "WSF2", "station": "GHCND:USW00003017", "attributes": ",,W,", "value": 31.1}, {"date": "2018-12-31T00:00:00", "datatype": "WSF5", "station": "GHCND:USW00003017", "attributes": ",,W,", "value": 40.0}, {"date": "2018-12-31T00:00:00", "datatype": "WT01", "station": "GHCND:USW00003017", "attributes": ",,W,", "value": 1}, {"date": "2019-01-01T00:00:00", "datatype": "ADPT", "station": "GHCND:USW00003017", "attributes": ",,W,", "value": -183}, {"date": "2019-01-01T00:00:00", "datatype": "ASLP", "station": "GHCND:USW00003017", "attributes": ",,W,", "value": 10268}, {"date": "2019-01-01T00:00:00", "datatype": "ASTP", "station": "GHCND:USW00003017", "attributes": ",,W,", "value": 8347}, {"date": "2019-01-01T00:00:00", "datatype": "AWBT", "station": "GHCND:USW00003017", "attributes": ",,W,", "value": -167}, {"date": "2019-01-01T00:00:00", "datatype": "AWND", "station": "GHCND:USW00003017", "attributes": ",,W,", "value": 5.1}, {"date": "2019-01-01T00:00:00", "datatype": "PRCP", "station": "GHCND:USW00003017", "attributes": ",,W,2400", "value": 0.0}, {"date": "2019-01-01T00:00:00", "datatype": "RHAV", "station": "GHCND:USW00003017", "attributes": ",,W,", "value": 75}, {"date": "2019-01-01T00:00:00", "datatype": "RHMN", "station": "GHCND:USW00003017", "attributes": ",,W,", "value": 61}, {"date": "2019-01-01T00:00:00", "datatype": "RHMX", "station": "GHCND:USW00003017", "attributes": ",,W,", "value": 87}, {"date": "2019-01-01T00:00:00", "datatype": "SNOW", "station": "GHCND:USW00003017", "attributes": ",,W,", "value": 0.0}, {"date": "2019-01-01T00:00:00", "datatype": "SNWD", "station": "GHCND:USW00003017", "attributes": "T,,W,", "value": 0.0}, {"date": "2019-01-01T00:00:00", "datatype": "TAVG", "station": "GHCND:USW00003017", "attributes": "H,,S,", "value": 4.0}, {"date": "2019-01-01T00:00:00", "datatype": "TMAX", "station": "GHCND:USW00003017", "attributes": ",,W,2400", "value": 12.0}, {"date": "2019-01-01T00:00:00", "datatype": "TMIN", "station": "GHCND:USW00003017", "attributes": ",,W,2400", "value": -5.0}, {"date": "2019-01-01T00:00:00", "datatype": "WDF2", "station": "GHCND:USW00003017", "attributes": ",,W,", "value": 170}, {"date": "2019-01-01T00:00:00", "datatype": "WDF5", "station": "GHCND:USW00003017", "attributes": ",,W,", "value": 210}, {"date": "2019-01-01T00:00:00", "datatype": "WSF2", "station": "GHCND:USW00003017", "attributes": ",,W,", "value": 12.1}, {"date": "2019-01-01T00:00:00", "datatype": "WSF5", "station": "GHCND:USW00003017", "attributes": ",,W,", "value": 15.0}, {"date": "2019-01-02T00:00:00", "datatype": "ADPT", "station": "GHCND:USW00003017", "attributes": ",,W,", "value": -139}, {"date": "2019-01-02T00:00:00", "datatype": "ASLP", "station": "GHCND:USW00003017", "attributes": ",,W,", "value": 10213}, {"date": "2019-01-02T00:00:00", "datatype": "ASTP", "station": "GHCND:USW00003017", "attributes": ",,W,", "value": 8320}, {"date": "2019-01-02T00:00:00", "datatype": "AWBT", "station": "GHCND:USW00003017", "attributes": ",,W,", "value": -83}, {"date": "2019-01-02T00:00:00", "datatype": "AWND", "station": "GHCND:USW00003017", "attributes": ",,W,", "value": 8.9}, {"date": "2019-01-02T00:00:00", "datatype": "PRCP", "station": "GHCND:USW00003017", "attributes": ",,W,2400", "value": 0.0}, {"date": "2019-01-02T00:00:00", "datatype": "RHAV", "station": "GHCND:USW00003017", "attributes": ",,W,", "value": 54}, {"date": "2019-01-02T00:00:00", "datatype": "RHMN", "station": "GHCND:USW00003017", "attributes": ",,W,", "value": 32}, {"date": "2019-01-02T00:00:00", "datatype": "RHMX", "station": "GHCND:USW00003017", "attributes": ",,W,", "value": 76}, {"date": "2019-01-02T00:00:00", "datatype": "SNOW", "station": "GHCND:USW00003017", "attributes": ",,W,", "value": 0.0}, {"date": "2019-01-02T00:00:00", "datatype": "SNWD", "station": "GHCND:USW00003017", "attributes": "T,,W,", "value": 0.0}, {"date": "2019-01-02T00:00:00", "datatype": "TAVG", "station": "GHCND:USW00003017", "attributes": "H,,S,", "value": 15.0}, {"date": "2019-01-02T00:00:00", "datatype": "TMAX", "station": "GHCND:USW00003017", "attributes": ",,W,2400", "value": 38.0}, {"date": "2019-01-02T00:00:00", "datatype": "TMIN", "station": "GHCND:USW00003017", "attributes": ",,W,2400", "value": 2.0}, {"date": "2019-01-02T00:00:00", "datatype": "WDF2", "station": "GHCND:USW00003017", "attributes": ",,W,", "value": 210}, {"date": "2019-01-02T00:00:00", "datatype": "WDF5", "station": "GHCND:USW00003017", "attributes": ",,W,", "value": 210}, {"date": "2019-01-02T00:00:00", "datatype": "WSF2", "station": "GHCND:USW00003017", "attributes": ",,W,", "value": 17.0}, {"date": "2019-01-02T00:00:00", "datatype": "WSF5", "station": "GHCND:USW00003017", "attributes": ",,W,", "value": 21.0}, {"date": "2019-01-03T00:00:00", "datatype": "ADPT", "station": "GHCND:USW00003017", "attributes": ",,W,", "value": -106}, {"date": "2019-01-03T00:00:00", "datatype": "ASLP", "station": "GHCND:USW00003017", "attributes": ",,W,", "value": 10156}, {"date": "2019-01-03T00:00:00", "datatype": "ASTP", "station": "GHCND:USW00003017", "attributes": ",,W,", "value": 8307}, {"date": "2019-01-03T00:00:00", "datatype": "AWBT", "station": "GHCND:USW00003017", "attributes": ",,W,", "value": -22}, {"date": "2019-01-03T00:00:00", "datatype": "AWND", "station": "GHCND:USW00003017", "attributes": ",,W,", "value": 9.6}, {"date": "2019-01-03T00:00:00", "datatype": "PRCP", "station": "GHCND:USW00003017", "attributes": ",,W,2400", "value": 0.0}, {"date": "2019-01-03T00:00:00", "datatype": "RHAV", "station": "GHCND:USW00003017", "attributes": ",,W,", "value": 41}, {"date": "2019-01-03T00:00:00", "datatype": "RHMN", "station": "GHCND:USW00003017", "attributes": ",,W,", "value": 20}, {"date": "2019-01-03T00:00:00", "datatype": "RHMX", "station": "GHCND:USW00003017", "attributes": ",,W,", "value": 64}, {"date": "2019-01-03T00:00:00", "datatype": "SNOW", "station": "GHCND:USW00003017", "attributes": ",,W,", "value": 0.0}, {"date": "2019-01-03T00:00:00", "datatype": "SNWD", "station": "GHCND:USW00003017", "attributes": ",,W,", "value": 0.0}, {"date": "2019-01-03T00:00:00", "datatype": "TAVG", "station": "GHCND:USW00003017", "attributes": "H,,S,", "value": 32.0}, {"date": "2019-01-03T00:00:00", "datatype": "TMAX", "station": "GHCND:USW00003017", "attributes": ",,W,2400", "value": 56.0}, {"date": "2019-01-03T00:00:00", "datatype": "TMIN", "station": "GHCND:USW00003017", "attributes": ",,W,2400", "value": 16.0}, {"date": "2019-01-03T00:00:00", "datatype": "WDF2", "station": "GHCND:USW00003017", "attributes": ",,W,", "value": 210}, {"date": "2019-01-03T00:00:00", "datatype": "WDF5", "station": "GHCND:USW00003017", "attributes": ",,W,", "value": 210}, {"date": "2019-01-03T00:00:00", "datatype": "WSF2", "station": "GHCND:USW00003017", "attributes": ",,W,", "value": 17.0}, {"date": "2019-01-03T00:00:00", "datatype": "WSF5", "station": "GHCND:USW00003017", "attributes": ",,W,", "value": 21.9}, {"date": "2019-01-04T00:00:00", "datatype": "ADPT", "station": "GHCND:USW00003017", "attributes": ",,W,", "value": -78}, {"date": "2019-01-04T00:00:00", "datatype": "ASLP", "station": "GHCND:USW00003017", "attributes": ",,W,", "value": 10135}, {"date": "2019-01-04T00:00:00", "datatype": "ASTP", "station": "GHCND:USW00003017", "attributes": ",,W,", "value": 8310}, {"date": "2019-01-04T00:00:00", "datatype": "AWBT", "station": "GHCND:USW00003017", "attributes": ",,W,", "value": 11}, {"date": "2019-01-04T00:00:00", "datatype": "AWND", "station": "GHCND:USW00003017", "attributes": ",,W,", "value": 9.4}, {"date": "2019-01-04T00:00:00", "datatype": "PRCP", "station": "GHCND:USW00003017", "attributes": ",,W,2400", "value": 0.0}, {"date": "2019-01-04T00:00:00", "datatype": "RHAV", "station": "GHCND:USW00003017", "attributes": ",,W,", "value": 38}, {"date": "2019-01-04T00:00:00", "datatype": "RHMN", "station": "GHCND:USW00003017", "attributes": ",,W,", "value": 15}, {"date": "2019-01-04T00:00:00", "datatype": "RHMX", "station": "GHCND:USW00003017", "attributes": ",,W,", "value": 59}, {"date": "2019-01-04T00:00:00", "datatype": "SNOW", "station": "GHCND:USW00003017", "attributes": ",,W,", "value": 0.0}, {"date": "2019-01-04T00:00:00", "datatype": "SNWD", "station": "GHCND:USW00003017", "attributes": ",,W,", "value": 0.0}, {"date": "2019-01-04T00:00:00", "datatype": "TAVG", "station": "GHCND:USW00003017", "attributes": "H,,S,", "value": 42.0}, {"date": "2019-01-04T00:00:00", "datatype": "TMAX", "station": "GHCND:USW00003017", "attributes": ",,W,2400", "value": 62.0}, {"date": "2019-01-04T00:00:00", "datatype": "TMIN", "station": "GHCND:USW00003017", "attributes": ",,W,2400", "value": 30.0}, {"date": "2019-01-04T00:00:00", "datatype": "WDF2", "station": "GHCND:USW00003017", "attributes": ",,W,", "value": 210}, {"date": "2019-01-04T00:00:00", "datatype": "WDF5", "station": "GHCND:USW00003017", "attributes": ",,W,", "value": 220}, {"date": "2019-01-04T00:00:00", "datatype": "WSF2", "station": "GHCND:USW00003017", "attributes": ",,W,", "value": 16.1}, {"date": "2019-01-04T00:00:00", "datatype": "WSF5", "station": "GHCND:USW00003017", "attributes": ",,W,", "value": 19.9}, {"date": "2019-01-05T00:00:00", "datatype": "ADPT", "station": "GHCND:USW00003017", "attributes": ",,W,", "value": -78}, {"date": "2019-01-05T00:00:00", "datatype": "ASLP", "station": "GHCND:USW00003017", "attributes": ",,W,", "value": 10122}, {"date": "2019-01-05T00:00:00", "datatype": "ASTP", "station": "GHCND:USW00003017", "attributes": ",,W,", "value": 8303}, {"date": "2019-01-05T00:00:00", "datatype": "AWBT", "station": "GHCND:USW00003017", "attributes": ",,W,", "value": 11}, {"date": "2019-01-05T00:00:00", "datatype": "AWND", "station": "GHCND:USW00003017", "attributes": ",,W,", "value": 7.6}, {"date": "2019-01-05T00:00:00", "datatype": "PRCP", "station": "GHCND:USW00003017", "attributes": ",,W,2400", "value": 0.0}, {"date": "2019-01-05T00:00:00", "datatype": "RHAV", "station": "GHCND:USW00003017", "attributes": ",,W,", "value": 37}, {"date": "2019-01-05T00:00:00", "datatype": "RHMN", "station": "GHCND:USW00003017", "attributes": ",,W,", "value": 18}, {"date": "2019-01-05T00:00:00", "datatype": "RHMX", "station": "GHCND:USW00003017", "attributes": ",,W,", "value": 57}, {"date": "2019-01-05T00:00:00", "datatype": "SNOW", "station": "GHCND:USW00003017", "attributes": ",,W,", "value": 0.0}, {"date": "2019-01-05T00:00:00", "datatype": "SNWD", "station": "GHCND:USW00003017", "attributes": ",,W,", "value": 0.0}, {"date": "2019-01-05T00:00:00", "datatype": "TAVG", "station": "GHCND:USW00003017", "attributes": "H,,S,", "value": 44.0}, {"date": "2019-01-05T00:00:00", "datatype": "TMAX", "station": "GHCND:USW00003017", "attributes": ",,W,2400", "value": 60.0}, {"date": "2019-01-05T00:00:00", "datatype": "TMIN", "station": "GHCND:USW00003017", "attributes": ",,W,2400", "value": 33.0}, {"date": "2019-01-05T00:00:00", "datatype": "WDF2", "station": "GHCND:USW00003017", "attributes": ",,W,", "value": 220}, {"date": "2019-01-05T00:00:00", "datatype": "WDF5", "station": "GHCND:USW00003017", "attributes": ",,W,", "value": 220}, {"date": "2019-01-05T00:00:00", "datatype": "WSF2", "station": "GHCND:USW00003017", "attributes": ",,W,", "value": 17.0}, {"date": "2019-01-05T00:00:00", "datatype": "WSF5", "station": "GHCND:USW00003017", "attributes": ",,W,", "value": 23.0}, {"date": "2019-01-06T00:00:00", "datatype": "ADPT", "station": "GHCND:USW00003017", "attributes": ",,W,", "value": -61}, {"date": "2019-01-06T00:00:00", "datatype": "ASLP", "station": "GHCND:USW00003017", "attributes": ",,W,", "value": 10027}, {"date": "2019-01-06T00:00:00", "datatype": "ASTP", "station": "GHCND:USW00003017", "attributes": ",,W,", "value": 8226}, {"date": "2019-01-06T00:00:00", "datatype": "AWBT", "station": "GHCND:USW00003017", "attributes": ",,W,", "value": 11}, {"date": "2019-01-06T00:00:00", "datatype": "AWND", "station": "GHCND:USW00003017", "attributes": ",,W,", "value": 9.4}, {"date": "2019-01-06T00:00:00", "datatype": "PRCP", "station": "GHCND:USW00003017", "attributes": "T,,W,2400", "value": 0.0}, {"date": "2019-01-06T00:00:00", "datatype": "RHAV", "station": "GHCND:USW00003017", "attributes": ",,W,", "value": 44}, {"date": "2019-01-06T00:00:00", "datatype": "RHMN", "station": "GHCND:USW00003017", "attributes": ",,W,", "value": 24}, {"date": "2019-01-06T00:00:00", "datatype": "RHMX", "station": "GHCND:USW00003017", "attributes": ",,W,", "value": 69}, {"date": "2019-01-06T00:00:00", "datatype": "SNOW", "station": "GHCND:USW00003017", "attributes": ",,W,", "value": 0.0}, {"date": "2019-01-06T00:00:00", "datatype": "SNWD", "station": "GHCND:USW00003017", "attributes": ",,W,", "value": 0.0}, {"date": "2019-01-06T00:00:00", "datatype": "TAVG", "station": "GHCND:USW00003017", "attributes": "H,,S,", "value": 42.0}, {"date": "2019-01-06T00:00:00", "datatype": "TMAX", "station": "GHCND:USW00003017", "attributes": ",,W,2400", "value": 58.0}, {"date": "2019-01-06T00:00:00", "datatype": "TMIN", "station": "GHCND:USW00003017", "attributes": ",,W,2400", "value": 30.0}, {"date": "2019-01-06T00:00:00", "datatype": "WDF2", "station": "GHCND:USW00003017", "attributes": ",,W,", "value": 280}, {"date": "2019-01-06T00:00:00", "datatype": "WDF5", "station": "GHCND:USW00003017", "attributes": ",,W,", "value": 270}, {"date": "2019-01-06T00:00:00", "datatype": "WSF2", "station": "GHCND:USW00003017", "attributes": ",,W,", "value": 23.9}, {"date": "2019-01-06T00:00:00", "datatype": "WSF5", "station": "GHCND:USW00003017", "attributes": ",,W,", "value": 33.1}, {"date": "2019-01-07T00:00:00", "datatype": "ADPT", "station": "GHCND:USW00003017", "attributes": ",,W,", "value": -106}, {"date": "2019-01-07T00:00:00", "datatype": "ASLP", "station": "GHCND:USW00003017", "attributes": ",,W,", "value": 10098}, {"date": "2019-01-07T00:00:00", "datatype": "ASTP", "station": "GHCND:USW00003017", "attributes": ",,W,", "value": 8280}, {"date": "2019-01-07T00:00:00", "datatype": "AWBT", "station": "GHCND:USW00003017", "attributes": ",,W,", "value": -17}, {"date": "2019-01-07T00:00:00", "datatype": "AWND", "station": "GHCND:USW00003017", "attributes": ",,W,", "value": 15.0}, {"date": "2019-01-07T00:00:00", "datatype": "PRCP", "station": "GHCND:USW00003017", "attributes": ",,W,2400", "value": 0.0}, {"date": "2019-01-07T00:00:00", "datatype": "RHAV", "station": "GHCND:USW00003017", "attributes": ",,W,", "value": 40}, {"date": "2019-01-07T00:00:00", "datatype": "RHMN", "station": "GHCND:USW00003017", "attributes": ",,W,", "value": 20}, {"date": "2019-01-07T00:00:00", "datatype": "RHMX", "station": "GHCND:USW00003017", "attributes": ",,W,", "value": 66}, {"date": "2019-01-07T00:00:00", "datatype": "SNOW", "station": "GHCND:USW00003017", "attributes": ",,W,", "value": 0.0}, {"date": "2019-01-07T00:00:00", "datatype": "SNWD", "station": "GHCND:USW00003017", "attributes": ",,W,", "value": 0.0}, {"date": "2019-01-07T00:00:00", "datatype": "TAVG", "station": "GHCND:USW00003017", "attributes": "H,,S,", "value": 40.0}, {"date": "2019-01-07T00:00:00", "datatype": "TMAX", "station": "GHCND:USW00003017", "attributes": ",,W,2400", "value": 52.0}, {"date": "2019-01-07T00:00:00", "datatype": "TMIN", "station": "GHCND:USW00003017", "attributes": ",,W,2400", "value": 16.0}, {"date": "2019-01-07T00:00:00", "datatype": "WDF2", "station": "GHCND:USW00003017", "attributes": ",,W,", "value": 290}, {"date": "2019-01-07T00:00:00", "datatype": "WDF5", "station": "GHCND:USW00003017", "attributes": ",,W,", "value": 290}, {"date": "2019-01-07T00:00:00", "datatype": "WSF2", "station": "GHCND:USW00003017", "attributes": ",,W,", "value": 40.0}, {"date": "2019-01-07T00:00:00", "datatype": "WSF5", "station": "GHCND:USW00003017", "attributes": ",,W,", "value": 53.9}, {"date": "2019-01-08T00:00:00", "datatype": "ADPT", "station": "GHCND:USW00003017", "attributes": ",,W,", "value": -106}, {"date": "2019-01-08T00:00:00", "datatype": "ASLP", "station": "GHCND:USW00003017", "attributes": ",,W,", "value": 10264}, {"date": "2019-01-08T00:00:00", "datatype": "ASTP", "station": "GHCND:USW00003017", "attributes": ",,W,", "value": 8405}, {"date": "2019-01-08T00:00:00", "datatype": "AWBT", "station": "GHCND:USW00003017", "attributes": ",,W,", "value": -33}, {"date": "2019-01-08T00:00:00", "datatype": "AWND", "station": "GHCND:USW00003017", "attributes": ",,W,", "value": 11.0}, {"date": "2019-01-08T00:00:00", "datatype": "PRCP", "station": "GHCND:USW00003017", "attributes": ",,W,2400", "value": 0.0}, {"date": "2019-01-08T00:00:00", "datatype": "RHAV", "station": "GHCND:USW00003017", "attributes": ",,W,", "value": 45}, {"date": "2019-01-08T00:00:00", "datatype": "RHMN", "station": "GHCND:USW00003017", "attributes": ",,W,", "value": 22}, {"date": "2019-01-08T00:00:00", "datatype": "RHMX", "station": "GHCND:USW00003017", "attributes": ",,W,", "value": 66}, {"date": "2019-01-08T00:00:00", "datatype": "SNOW", "station": "GHCND:USW00003017", "attributes": ",,W,", "value": 0.0}, {"date": "2019-01-08T00:00:00", "datatype": "SNWD", "station": "GHCND:USW00003017", "attributes": ",,W,", "value": 0.0}, {"date": "2019-01-08T00:00:00", "datatype": "TAVG", "station": "GHCND:USW00003017", "attributes": "H,,S,", "value": 35.0}, {"date": "2019-01-08T00:00:00", "datatype": "TMAX", "station": "GHCND:USW00003017", "attributes": ",,W,2400", "value": 50.0}, {"date": "2019-01-08T00:00:00", "datatype": "TMIN", "station": "GHCND:USW00003017", "attributes": ",,W,2400", "value": 22.0}, {"date": "2019-01-08T00:00:00", "datatype": "WDF2", "station": "GHCND:USW00003017", "attributes": ",,W,", "value": 140}, {"date": "2019-01-08T00:00:00", "datatype": "WDF5", "station": "GHCND:USW00003017", "attributes": ",,W,", "value": 140}, {"date": "2019-01-08T00:00:00", "datatype": "WSF2", "station": "GHCND:USW00003017", "attributes": ",,W,", "value": 23.0}, {"date": "2019-01-08T00:00:00", "datatype": "WSF5", "station": "GHCND:USW00003017", "attributes": ",,W,", "value": 29.1}, {"date": "2019-01-09T00:00:00", "datatype": "ADPT", "station": "GHCND:USW00003017", "attributes": ",,W,", "value": -94}, {"date": "2019-01-09T00:00:00", "datatype": "ASLP", "station": "GHCND:USW00003017", "attributes": ",,W,", "value": 10244}, {"date": "2019-01-09T00:00:00", "datatype": "ASTP", "station": "GHCND:USW00003017", "attributes": ",,W,", "value": 8381}, {"date": "2019-01-09T00:00:00", "datatype": "AWBT", "station": "GHCND:USW00003017", "attributes": ",,W,", "value": -28}, {"date": "2019-01-09T00:00:00", "datatype": "AWND", "station": "GHCND:USW00003017", "attributes": ",,W,", "value": 4.9}, {"date": "2019-01-09T00:00:00", "datatype": "PRCP", "station": "GHCND:USW00003017", "attributes": ",,W,2400", "value": 0.0}, {"date": "2019-01-09T00:00:00", "datatype": "RHAV", "station": "GHCND:USW00003017", "attributes": ",,W,", "value": 45}, {"date": "2019-01-09T00:00:00", "datatype": "RHMN", "station": "GHCND:USW00003017", "attributes": ",,W,", "value": 26}, {"date": "2019-01-09T00:00:00", "datatype": "RHMX", "station": "GHCND:USW00003017", "attributes": ",,W,", "value": 62}, {"date": "2019-01-09T00:00:00", "datatype": "SNOW", "station": "GHCND:USW00003017", "attributes": ",,W,", "value": 0.0}, {"date": "2019-01-09T00:00:00", "datatype": "SNWD", "station": "GHCND:USW00003017", "attributes": ",,W,", "value": 0.0}, {"date": "2019-01-09T00:00:00", "datatype": "TAVG", "station": "GHCND:USW00003017", "attributes": "H,,S,", "value": 33.0}, {"date": "2019-01-09T00:00:00", "datatype": "TMAX", "station": "GHCND:USW00003017", "attributes": ",,W,2400", "value": 50.0}, {"date": "2019-01-09T00:00:00", "datatype": "TMIN", "station": "GHCND:USW00003017", "attributes": ",,W,2400", "value": 23.0}, {"date": "2019-01-09T00:00:00", "datatype": "WDF2", "station": "GHCND:USW00003017", "attributes": ",,W,", "value": 230}, {"date": "2019-01-09T00:00:00", "datatype": "WDF5", "station": "GHCND:USW00003017", "attributes": ",,W,", "value": 230}, {"date": "2019-01-09T00:00:00", "datatype": "WSF2", "station": "GHCND:USW00003017", "attributes": ",,W,", "value": 12.1}, {"date": "2019-01-09T00:00:00", "datatype": "WSF5", "station": "GHCND:USW00003017", "attributes": ",,W,", "value": 13.0}, {"date": "2019-01-10T00:00:00", "datatype": "ADPT", "station": "GHCND:USW00003017", "attributes": ",,W,", "value": -78}, {"date": "2019-01-10T00:00:00", "datatype": "ASLP", "station": "GHCND:USW00003017", "attributes": ",,W,", "value": 10156}, {"date": "2019-01-10T00:00:00", "datatype": "ASTP", "station": "GHCND:USW00003017", "attributes": ",,W,", "value": 8327}, {"date": "2019-01-10T00:00:00", "datatype": "AWBT", "station": "GHCND:USW00003017", "attributes": ",,W,", "value": 6}, {"date": "2019-01-10T00:00:00", "datatype": "AWND", "station": "GHCND:USW00003017", "attributes": ",,W,", "value": 8.1}, {"date": "2019-01-10T00:00:00", "datatype": "PRCP", "station": "GHCND:USW00003017", "attributes": ",,W,2400", "value": 0.0}, {"date": "2019-01-10T00:00:00", "datatype": "RHAV", "station": "GHCND:USW00003017", "attributes": ",,W,", "value": 38}, {"date": "2019-01-10T00:00:00", "datatype": "RHMN", "station": "GHCND:USW00003017", "attributes": ",,W,", "value": 18}, {"date": "2019-01-10T00:00:00", "datatype": "RHMX", "station": "GHCND:USW00003017", "attributes": ",,W,", "value": 59}, {"date": "2019-01-10T00:00:00", "datatype": "SNOW", "station": "GHCND:USW00003017", "attributes": ",,W,", "value": 0.0}, {"date": "2019-01-10T00:00:00", "datatype": "SNWD", "station": "GHCND:USW00003017", "attributes": ",,W,", "value": 0.0}, {"date": "2019-01-10T00:00:00", "datatype": "TAVG", "station": "GHCND:USW00003017", "attributes": "H,,S,", "value": 41.0}, {"date": "2019-01-10T00:00:00", "datatype": "TMAX", "station": "GHCND:USW00003017", "attributes": ",,W,2400", "value": 61.0}, {"date": "2019-01-10T00:00:00", "datatype": "TMIN", "station": "GHCND:USW00003017", "attributes": ",,W,2400", "value": 28.0}, {"date": "2019-01-10T00:00:00", "datatype": "WDF2", "station": "GHCND:USW00003017", "attributes": ",,W,", "value": 210}, {"date": "2019-01-10T00:00:00", "datatype": "WDF5", "station": "GHCND:USW00003017", "attributes": ",,W,", "value": 210}, {"date": "2019-01-10T00:00:00", "datatype": "WSF2", "station": "GHCND:USW00003017", "attributes": ",,W,", "value": 16.1}, {"date": "2019-01-10T00:00:00", "datatype": "WSF5", "station": "GHCND:USW00003017", "attributes": ",,W,", "value": 21.9}, {"date": "2019-01-11T00:00:00", "datatype": "ADPT", "station": "GHCND:USW00003017", "attributes": ",,W,", "value": -11}, {"date": "2019-01-11T00:00:00", "datatype": "ASLP", "station": "GHCND:USW00003017", "attributes": ",,W,", "value": 10179}, {"date": "2019-01-11T00:00:00", "datatype": "ASTP", "station": "GHCND:USW00003017", "attributes": ",,W,", "value": 8341}, {"date": "2019-01-11T00:00:00", "datatype": "AWBT", "station": "GHCND:USW00003017", "attributes": ",,W,", "value": 6}, {"date": "2019-01-11T00:00:00", "datatype": "AWND", "station": "GHCND:USW00003017", "attributes": ",,W,", "value": 11.4}, {"date": "2019-01-11T00:00:00", "datatype": "PRCP", "station": "GHCND:USW00003017", "attributes": ",,W,2400", "value": 0.45}, {"date": "2019-01-11T00:00:00", "datatype": "RHAV", "station": "GHCND:USW00003017", "attributes": ",,W,", "value": 91}, {"date": "2019-01-11T00:00:00", "datatype": "RHMN", "station": "GHCND:USW00003017", "attributes": ",,W,", "value": 45}, {"date": "2019-01-11T00:00:00", "datatype": "RHMX", "station": "GHCND:USW00003017", "attributes": ",,W,", "value": 100}, {"date": "2019-01-11T00:00:00", "datatype": "SNOW", "station": "GHCND:USW00003017", "attributes": ",,W,", "value": 1.0}, {"date": "2019-01-11T00:00:00", "datatype": "SNWD", "station": "GHCND:USW00003017", "attributes": ",,W,", "value": 0.0}, {"date": "2019-01-11T00:00:00", "datatype": "TAVG", "station": "GHCND:USW00003017", "attributes": "H,,S,", "value": 38.0}, {"date": "2019-01-11T00:00:00", "datatype": "TMAX", "station": "GHCND:USW00003017", "attributes": ",,W,2400", "value": 44.0}, {"date": "2019-01-11T00:00:00", "datatype": "TMIN", "station": "GHCND:USW00003017", "attributes": ",,W,2400", "value": 32.0}, {"date": "2019-01-11T00:00:00", "datatype": "WDF2", "station": "GHCND:USW00003017", "attributes": ",,W,", "value": 360}, {"date": "2019-01-11T00:00:00", "datatype": "WDF5", "station": "GHCND:USW00003017", "attributes": ",,W,", "value": 10}, {"date": "2019-01-11T00:00:00", "datatype": "WSF2", "station": "GHCND:USW00003017", "attributes": ",,W,", "value": 19.9}, {"date": "2019-01-11T00:00:00", "datatype": "WSF5", "station": "GHCND:USW00003017", "attributes": ",,W,", "value": 25.9}, {"date": "2019-01-11T00:00:00", "datatype": "WT01", "station": "GHCND:USW00003017", "attributes": ",,W,", "value": 1}, {"date": "2019-01-12T00:00:00", "datatype": "ADPT", "station": "GHCND:USW00003017", "attributes": ",,W,", "value": -28}, {"date": "2019-01-12T00:00:00", "datatype": "ASLP", "station": "GHCND:USW00003017", "attributes": ",,W,", "value": 10237}, {"date": "2019-01-12T00:00:00", "datatype": "ASTP", "station": "GHCND:USW00003017", "attributes": ",,W,", "value": 8375}, {"date": "2019-01-12T00:00:00", "datatype": "AWBT", "station": "GHCND:USW00003017", "attributes": ",,W,", "value": -17}, {"date": "2019-01-12T00:00:00", "datatype": "AWND", "station": "GHCND:USW00003017", "attributes": ",,W,", "value": 6.7}, {"date": "2019-01-12T00:00:00", "datatype": "PRCP", "station": "GHCND:USW00003017", "attributes": ",,W,2400", "value": 0.03}, {"date": "2019-01-12T00:00:00", "datatype": "RHAV", "station": "GHCND:USW00003017", "attributes": ",,W,", "value": 88}, {"date": "2019-01-12T00:00:00", "datatype": "RHMN", "station": "GHCND:USW00003017", "attributes": ",,W,", "value": 78}, {"date": "2019-01-12T00:00:00", "datatype": "RHMX", "station": "GHCND:USW00003017", "attributes": ",,W,", "value": 100}, {"date": "2019-01-12T00:00:00", "datatype": "SNOW", "station": "GHCND:USW00003017", "attributes": ",,W,", "value": 0.3}, {"date": "2019-01-12T00:00:00", "datatype": "SNWD", "station": "GHCND:USW00003017", "attributes": ",,W,", "value": 1.2}, {"date": "2019-01-12T00:00:00", "datatype": "TAVG", "station": "GHCND:USW00003017", "attributes": "H,,S,", "value": 32.0}, {"date": "2019-01-12T00:00:00", "datatype": "TMAX", "station": "GHCND:USW00003017", "attributes": ",,W,2400", "value": 35.0}, {"date": "2019-01-12T00:00:00", "datatype": "TMIN", "station": "GHCND:USW00003017", "attributes": ",,W,2400", "value": 17.0}, {"date": "2019-01-12T00:00:00", "datatype": "WDF2", "station": "GHCND:USW00003017", "attributes": ",,W,", "value": 350}, {"date": "2019-01-12T00:00:00", "datatype": "WDF5", "station": "GHCND:USW00003017", "attributes": ",,W,", "value": 350}, {"date": "2019-01-12T00:00:00", "datatype": "WSF2", "station": "GHCND:USW00003017", "attributes": ",,W,", "value": 17.0}, {"date": "2019-01-12T00:00:00", "datatype": "WSF5", "station": "GHCND:USW00003017", "attributes": ",,W,", "value": 21.9}, {"date": "2019-01-12T00:00:00", "datatype": "WT01", "station": "GHCND:USW00003017", "attributes": ",,W,", "value": 1}, {"date": "2019-01-13T00:00:00", "datatype": "ADPT", "station": "GHCND:USW00003017", "attributes": ",,W,", "value": -72}, {"date": "2019-01-13T00:00:00", "datatype": "ASLP", "station": "GHCND:USW00003017", "attributes": ",,W,", "value": 10261}, {"date": "2019-01-13T00:00:00", "datatype": "ASTP", "station": "GHCND:USW00003017", "attributes": ",,W,", "value": 8381}, {"date": "2019-01-13T00:00:00", "datatype": "AWBT", "station": "GHCND:USW00003017", "attributes": ",,W,", "value": -50}, {"date": "2019-01-13T00:00:00", "datatype": "AWND", "station": "GHCND:USW00003017", "attributes": ",,W,", "value": 7.6}, {"date": "2019-01-13T00:00:00", "datatype": "PRCP", "station": "GHCND:USW00003017", "attributes": ",,W,2400", "value": 0.0}, {"date": "2019-01-13T00:00:00", "datatype": "RHAV", "station": "GHCND:USW00003017", "attributes": ",,W,", "value": 77}, {"date": "2019-01-13T00:00:00", "datatype": "RHMN", "station": "GHCND:USW00003017", "attributes": ",,W,", "value": 59}, {"date": "2019-01-13T00:00:00", "datatype": "RHMX", "station": "GHCND:USW00003017", "attributes": ",,W,", "value": 92}, {"date": "2019-01-13T00:00:00", "datatype": "SNOW", "station": "GHCND:USW00003017", "attributes": ",,W,", "value": 0.0}, {"date": "2019-01-13T00:00:00", "datatype": "SNWD", "station": "GHCND:USW00003017", "attributes": "T,,W,", "value": 0.0}, {"date": "2019-01-13T00:00:00", "datatype": "TAVG", "station": "GHCND:USW00003017", "attributes": "H,,S,", "value": 25.0}, {"date": "2019-01-13T00:00:00", "datatype": "TMAX", "station": "GHCND:USW00003017", "attributes": ",,W,2400", "value": 35.0}, {"date": "2019-01-13T00:00:00", "datatype": "TMIN", "station": "GHCND:USW00003017", "attributes": ",,W,2400", "value": 17.0}, {"date": "2019-01-13T00:00:00", "datatype": "WDF2", "station": "GHCND:USW00003017", "attributes": ",,W,", "value": 180}, {"date": "2019-01-13T00:00:00", "datatype": "WDF5", "station": "GHCND:USW00003017", "attributes": ",,W,", "value": 170}, {"date": "2019-01-13T00:00:00", "datatype": "WSF2", "station": "GHCND:USW00003017", "attributes": ",,W,", "value": 14.1}, {"date": "2019-01-13T00:00:00", "datatype": "WSF5", "station": "GHCND:USW00003017", "attributes": ",,W,", "value": 15.0}, {"date": "2019-01-14T00:00:00", "datatype": "ADPT", "station": "GHCND:USW00003017", "attributes": ",,W,", "value": -106}, {"date": "2019-01-14T00:00:00", "datatype": "ASLP", "station": "GHCND:USW00003017", "attributes": ",,W,", "value": 10244}, {"date": "2019-01-14T00:00:00", "datatype": "ASTP", "station": "GHCND:USW00003017", "attributes": ",,W,", "value": 8368}, {"date": "2019-01-14T00:00:00", "datatype": "AWBT", "station": "GHCND:USW00003017", "attributes": ",,W,", "value": -44}, {"date": "2019-01-14T00:00:00", "datatype": "AWND", "station": "GHCND:USW00003017", "attributes": ",,W,", "value": 11.6}, {"date": "2019-01-14T00:00:00", "datatype": "PRCP", "station": "GHCND:USW00003017", "attributes": ",,W,2400", "value": 0.0}, {"date": "2019-01-14T00:00:00", "datatype": "RHAV", "station": "GHCND:USW00003017", "attributes": ",,W,", "value": 51}, {"date": "2019-01-14T00:00:00", "datatype": "RHMN", "station": "GHCND:USW00003017", "attributes": ",,W,", "value": 31}, {"date": "2019-01-14T00:00:00", "datatype": "RHMX", "station": "GHCND:USW00003017", "attributes": ",,W,", "value": 78}, {"date": "2019-01-14T00:00:00", "datatype": "SNOW", "station": "GHCND:USW00003017", "attributes": ",,W,", "value": 0.0}, {"date": "2019-01-14T00:00:00", "datatype": "SNWD", "station": "GHCND:USW00003017", "attributes": ",,W,", "value": 0.0}, {"date": "2019-01-14T00:00:00", "datatype": "TAVG", "station": "GHCND:USW00003017", "attributes": "H,,S,", "value": 28.0}, {"date": "2019-01-14T00:00:00", "datatype": "TMAX", "station": "GHCND:USW00003017", "attributes": ",,W,2400", "value": 43.0}, {"date": "2019-01-14T00:00:00", "datatype": "TMIN", "station": "GHCND:USW00003017", "attributes": ",,W,2400", "value": 20.0}, {"date": "2019-01-14T00:00:00", "datatype": "WDF2", "station": "GHCND:USW00003017", "attributes": ",,W,", "value": 220}, {"date": "2019-01-14T00:00:00", "datatype": "WDF5", "station": "GHCND:USW00003017", "attributes": ",,W,", "value": 220}, {"date": "2019-01-14T00:00:00", "datatype": "WSF2", "station": "GHCND:USW00003017", "attributes": ",,W,", "value": 17.0}, {"date": "2019-01-14T00:00:00", "datatype": "WSF5", "station": "GHCND:USW00003017", "attributes": ",,W,", "value": 21.9}, {"date": "2019-01-15T00:00:00", "datatype": "ADPT", "station": "GHCND:USW00003017", "attributes": ",,W,", "value": -100}, {"date": "2019-01-15T00:00:00", "datatype": "ASLP", "station": "GHCND:USW00003017", "attributes": ",,W,", "value": 10196}, {"date": "2019-01-15T00:00:00", "datatype": "ASTP", "station": "GHCND:USW00003017", "attributes": ",,W,", "value": 8341}, {"date": "2019-01-15T00:00:00", "datatype": "AWBT", "station": "GHCND:USW00003017", "attributes": ",,W,", "value": -33}, {"date": "2019-01-15T00:00:00", "datatype": "AWND", "station": "GHCND:USW00003017", "attributes": ",,W,", "value": 11.0}, {"date": "2019-01-15T00:00:00", "datatype": "PRCP", "station": "GHCND:USW00003017", "attributes": ",,W,2400", "value": 0.0}, {"date": "2019-01-15T00:00:00", "datatype": "RHAV", "station": "GHCND:USW00003017", "attributes": ",,W,", "value": 49}, {"date": "2019-01-15T00:00:00", "datatype": "RHMN", "station": "GHCND:USW00003017", "attributes": ",,W,", "value": 34}, {"date": "2019-01-15T00:00:00", "datatype": "RHMX", "station": "GHCND:USW00003017", "attributes": ",,W,", "value": 64}, {"date": "2019-01-15T00:00:00", "datatype": "SNOW", "station": "GHCND:USW00003017", "attributes": ",,W,", "value": 0.0}, {"date": "2019-01-15T00:00:00", "datatype": "SNWD", "station": "GHCND:USW00003017", "attributes": ",,W,", "value": 0.0}, {"date": "2019-01-15T00:00:00", "datatype": "TAVG", "station": "GHCND:USW00003017", "attributes": "H,,S,", "value": 32.0}, {"date": "2019-01-15T00:00:00", "datatype": "TMAX", "station": "GHCND:USW00003017", "attributes": ",,W,2400", "value": 46.0}, {"date": "2019-01-15T00:00:00", "datatype": "TMIN", "station": "GHCND:USW00003017", "attributes": ",,W,2400", "value": 21.0}, {"date": "2019-01-15T00:00:00", "datatype": "WDF2", "station": "GHCND:USW00003017", "attributes": ",,W,", "value": 210}, {"date": "2019-01-15T00:00:00", "datatype": "WDF5", "station": "GHCND:USW00003017", "attributes": ",,W,", "value": 220}, {"date": "2019-01-15T00:00:00", "datatype": "WSF2", "station": "GHCND:USW00003017", "attributes": ",,W,", "value": 17.0}, {"date": "2019-01-15T00:00:00", "datatype": "WSF5", "station": "GHCND:USW00003017", "attributes": ",,W,", "value": 25.9}, {"date": "2019-01-16T00:00:00", "datatype": "ADPT", "station": "GHCND:USW00003017", "attributes": ",,W,", "value": -61}, {"date": "2019-01-16T00:00:00", "datatype": "ASLP", "station": "GHCND:USW00003017", "attributes": ",,W,", "value": 10139}, {"date": "2019-01-16T00:00:00", "datatype": "ASTP", "station": "GHCND:USW00003017", "attributes": ",,W,", "value": 8303}, {"date": "2019-01-16T00:00:00", "datatype": "AWBT", "station": "GHCND:USW00003017", "attributes": ",,W,", "value": -11}, {"date": "2019-01-16T00:00:00", "datatype": "AWND", "station": "GHCND:USW00003017", "attributes": ",,W,", "value": 7.6}, {"date": "2019-01-16T00:00:00", "datatype": "PRCP", "station": "GHCND:USW00003017", "attributes": ",,W,2400", "value": 0.0}, {"date": "2019-01-16T00:00:00", "datatype": "RHAV", "station": "GHCND:USW00003017", "attributes": ",,W,", "value": 56}, {"date": "2019-01-16T00:00:00", "datatype": "RHMN", "station": "GHCND:USW00003017", "attributes": ",,W,", "value": 34}, {"date": "2019-01-16T00:00:00", "datatype": "RHMX", "station": "GHCND:USW00003017", "attributes": ",,W,", "value": 73}, {"date": "2019-01-16T00:00:00", "datatype": "SNOW", "station": "GHCND:USW00003017", "attributes": ",,W,", "value": 0.0}, {"date": "2019-01-16T00:00:00", "datatype": "SNWD", "station": "GHCND:USW00003017", "attributes": ",,W,", "value": 0.0}, {"date": "2019-01-16T00:00:00", "datatype": "TAVG", "station": "GHCND:USW00003017", "attributes": "H,,S,", "value": 35.0}, {"date": "2019-01-16T00:00:00", "datatype": "TMAX", "station": "GHCND:USW00003017", "attributes": ",,W,2400", "value": 46.0}, {"date": "2019-01-16T00:00:00", "datatype": "TMIN", "station": "GHCND:USW00003017", "attributes": ",,W,2400", "value": 29.0}, {"date": "2019-01-16T00:00:00", "datatype": "WDF2", "station": "GHCND:USW00003017", "attributes": ",,W,", "value": 220}, {"date": "2019-01-16T00:00:00", "datatype": "WDF5", "station": "GHCND:USW00003017", "attributes": ",,W,", "value": 220}, {"date": "2019-01-16T00:00:00", "datatype": "WSF2", "station": "GHCND:USW00003017", "attributes": ",,W,", "value": 16.1}, {"date": "2019-01-16T00:00:00", "datatype": "WSF5", "station": "GHCND:USW00003017", "attributes": ",,W,", "value": 19.0}, {"date": "2019-01-17T00:00:00", "datatype": "ADPT", "station": "GHCND:USW00003017", "attributes": ",,W,", "value": -50}, {"date": "2019-01-17T00:00:00", "datatype": "ASLP", "station": "GHCND:USW00003017", "attributes": ",,W,", "value": 10108}, {"date": "2019-01-17T00:00:00", "datatype": "ASTP", "station": "GHCND:USW00003017", "attributes": ",,W,", "value": 8280}, {"date": "2019-01-17T00:00:00", "datatype": "AWBT", "station": "GHCND:USW00003017", "attributes": ",,W,", "value": 11}, {"date": "2019-01-17T00:00:00", "datatype": "AWND", "station": "GHCND:USW00003017", "attributes": ",,W,", "value": 11.0}, {"date": "2019-01-17T00:00:00", "datatype": "PRCP", "station": "GHCND:USW00003017", "attributes": ",,W,2400", "value": 0.0}, {"date": "2019-01-17T00:00:00", "datatype": "RHAV", "station": "GHCND:USW00003017", "attributes": ",,W,", "value": 48}, {"date": "2019-01-17T00:00:00", "datatype": "RHMN", "station": "GHCND:USW00003017", "attributes": ",,W,", "value": 32}, {"date": "2019-01-17T00:00:00", "datatype": "RHMX", "station": "GHCND:USW00003017", "attributes": ",,W,", "value": 62}, {"date": "2019-01-17T00:00:00", "datatype": "SNOW", "station": "GHCND:USW00003017", "attributes": ",,W,", "value": 0.0}, {"date": "2019-01-17T00:00:00", "datatype": "SNWD", "station": "GHCND:USW00003017", "attributes": ",,W,", "value": 0.0}, {"date": "2019-01-17T00:00:00", "datatype": "TAVG", "station": "GHCND:USW00003017", "attributes": "H,,S,", "value": 40.0}, {"date": "2019-01-17T00:00:00", "datatype": "TMAX", "station": "GHCND:USW00003017", "attributes": ",,W,2400", "value": 54.0}, {"date": "2019-01-17T00:00:00", "datatype": "TMIN", "station": "GHCND:USW00003017", "attributes": ",,W,2400", "value": 32.0}, {"date": "2019-01-17T00:00:00", "datatype": "WDF2", "station": "GHCND:USW00003017", "attributes": ",,W,", "value": 190}, {"date": "2019-01-17T00:00:00", "datatype": "WDF5", "station": "GHCND:USW00003017", "attributes": ",,W,", "value": 190}, {"date": "2019-01-17T00:00:00", "datatype": "WSF2", "station": "GHCND:USW00003017", "attributes": ",,W,", "value": 21.9}, {"date": "2019-01-17T00:00:00", "datatype": "WSF5", "station": "GHCND:USW00003017", "attributes": ",,W,", "value": 28.0}, {"date": "2019-01-18T00:00:00", "datatype": "ADPT", "station": "GHCND:USW00003017", "attributes": ",,W,", "value": -39}, {"date": "2019-01-18T00:00:00", "datatype": "ASLP", "station": "GHCND:USW00003017", "attributes": ",,W,", "value": 10119}, {"date": "2019-01-18T00:00:00", "datatype": "ASTP", "station": "GHCND:USW00003017", "attributes": ",,W,", "value": 8293}, {"date": "2019-01-18T00:00:00", "datatype": "AWBT", "station": "GHCND:USW00003017", "attributes": ",,W,", "value": -11}, {"date": "2019-01-18T00:00:00", "datatype": "AWND", "station": "GHCND:USW00003017", "attributes": ",,W,", "value": 10.5}, {"date": "2019-01-18T00:00:00", "datatype": "PRCP", "station": "GHCND:USW00003017", "attributes": ",,W,2400", "value": 0.08}, {"date": "2019-01-18T00:00:00", "datatype": "RHAV", "station": "GHCND:USW00003017", "attributes": ",,W,", "value": 76}, {"date": "2019-01-18T00:00:00", "datatype": "RHMN", "station": "GHCND:USW00003017", "attributes": ",,W,", "value": 53}, {"date": "2019-01-18T00:00:00", "datatype": "RHMX", "station": "GHCND:USW00003017", "attributes": ",,W,", "value": 96}, {"date": "2019-01-18T00:00:00", "datatype": "SNOW", "station": "GHCND:USW00003017", "attributes": ",,W,", "value": 0.3}, {"date": "2019-01-18T00:00:00", "datatype": "SNWD", "station": "GHCND:USW00003017", "attributes": ",,W,", "value": 0.0}, {"date": "2019-01-18T00:00:00", "datatype": "TAVG", "station": "GHCND:USW00003017", "attributes": "H,,S,", "value": 37.0}, {"date": "2019-01-18T00:00:00", "datatype": "TMAX", "station": "GHCND:USW00003017", "attributes": ",,W,2400", "value": 41.0}, {"date": "2019-01-18T00:00:00", "datatype": "TMIN", "station": "GHCND:USW00003017", "attributes": ",,W,2400", "value": 23.0}, {"date": "2019-01-18T00:00:00", "datatype": "WDF2", "station": "GHCND:USW00003017", "attributes": ",,W,", "value": 350}, {"date": "2019-01-18T00:00:00", "datatype": "WDF5", "station": "GHCND:USW00003017", "attributes": ",,W,", "value": 360}, {"date": "2019-01-18T00:00:00", "datatype": "WSF2", "station": "GHCND:USW00003017", "attributes": ",,W,", "value": 32.0}, {"date": "2019-01-18T00:00:00", "datatype": "WSF5", "station": "GHCND:USW00003017", "attributes": ",,W,", "value": 42.9}, {"date": "2019-01-18T00:00:00", "datatype": "WT01", "station": "GHCND:USW00003017", "attributes": ",,W,", "value": 1}, {"date": "2019-01-18T00:00:00", "datatype": "WT02", "station": "GHCND:USW00003017", "attributes": ",,W,", "value": 1}, {"date": "2019-01-19T00:00:00", "datatype": "ADPT", "station": "GHCND:USW00003017", "attributes": ",,W,", "value": -67}, {"date": "2019-01-19T00:00:00", "datatype": "ASLP", "station": "GHCND:USW00003017", "attributes": ",,W,", "value": 10213}, {"date": "2019-01-19T00:00:00", "datatype": "ASTP", "station": "GHCND:USW00003017", "attributes": ",,W,", "value": 8358}, {"date": "2019-01-19T00:00:00", "datatype": "AWBT", "station": "GHCND:USW00003017", "attributes": ",,W,", "value": -17}, {"date": "2019-01-19T00:00:00", "datatype": "AWND", "station": "GHCND:USW00003017", "attributes": ",,W,", "value": 8.5}, {"date": "2019-01-19T00:00:00", "datatype": "PRCP", "station": "GHCND:USW00003017", "attributes": ",,W,2400", "value": 0.0}, {"date": "2019-01-19T00:00:00", "datatype": "RHAV", "station": "GHCND:USW00003017", "attributes": ",,W,", "value": 57}, {"date": "2019-01-19T00:00:00", "datatype": "RHMN", "station": "GHCND:USW00003017", "attributes": ",,W,", "value": 25}, {"date": "2019-01-19T00:00:00", "datatype": "RHMX", "station": "GHCND:USW00003017", "attributes": ",,W,", "value": 88}, {"date": "2019-01-19T00:00:00", "datatype": "SNOW", "station": "GHCND:USW00003017", "attributes": ",,W,", "value": 0.0}, {"date": "2019-01-19T00:00:00", "datatype": "SNWD", "station": "GHCND:USW00003017", "attributes": "T,,W,", "value": 0.0}, {"date": "2019-01-19T00:00:00", "datatype": "TAVG", "station": "GHCND:USW00003017", "attributes": "H,,S,", "value": 32.0}, {"date": "2019-01-19T00:00:00", "datatype": "TMAX", "station": "GHCND:USW00003017", "attributes": ",,W,2400", "value": 48.0}, {"date": "2019-01-19T00:00:00", "datatype": "TMIN", "station": "GHCND:USW00003017", "attributes": ",,W,2400", "value": 22.0}, {"date": "2019-01-19T00:00:00", "datatype": "WDF2", "station": "GHCND:USW00003017", "attributes": ",,W,", "value": 210}, {"date": "2019-01-19T00:00:00", "datatype": "WDF5", "station": "GHCND:USW00003017", "attributes": ",,W,", "value": 210}, {"date": "2019-01-19T00:00:00", "datatype": "WSF2", "station": "GHCND:USW00003017", "attributes": ",,W,", "value": 15.0}, {"date": "2019-01-19T00:00:00", "datatype": "WSF5", "station": "GHCND:USW00003017", "attributes": ",,W,", "value": 18.1}, {"date": "2019-01-20T00:00:00", "datatype": "ADPT", "station": "GHCND:USW00003017", "attributes": ",,W,", "value": -33}, {"date": "2019-01-20T00:00:00", "datatype": "ASLP", "station": "GHCND:USW00003017", "attributes": ",,W,", "value": 10129}, {"date": "2019-01-20T00:00:00", "datatype": "ASTP", "station": "GHCND:USW00003017", "attributes": ",,W,", "value": 8297}, {"date": "2019-01-20T00:00:00", "datatype": "AWBT", "station": "GHCND:USW00003017", "attributes": ",,W,", "value": 17}, {"date": "2019-01-20T00:00:00", "datatype": "AWND", "station": "GHCND:USW00003017", "attributes": ",,W,", "value": 11.2}, {"date": "2019-01-20T00:00:00", "datatype": "PRCP", "station": "GHCND:USW00003017", "attributes": ",,W,2400", "value": 0.0}, {"date": "2019-01-20T00:00:00", "datatype": "RHAV", "station": "GHCND:USW00003017", "attributes": ",,W,", "value": 54}, {"date": "2019-01-20T00:00:00", "datatype": "RHMN", "station": "GHCND:USW00003017", "attributes": ",,W,", "value": 33}, {"date": "2019-01-20T00:00:00", "datatype": "RHMX", "station": "GHCND:USW00003017", "attributes": ",,W,", "value": 76}, {"date": "2019-01-20T00:00:00", "datatype": "SNOW", "station": "GHCND:USW00003017", "attributes": ",,W,", "value": 0.0}, {"date": "2019-01-20T00:00:00", "datatype": "SNWD", "station": "GHCND:USW00003017", "attributes": ",,W,", "value": 0.0}, {"date": "2019-01-20T00:00:00", "datatype": "TAVG", "station": "GHCND:USW00003017", "attributes": "H,,S,", "value": 41.0}, {"date": "2019-01-20T00:00:00", "datatype": "TMAX", "station": "GHCND:USW00003017", "attributes": ",,W,2400", "value": 55.0}, {"date": "2019-01-20T00:00:00", "datatype": "TMIN", "station": "GHCND:USW00003017", "attributes": ",,W,2400", "value": 33.0}, {"date": "2019-01-20T00:00:00", "datatype": "WDF2", "station": "GHCND:USW00003017", "attributes": ",,W,", "value": 50}, {"date": "2019-01-20T00:00:00", "datatype": "WDF5", "station": "GHCND:USW00003017", "attributes": ",,W,", "value": 50}, {"date": "2019-01-20T00:00:00", "datatype": "WSF2", "station": "GHCND:USW00003017", "attributes": ",,W,", "value": 21.0}, {"date": "2019-01-20T00:00:00", "datatype": "WSF5", "station": "GHCND:USW00003017", "attributes": ",,W,", "value": 25.9}, {"date": "2019-01-21T00:00:00", "datatype": "ADPT", "station": "GHCND:USW00003017", "attributes": ",,W,", "value": -50}, {"date": "2019-01-21T00:00:00", "datatype": "ASLP", "station": "GHCND:USW00003017", "attributes": ",,W,", "value": 9990}, {"date": "2019-01-21T00:00:00", "datatype": "ASTP", "station": "GHCND:USW00003017", "attributes": ",,W,", "value": 8188}, {"date": "2019-01-21T00:00:00", "datatype": "AWBT", "station": "GHCND:USW00003017", "attributes": ",,W,", "value": -6}, {"date": "2019-01-21T00:00:00", "datatype": "AWND", "station": "GHCND:USW00003017", "attributes": ",,W,", "value": 11.2}, {"date": "2019-01-21T00:00:00", "datatype": "PRCP", "station": "GHCND:USW00003017", "attributes": "T,,W,2400", "value": 0.0}, {"date": "2019-01-21T00:00:00", "datatype": "RHAV", "station": "GHCND:USW00003017", "attributes": ",,W,", "value": 62}, {"date": "2019-01-21T00:00:00", "datatype": "RHMN", "station": "GHCND:USW00003017", "attributes": ",,W,", "value": 21}, {"date": "2019-01-21T00:00:00", "datatype": "RHMX", "station": "GHCND:USW00003017", "attributes": ",,W,", "value": 92}, {"date": "2019-01-21T00:00:00", "datatype": "SNOW", "station": "GHCND:USW00003017", "attributes": ",,W,", "value": 0.2}, {"date": "2019-01-21T00:00:00", "datatype": "SNWD", "station": "GHCND:USW00003017", "attributes": ",,W,", "value": 0.0}, {"date": "2019-01-21T00:00:00", "datatype": "TAVG", "station": "GHCND:USW00003017", "attributes": "H,,S,", "value": 39.0}, {"date": "2019-01-21T00:00:00", "datatype": "TMAX", "station": "GHCND:USW00003017", "attributes": ",,W,2400", "value": 58.0}, {"date": "2019-01-21T00:00:00", "datatype": "TMIN", "station": "GHCND:USW00003017", "attributes": ",,W,2400", "value": 22.0}, {"date": "2019-01-21T00:00:00", "datatype": "WDF2", "station": "GHCND:USW00003017", "attributes": ",,W,", "value": 10}, {"date": "2019-01-21T00:00:00", "datatype": "WDF5", "station": "GHCND:USW00003017", "attributes": ",,W,", "value": 20}, {"date": "2019-01-21T00:00:00", "datatype": "WSF2", "station": "GHCND:USW00003017", "attributes": ",,W,", "value": 38.0}, {"date": "2019-01-21T00:00:00", "datatype": "WSF5", "station": "GHCND:USW00003017", "attributes": ",,W,", "value": 53.9}, {"date": "2019-01-21T00:00:00", "datatype": "WT01", "station": "GHCND:USW00003017", "attributes": ",,W,", "value": 1}, {"date": "2019-01-21T00:00:00", "datatype": "WT09", "station": "GHCND:USW00003017", "attributes": ",,W,", "value": 1}]}