{"metadata": {"resultset": {"offset": 1, "count": 670, "limit": 1000}}, "results": [{"date": "2011-12-15T00:00:00", "datatype": "ADPT", "station": "GHCND:USW00003017", "attributes": ",,W,", "value": -78}, {"date": "2011-12-15T00:00:00", "datatype": "ASLP", "station": "GHCND:USW00003017", "attributes": ",,W,", "value": 10227}, {"date": "2011-12-15T00:00:00", "datatype": "ASTP", "station": "GHCND:USW00003017", "attributes": ",,W,", "value": 8358}, {"date": "2011-12-15T00:00:00", "datatype": "AWBT", "station": "GHCND:USW00003017", "attributes": ",,W,", "value": -44}, {"date": "2011-12-15T00:00:00", "datatype": "AWND", "station": "GHCND:USW00003017", "attributes": ",,W,", "value": 8.9}, {"date": "2011-12-15T00:00:00", "datatype": "PRCP", "station": "GHCND:USW00003017", "attributes": ",,X,2400", "value": 0.0}, {"date": "2011-12-15T00:00:00", "datatype": "RHAV", "station": "GHCND:USW00003017", "attributes": ",,W,", "value": 68}, {"date": "2011-12-15T00:00:00", "datatype": "RHMN", "station": "GHCND:USW00003017", "attributes": ",,W,", "value": 45}, {"date": "2011-12-15T00:00:00", "datatype": "RHMX", "station": "GHCND:USW00003017", "attributes": ",,W,", "value": 78}, {"date": "2011-12-15T00:00:00", "datatype": "SNOW", "station": "GHCND:USW00003017", "attributes": ",,X,", "value": 0.0}, {"date": "2011-12-15T00:00:00", "datatype": "SNWD", "station": "GHCND:USW00003017", "attributes": ",,X,", "value": 1.0}, {"date": "2011-12-15T00:00:00", "datatype": "TMAX", "station": "GHCND:USW00003017", "attributes": ",,X,2400", "value": 42.0}, {"date": "2011-12-15T00:00:00", "datatype": "TMIN", "station": "GHCND:USW00003017", "attributes": ",,X,2400", "value": 18.0}, {"date": "2011-12-15T00:00:00", "datatype": "WDF2", "station": "GHCND:USW00003017", "attributes": ",,X,", "value": 160}, {"date": "2011-12-15T00:00:00", "datatype": "WDF5", "station": "GHCND:USW00003017", "attributes": ",,X,", "value": 150}, {"date": "2011-12-15T00:00:00", "datatype": "WSF2", "station": "GHCND:USW00003017", "attributes": ",,X,", "value": 17.9}, {"date": "2011-12-15T00:00:00", "datatype": "WSF5", "station": "GHCND:USW00003017", "attributes": ",,X,", "value": 23.0}, {"date": "2011-12-16T00:00:00", "datatype": "ADPT", "station": "GHCND:USW00003017", "attributes": ",,W,", "value": -89}, {"date": "2011-12-16T00:00:00", "datatype": "ASLP", "station": "GHCND:USW00003017", "attributes": ",,W,", "value": 10278}, {"date": "2011-12-16T00:00:00", "datatype": "ASTP", "station": "GHCND:USW00003017", "attributes": ",,W,", "value": 8402}, {"date": "2011-12-16T00:00:00", "datatype": "AWBT", "station": "GHCND:USW00003017", "attributes": ",,W,", "value": -56}, {"date": "2011-12-16T00:00:00", "datatype": "AWND", "station": "GHCND:USW00003017", "attributes": ",,W,", "value": 7.8}, {"date": "2011-12-16T00:00:00", "datatype": "PRCP", "station": "GHCND:USW00003017", "attributes": ",,X,2400", "value": 0.0}, {"date": "2011-12-16T00:00:00", "datatype": "RHAV", "station": "GHCND:USW00003017", "attributes": ",,W,", "value": 66}, {"date": "2011-12-16T00:00:00", "datatype": "RHMN", "station": "GHCND:USW00003017", "attributes": ",,W,", "value": 50}, {"date": "2011-12-16T00:00:00", "datatype": "RHMX", "station": "GHCND:USW00003017", "attributes": ",,W,", "value": 78}, {"date": "2011-12-16T00:00:00", "datatype": "SNOW", "station": "GHCND:USW00003017", "attributes": ",,X,", "value": 0.0}, {"date": "2011-12-16T00:00:00", "datatype": "SNWD", "station": "GHCND:USW00003017", "attributes": ",,X,", "value": 1.0}, {"date": "2011-12-16T00:00:00", "datatype": "TMAX", "station": "GHCND:USW00003017", "attributes": ",,X,2400", "value": 35.0}, {"date": "2011-12-16T00:00:00", "datatype": "TMIN", "station": "GHCND:USW00003017", "attributes": ",,X,2400", "value": 19.0}, {"date": "2011-12-16T00:00:00", "datatype": "WDF2", "station": "GHCND:USW00003017", "attributes": ",,X,", "value": 240}, {"date": "2011-12-16T00:00:00", "datatype": "WDF5", "station": "GHCND:USW00003017", "attributes": ",,X,", "value": 240}, {"date": "2011-12-16T00:00:00", "datatype": "WSF2", "station": "GHCND:USW00003017", "attributes": ",,X,", "value": 14.1}, {"date": "2011-12-16T00:00:00", "datatype": "WSF5", "station": "GHCND:USW00003017", "attributes": ",,X,", "value": 17.0}, {"date": "2011-12-17T00:00:00", "datatype": "ADPT", "station": "GHCND:USW00003017", "attributes": ",,W,", "value": -89}, {"date": "2011-12-17T00:00:00", "datatype": "ASLP", "station": "GHCND:USW00003017", "attributes": ",,W,", "value": 10278}, {"date": "2011-12-17T00:00:00", "datatype": "ASTP", "station": "GHCND:USW00003017", "attributes": ",,W,", "value": 8398}, {"date": "2011-12-17T00:00:00", "datatype": "AWBT", "station": "GHCND:USW00003017", "attributes": ",,W,", "value": -39}, {"date": "2011-12-17T00:00:00", "datatype": "AWND", "station": "GHCND:USW00003017", "attributes": ",,W,", "value": 4.7}, {"date": "2011-12-17T00:00:00", "datatype": "PRCP", "station": "GHCND:USW00003017", "attributes": ",,X,2400", "value": 0.0}, {"date": "2011-12-17T00:00:00", "datatype": "RHAV", "station": "GHCND:USW00003017", "attributes": ",,W,", "value": 55}, {"date": "2011-12-17T00:00:00", "datatype": "RHMN", "station": "GHCND:USW00003017", "attributes": ",,W,", "value": 37}, {"date": "2011-12-17T00:00:00", "datatype": "RHMX", "station": "GHCND:USW00003017", "attributes": ",,W,", "value": 71}, {"date": "2011-12-17T00:00:00", "datatype": "SNOW", "station": "GHCND:USW00003017", "attributes": ",,X,", "value": 0.0}, {"date": "2011-12-17T00:00:00", "datatype": "SNWD", "station": "GHCND:USW00003017", "attributes": ",,X,", "value": 1.0}, {"date": "2011-12-17T00:00:00", "datatype": "TMAX", "station": "GHCND:USW00003017", "attributes": ",,X,2400", "value": 40.0}, {"date": "2011-12-17T00:00:00", "datatype": "TMIN", "station": "GHCND:USW00003017", "attributes": ",,X,2400", "value": 18.0}, {"date": "2011-12-17T00:00:00", "datatype": "WDF2", "station": "GHCND:USW00003017", "attributes": ",,X,", "value": 230}, {"date": "2011-12-17T00:00:00", "datatype": "WDF5", "station": "GHCND:USW00003017", "attributes": ",,X,", "value": 230}, {"date": "2011-12-17T00:00:00", "datatype": "WSF2", "station": "GHCND:USW00003017", "attributes": ",,X,", "value": 10.1}, {"date": "2011-12-17T00:00:00", "datatype": "WSF5", "station": "GHCND:USW00003017", "attributes": ",,X,", "value": 12.1}, {"date": "2011-12-18T00:00:00", "datatype": "ADPT", "station": "GHCND:USW00003017", "attributes": ",,W,", "value": -89}, {"date": "2011-12-18T00:00:00", "datatype": "ASLP", "station": "GHCND:USW00003017", "attributes": ",,W,", "value": 10146}, {"date": "2011-12-18T00:00:00", "datatype": "ASTP", "station": "GHCND:USW00003017", "attributes": ",,W,", "value": 8303}, {"date": "2011-12-18T00:00:00", "datatype": "AWBT", "station": "GHCND:USW00003017", "attributes": ",,W,", "value": -6}, {"date": "2011-12-18T00:00:00", "datatype": "AWND", "station": "GHCND:USW00003017", "attributes": ",,W,", "value": 6.5}, {"date": "2011-12-18T00:00:00", "datatype": "PRCP", "station": "GHCND:USW00003017", "attributes": ",,X,2400", "value": 0.0}, {"date": "2011-12-18T00:00:00", "datatype": "RHAV", "station": "GHCND:USW00003017", "attributes": ",,W,", "value": 41}, {"date": "2011-12-18T00:00:00", "datatype": "RHMN", "station": "GHCND:USW00003017", "attributes": ",,W,", "value": 18}, {"date": "2011-12-18T00:00:00", "datatype": "RHMX", "station": "GHCND:USW00003017", "attributes": ",,W,", "value": 66}, {"date": "2011-12-18T00:00:00", "datatype": "SNOW", "station": "GHCND:USW00003017", "attributes": ",,X,", "value": 0.0}, {"date": "2011-12-18T00:00:00", "datatype": "SNWD", "station": "GHCND:USW00003017", "attributes": ",,X,", "value": 1.0}, {"date": "2011-12-18T00:00:00", "datatype": "TMAX", "station": "GHCND:USW00003017", "attributes": ",,X,2400", "value": 58.0}, {"date": "2011-12-18T00:00:00", "datatype": "TMIN", "station": "GHCND:USW00003017", "attributes": ",,X,2400", "value": 25.0}, {"date": "2011-12-18T00:00:00", "datatype": "WDF2", "station": "GHCND:USW00003017", "attributes": ",,X,", "value": 220}, {"date": "2011-12-18T00:00:00", "datatype": "WDF5", "station": "GHCND:USW00003017", "attributes": ",,X,", "value": 220}, {"date": "2011-12-18T00:00:00", "datatype": "WSF2", "station": "GHCND:USW00003017", "attributes": ",,X,", "value": 14.1}, {"date": "2011-12-18T00:00:00", "datatype": "WSF5", "station": "GHCND:USW00003017", "attributes": ",,X,", "value": 16.1}, {"date": "2011-12-19T00:00:00", "datatype": "ADPT", "station": "GHCND:USW00003017", "attributes": ",,W,", "value": -72}, {"date": "2011-12-19T00:00:00", "datatype": "ASLP", "station": "GHCND:USW00003017", "attributes": ",,W,", "value": 10207}, {"date": "2011-12-19T00:00:00", "datatype": "ASTP", "station": "GHCND:USW00003017", "attributes": ",,W,", "value": 8354}, {"date": "2011-12-19T00:00:00", "datatype": "AWBT", "station": "GHCND:USW00003017", "attributes": ",,W,", "value": -44}, {"date": "2011-12-19T00:00:00", "datatype": "AWND", "station": "GHCND:USW00003017", "attributes": ",,W,", "value": 9.2}, {"date": "2011-12-19T00:00:00", "datatype": "PRCP", "station": "GHCND:USW00003017", "attributes": ",,X,2400", "value": 0.01}, {"date": "2011-12-19T00:00:00", "datatype": "RHAV", "station": "GHCND:USW00003017", "attributes": ",,W,", "value": 74}, {"date": "2011-12-19T00:00:00", "datatype": "RHMN", "station": "GHCND:USW00003017", "attributes": ",,W,", "value": 48}, {"date": "2011-12-19T00:00:00", "datatype": "RHMX", "station": "GHCND:USW00003017", "attributes": ",,W,", "value": 92}, {"date": "2011-12-19T00:00:00", "datatype": "SNOW", "station": "GHCND:USW00003017", "attributes": "T,,X,", "value": 0.0}, {"date": "2011-12-19T00:00:00", "datatype": "SNWD", "station": "GHCND:USW00003017", "attributes": ",,X,", "value": 1.0}, {"date": "2011-12-19T00:00:00", "datatype": "TMAX", "station": "GHCND:USW00003017", "attributes": ",,X,2400", "value": 35.0}, {"date": "2011-12-19T00:00:00", "datatype": "TMIN", "station": "GHCND:USW00003017", "attributes": ",,X,2400", "value": 24.0}, {"date": "2011-12-19T00:00:00", "datatype": "WDF2", "station": "GHCND:USW00003017", "attributes": ",,X,", "value": 30}, {"date": "2011-12-19T00:00:00", "datatype": "WDF5", "station": "GHCND:USW00003017", "attributes": ",,X,", "value": 30}, {"date": "2011-12-19T00:00:00", "datatype": "WSF2", "station": "GHCND:USW00003017", "attributes": ",,X,", "value": 21.0}, {"date": "2011-12-19T00:00:00", "datatype": "WSF5", "station": "GHCND:USW00003017", "attributes": ",,X,", "value": 25.1}, {"date": "2011-12-19T00:00:00", "datatype": "WT13", "station": "GHCND:USW00003017", "attributes": ",,X,", "value": 1}, {"date": "2011-12-19T00:00:00", "datatype": "WT14", "station": "GHCND:USW00003017", "attributes": ",,X,", "value": 1}, {"date": "2011-12-19T00:00:00", "datatype": "WT15", "station": "GHCND:USW00003017", "attributes": ",,X,", "value": 1}, {"date": "2011-12-19T00:00:00", "datatype": "WT18", "station": "GHCND:USW00003017", "attributes": ",,X,", "value": 1}, {"date": "2011-12-20T00:00:00", "datatype": "ADPT", "station": "GHCND:USW00003017", "attributes": ",,W,", "value": -67}, {"date": "2011-12-20T00:00:00", "datatype": "ASLP", "station": "GHCND:USW00003017", "attributes": ",,W,", "value": 10139}, {"date": "2011-12-20T00:00:00", "datatype": "ASTP", "station": "GHCND:USW00003017", "attributes": ",,W,", "value": 8280}, {"date": "2011-12-20T00:00:00", "datatype": "AWBT", "station": "GHCND:USW00003017", "attributes": ",,W,", "value": -39}, {"date": "2011-12-20T00:00:00", "datatype": "AWND", "station": "GHCND:USW00003017", "attributes": ",,W,", "value": 6.9}, {"date": "2011-12-20T00:00:00", "datatype": "PRCP", "station": "GHCND:USW00003017", "attributes": ",,X,2400", "value": 0.0}, {"date": "2011-12-20T00:00:00", "datatype": "RHAV", "station": "GHCND:USW00003017", "attributes": ",,W,", "value": 70}, {"date": "2011-12-20T00:00:00", "datatype": "RHMN", "station": "GHCND:USW00003017", "attributes": ",,W,", "value": 53}, {"date": "2011-12-20T00:00:00", "datatype": "RHMX", "station": "GHCND:USW00003017", "attributes": ",,W,", "value": 85}, {"date": "2011-12-20T00:00:00", "datatype": "SNOW", "station": "GHCND:USW00003017", "attributes": ",,X,", "value": 0.0}, {"date": "2011-12-20T00:00:00", "datatype": "SNWD", "station": "GHCND:USW00003017", "attributes": ",,X,", "value": 1.0}, {"date": "2011-12-20T00:00:00", "datatype": "TMAX", "station": "GHCND:USW00003017", "attributes": ",,X,2400", "value": 40.0}, {"date": "2011-12-20T00:00:00", "datatype": "TMIN", "station": "GHCND:USW00003017", "attributes": ",,X,2400", "value": 19.0}, {"date": "2011-12-20T00:00:00", "datatype": "WDF2", "station": "GHCND:USW00003017", "attributes": ",,X,", "value": 210}, {"date": "2011-12-20T00:00:00", "datatype": "WDF5", "station": "GHCND:USW00003017", "attributes": ",,X,", "value": 210}, {"date": "2011-12-20T00:00:00", "datatype": "WSF2", "station": "GHCND:USW00003017", "attributes": ",,X,", "value": 17.0}, {"date": "2011-12-20T00:00:00", "datatype": "WSF5", "station": "GHCND:USW00003017", "attributes": ",,X,", "value": 21.0}, {"date": "2011-12-21T00:00:00", "datatype": "ADPT", "station": "GHCND:USW00003017", "attributes": ",,W,", "value": -61}, {"date": "2011-12-21T00:00:00", "datatype": "ASLP", "station": "GHCND:USW00003017", "attributes": ",,W,", "value": 10102}, {"date": "2011-12-21T00:00:00", "datatype": "ASTP", "station": "GHCND:USW00003017", "attributes": ",,W,", "value": 8263}, {"date": "2011-12-21T00:00:00", "datatype": "AWBT", "station": "GHCND:USW00003017", "attributes": ",,W,", "value": -28}, {"date": "2011-12-21T00:00:00", "datatype": "AWND", "station": "GHCND:USW00003017", "attributes": ",,W,", "value": 9.8}, {"date": "2011-12-21T00:00:00", "datatype": "PRCP", "station": "GHCND:USW00003017", "attributes": ",,X,2400", "value": 0.28}, {"date": "2011-12-21T00:00:00", "datatype": "RHAV", "station": "GHCND:USW00003017", "attributes": ",,W,", "value": 72}, {"date": "2011-12-21T00:00:00", "datatype": "RHMN", "station": "GHCND:USW00003017", "attributes": ",,W,", "value": 52}, {"date": "2011-12-21T00:00:00", "datatype": "RHMX", "station": "GHCND:USW00003017", "attributes": ",,W,", "value": 96}, {"date": "2011-12-21T00:00:00", "datatype": "SNOW", "station": "GHCND:USW00003017", "attributes": ",,X,", "value": 3.2}, {"date": "2011-12-21T00:00:00", "datatype": "SNWD", "station": "GHCND:USW00003017", "attributes": "T,,X,", "value": 0.0}, {"date": "2011-12-21T00:00:00", "datatype": "TMAX", "station": "GHCND:USW00003017", "attributes": ",,X,2400", "value": 40.0}, {"date": "2011-12-21T00:00:00", "datatype": "TMIN", "station": "GHCND:USW00003017", "attributes": ",,X,2400", "value": 20.0}, {"date": "2011-12-21T00:00:00", "datatype": "WDF2", "station": "GHCND:USW00003017", "attributes": ",,X,", "value": 350}, {"date": "2011-12-21T00:00:00", "datatype": "WDF5", "station": "GHCND:USW00003017", "attributes": ",,X,", "value": 360}, {"date": "2011-12-21T00:00:00", "datatype": "WSF2", "station": "GHCND:USW00003017", "attributes": ",,X,", "value": 19.9}, {"date": "2011-12-21T00:00:00", "datatype": "WSF5", "station": "GHCND:USW00003017", "attributes": ",,X,", "value": 23.0}, {"date": "2011-12-21T00:00:00", "datatype": "WT02", "station": "GHCND:USW00003017", "attributes": ",,X,", "value": 1}, {"date": "2011-12-21T00:00:00", "datatype": "WT13", "station": "GHCND:USW00003017", "attributes": ",,X,", "value": 1}, {"date": "2011-12-21T00:00:00", "datatype": "WT18", "station": "GHCND:USW00003017", "attributes": ",,X,", "value": 1}, {"date": "2011-12-21T00:00:00", "datatype": "WT22", "station": "GHCND:USW00003017", "attributes": ",,X,", "value": 1}, {"date": "2011-12-22T00:00:00", "datatype": "ADPT", "station": "GHCND:USW00003017", "attributes": ",,W,", "value": -106}, {"date": "2011-12-22T00:00:00", "datatype": "ASLP", "station": "GHCND:USW00003017", "attributes": ",,W,", "value": 10281}, {"date": "2011-12-22T00:00:00", "datatype": "ASTP", "station": "GHCND:USW00003017", "attributes": ",,W,", "value": 8391}, {"date": "2011-12-22T00:00:00", "datatype": "AWBT", "station": "GHCND:USW00003017", "attributes": ",,W,", "value": -89}, {"date": "2011-12-22T00:00:00", "datatype": "AWND", "station": "GHCND:USW00003017", "attributes": ",,W,", "value": 11.2}, {"date": "2011-12-22T00:00:00", "datatype": "PRCP", "station": "GHCND:USW00003017", "attributes": ",,X,2400", "value": 0.2}, {"date": "2011-12-22T00:00:00", "datatype": "RHAV", "station": "GHCND:USW00003017", "attributes": ",,W,", "value": 84}, {"date": "2011-12-22T00:00:00", "datatype": "RHMN", "station": "GHCND:USW00003017", "attributes": ",,W,", "value": 76}, {"date": "2011-12-22T00:00:00", "datatype": "RHMX", "station": "GHCND:USW00003017", "attributes": ",,W,", "value": 92}, {"date": "2011-12-22T00:00:00", "datatype": "SNOW", "station": "GHCND:USW00003017", "attributes": ",,X,", "value": 4.1}, {"date": "2011-12-22T00:00:00", "datatype": "SNWD", "station": "GHCND:USW00003017", "attributes": ",,X,", "value": 5.0}, {"date": "2011-12-22T00:00:00", "datatype": "TMAX", "station": "GHCND:USW00003017", "attributes": ",,X,2400", "value": 27.0}, {"date": "2011-12-22T00:00:00", "datatype": "TMIN", "station": "GHCND:USW00003017", "attributes": ",,X,2400", "value": 3.0}, {"date": "2011-12-22T00:00:00", "datatype": "WDF2", "station": "GHCND:USW00003017", "attributes": ",,X,", "value": 60}, {"date": "2011-12-22T00:00:00", "datatype": "WDF5", "station": "GHCND:USW00003017", "attributes": ",,X,", "value": 50}, {"date": "2011-12-22T00:00:00", "datatype": "WSF2", "station": "GHCND:USW00003017", "attributes": ",,X,", "value": 25.1}, {"date": "2011-12-22T00:00:00", "datatype": "WSF5", "station": "GHCND:USW00003017", "attributes": ",,X,", "value": 29.1}, {"date": "2011-12-22T00:00:00", "datatype": "WT01", "station": "GHCND:USW00003017", "attributes": ",,W,", "value": 1}, {"date": "2011-12-22T00:00:00", "datatype": "WT13", "station": "GHCND:USW00003017", "attributes": ",,X,", "value": 1}, {"date": "2011-12-22T00:00:00", "datatype": "WT18", "station": "GHCND:USW00003017", "attributes": ",,X,", "value": 1}, {"date": "2011-12-23T00:00:00", "datatype": "ADPT", "station": "GHCND:USW00003017", "attributes": ",,W,", "value": -139}, {"date": "2011-12-23T00:00:00", "datatype": "ASLP", "station": "GHCND:USW00003017", "attributes": ",,W,", "value": 10298}, {"date": "2011-12-23T00:00:00", "datatype": "ASTP", "station": "GHCND:USW00003017", "attributes": ",,W,", "value": 8391}, {"date": "2011-12-23T00:00:00", "datatype": "AWBT", "station": "GHCND:USW00003017", "attributes": ",,W,", "value": -78}, {"date": "2011-12-23T00:00:00", "datatype": "AWND", "station": "GHCND:USW00003017", "attributes": ",,W,", "value": 15.2}, {"date": "2011-12-23T00:00:00", "datatype": "PRCP", "station": "GHCND:USW00003017", "attributes": ",,X,2400", "value": 0.0}, {"date": "2011-12-23T00:00:00", "datatype": "RHAV", "station": "GHCND:USW00003017", "attributes": ",,W,", "value": 51}, {"date": "2011-12-23T00:00:00", "datatype": "RHMN", "station": "GHCND:USW00003017", "attributes": ",,W,", "value": 40}, {"date": "2011-12-23T00:00:00", "datatype": "RHMX", "station": "GHCND:USW00003017", "attributes": ",,W,", "value": 77}, {"date": "2011-12-23T00:00:00", "datatype": "SNOW", "station": "GHCND:USW00003017", "attributes": ",,X,", "value": 0.0}, {"date": "2011-12-23T00:00:00", "datatype": "SNWD", "station": "GHCND:USW00003017", "attributes": ",,X,", "value": 4.0}, {"date": "2011-12-23T00:00:00", "datatype": "TMAX", "station": "GHCND:USW00003017", "attributes": ",,X,2400", "value": 34.0}, {"date": "2011-12-23T00:00:00", "datatype": "TMIN", "station": "GHCND:USW00003017", "attributes": ",,X,2400", "value": 9.0}, {"date": "2011-12-23T00:00:00", "datatype": "WDF2", "station": "GHCND:USW00003017", "attributes": ",,X,", "value": 210}, {"date": "2011-12-23T00:00:00", "datatype": "WDF5", "station": "GHCND:USW00003017", "attributes": ",,X,", "value": 210}, {"date": "2011-12-23T00:00:00", "datatype": "WSF2", "station": "GHCND:USW00003017", "attributes": ",,X,", "value": 21.9}, {"date": "2011-12-23T00:00:00", "datatype": "WSF5", "station": "GHCND:USW00003017", "attributes": ",,X,", "value": 25.1}, {"date": "2011-12-24T00:00:00", "datatype": "ADPT", "station": "GHCND:USW00003017", "attributes": ",,W,", "value": -122}, {"date": "2011-12-24T00:00:00", "datatype": "ASLP", "station": "GHCND:USW00003017", "attributes": ",,W,", "value": 10315}, {"date": "2011-12-24T00:00:00", "datatype": "ASTP", "station": "GHCND:USW00003017", "attributes": ",,W,", "value": 8425}, {"date": "2011-12-24T00:00:00", "datatype": "AWBT", "station": "GHCND:USW00003017", "attributes": ",,W,", "value": -61}, {"date": "2011-12-24T00:00:00", "datatype": "AWND", "station": "GHCND:USW00003017", "attributes": ",,W,", "value": 9.6}, {"date": "2011-12-24T00:00:00", "datatype": "PRCP", "station": "GHCND:USW00003017", "attributes": ",,X,2400", "value": 0.0}, {"date": "2011-12-24T00:00:00", "datatype": "RHAV", "station": "GHCND:USW00003017", "attributes": ",,W,", "value": 50}, {"date": "2011-12-24T00:00:00", "datatype": "RHMN", "station": "GHCND:USW00003017", "attributes": ",,W,", "value": 36}, {"date": "2011-12-24T00:00:00", "datatype": "RHMX", "station": "GHCND:USW00003017", "attributes": ",,W,", "value": 61}, {"date": "2011-12-24T00:00:00", "datatype": "SNOW", "station": "GHCND:USW00003017", "attributes": ",,X,", "value": 0.0}, {"date": "2011-12-24T00:00:00", "datatype": "SNWD", "station": "GHCND:USW00003017", "attributes": ",,X,", "value": 3.0}, {"date": "2011-12-24T00:00:00", "datatype": "TMAX", "station": "GHCND:USW00003017", "attributes": ",,X,2400", "value": 37.0}, {"date": "2011-12-24T00:00:00", "datatype": "TMIN", "station": "GHCND:USW00003017", "attributes": ",,X,2400", "value": 11.0}, {"date": "2011-12-24T00:00:00", "datatype": "WDF2", "station": "GHCND:USW00003017", "attributes": ",,Z,", "value": 220}, {"date": "2011-12-24T00:00:00", "datatype": "WSF2", "station": "GHCND:USW00003017", "attributes": ",,Z,", "value": 16.1}, {"date": "2011-12-25T00:00:00", "datatype": "ADPT", "station": "GHCND:USW00003017", "attributes": ",,W,", "value": -111}, {"date": "2011-12-25T00:00:00", "datatype": "ASLP", "station": "GHCND:USW00003017", "attributes": ",,W,", "value": 10301}, {"date": "2011-12-25T00:00:00", "datatype": "ASTP", "station": "GHCND:USW00003017", "attributes": ",,W,", "value": 8408}, {"date": "2011-12-25T00:00:00", "datatype": "AWBT", "station": "GHCND:USW00003017", "attributes": ",,W,", "value": -56}, {"date": "2011-12-25T00:00:00", "datatype": "AWND", "station": "GHCND:USW00003017", "attributes": ",,W,", "value": 10.7}, {"date": "2011-12-25T00:00:00", "datatype": "PRCP", "station": "GHCND:USW00003017", "attributes": ",,X,2400", "value": 0.0}, {"date": "2011-12-25T00:00:00", "datatype": "RHAV", "station": "GHCND:USW00003017", "attributes": ",,W,", "value": 56}, {"date": "2011-12-25T00:00:00", "datatype": "RHMN", "station": "GHCND:USW00003017", "attributes": ",,W,", "value": 45}, {"date": "2011-12-25T00:00:00", "datatype": "RHMX", "station": "GHCND:USW00003017", "attributes": ",,W,", "value": 66}, {"date": "2011-12-25T00:00:00", "datatype": "SNOW", "station": "GHCND:USW00003017", "attributes": ",,X,", "value": 0.0}, {"date": "2011-12-25T00:00:00", "datatype": "SNWD", "station": "GHCND:USW00003017", "attributes": ",,X,", "value": 3.0}, {"date": "2011-12-25T00:00:00", "datatype": "TMAX", "station": "GHCND:USW00003017", "attributes": ",,X,2400", "value": 35.0}, {"date": "2011-12-25T00:00:00", "datatype": "TMIN", "station": "GHCND:USW00003017", "attributes": ",,X,2400", "value": 19.0}, {"date": "2011-12-25T00:00:00", "datatype": "WDF2", "station": "GHCND:USW00003017", "attributes": ",,X,", "value": 210}, {"date": "2011-12-25T00:00:00", "datatype": "WDF5", "station": "GHCND:USW00003017", "attributes": ",,X,", "value": 210}, {"date": "2011-12-25T00:00:00", "datatype": "WSF2", "station": "GHCND:USW00003017", "attributes": ",,X,", "value": 17.0}, {"date": "2011-12-25T00:00:00", "datatype": "WSF5", "station": "GHCND:USW00003017", "attributes": ",,X,", "value": 21.0}, {"date": "2011-12-26T00:00:00", "datatype": "ADPT", "station": "GHCND:USW00003017", "attributes": ",,W,", "value": -100}, {"date": "2011-12-26T00:00:00", "datatype": "ASLP", "station": "GHCND:USW00003017", "attributes": ",,W,", "value": 10186}, {"date": "2011-12-26T00:00:00", "datatype": "ASTP", "station": "GHCND:USW00003017", "attributes": ",,W,", "value": 8327}, {"date": "2011-12-26T00:00:00", "datatype": "AWBT", "station": "GHCND:USW00003017", "attributes": ",,W,", "value": -44}, {"date": "2011-12-26T00:00:00", "datatype": "AWND", "station": "GHCND:USW00003017", "attributes": ",,W,", "value": 10.3}, {"date": "2011-12-26T00:00:00", "datatype": "PRCP", "station": "GHCND:USW00003017", "attributes": ",,X,2400", "value": 0.0}, {"date": "2011-12-26T00:00:00", "datatype": "RHAV", "station": "GHCND:USW00003017", "attributes": ",,W,", "value": 53}, {"date": "2011-12-26T00:00:00", "datatype": "RHMN", "station": "GHCND:USW00003017", "attributes": ",,W,", "value": 46}, {"date": "2011-12-26T00:00:00", "datatype": "RHMX", "station": "GHCND:USW00003017", "attributes": ",,W,", "value": 65}, {"date": "2011-12-26T00:00:00", "datatype": "SNOW", "station": "GHCND:USW00003017", "attributes": ",,X,", "value": 0.0}, {"date": "2011-12-26T00:00:00", "datatype": "SNWD", "station": "GHCND:USW00003017", "attributes": ",,X,", "value": 3.0}, {"date": "2011-12-26T00:00:00", "datatype": "TMAX", "station": "GHCND:USW00003017", "attributes": ",,X,2400", "value": 43.0}, {"date": "2011-12-26T00:00:00", "datatype": "TMIN", "station": "GHCND:USW00003017", "attributes": ",,X,2400", "value": 18.0}, {"date": "2011-12-26T00:00:00", "datatype": "WDF2", "station": "GHCND:USW00003017", "attributes": ",,X,", "value": 220}, {"date": "2011-12-26T00:00:00", "datatype": "WDF5", "station": "GHCND:USW00003017", "attributes": ",,X,", "value": 220}, {"date": "2011-12-26T00:00:00", "datatype": "WSF2", "station": "GHCND:USW00003017", "attributes": ",,X,", "value": 19.9}, {"date": "2011-12-26T00:00:00", "datatype": "WSF5", "station": "GHCND:USW00003017", "attributes": ",,X,", "value": 21.9}, {"date": "2011-12-27T00:00:00", "datatype": "ADPT", "station": "GHCND:USW00003017", "attributes": ",,W,", "value": -111}, {"date": "2011-12-27T00:00:00", "datatype": "ASLP", "station": "GHCND:USW00003017", "attributes": ",,W,", "value": 10193}, {"date": "2011-12-27T00:00:00", "datatype": "ASTP", "station": "GHCND:USW00003017", "attributes": ",,W,", "value": 8331}, {"date": "2011-12-27T00:00:00", "datatype": "AWBT", "station": "GHCND:USW00003017", "attributes": ",,W,", "value": -50}, {"date": "2011-12-27T00:00:00", "datatype": "AWND", "station": "GHCND:USW00003017", "attributes": ",,W,", "value": 9.4}, {"date": "2011-12-27T00:00:00", "datatype": "PRCP", "station": "GHCND:USW00003017", "attributes": ",,X,2400", "value": 0.0}, {"date": "2011-12-27T00:00:00", "datatype": "RHAV", "station": "GHCND:USW00003017", "attributes": ",,W,", "value": 48}, {"date": "2011-12-27T00:00:00", "datatype": "RHMN", "station": "GHCND:USW00003017", "attributes": ",,W,", "value": 33}, {"date": "2011-12-27T00:00:00", "datatype": "RHMX", "station": "GHCND:USW00003017", "attributes": ",,W,", "value": 68}, {"date": "2011-12-27T00:00:00", "datatype": "SNOW", "station": "GHCND:USW00003017", "attributes": ",,X,", "value": 0.0}, {"date": "2011-12-27T00:00:00", "datatype": "SNWD", "station": "GHCND:USW00003017", "attributes": ",,X,", "value": 3.0}, {"date": "2011-12-27T00:00:00", "datatype": "TMAX", "station": "GHCND:USW00003017", "attributes": ",,X,2400", "value": 46.0}, {"date": "2011-12-27T00:00:00", "datatype": "TMIN", "station": "GHCND:USW00003017", "attributes": ",,X,2400", "value": 15.0}, {"date": "2011-12-27T00:00:00", "datatype": "WDF2", "station": "GHCND:USW00003017", "attributes": ",,X,", "value": 280}, {"date": "2011-12-27T00:00:00", "datatype": "WDF5", "station": "GHCND:USW00003017", "attributes": ",,X,", "value": 290}, {"date": "2011-12-27T00:00:00", "datatype": "WSF2", "station": "GHCND:USW00003017", "attributes": ",,X,", "value": 19.9}, {"date": "2011-12-27T00:00:00", "datatype": "WSF5", "station": "GHCND:USW00003017", "attributes": ",,X,", "value": 23.9}, {"date": "2011-12-28T00:00:00", "datatype": "ADPT", "station": "GHCND:USW00003017", "attributes": ",,W,", "value": -78}, {"date": "2011-12-28T00:00:00", "datatype": "ASLP", "station": "GHCND:USW00003017", "attributes": ",,W,", "value": 10149}, {"date": "2011-12-28T00:00:00", "datatype": "ASTP", "station": "GHCND:USW00003017", "attributes": ",,W,", "value": 8314}, {"date": "2011-12-28T00:00:00", "datatype": "AWBT", "station": "GHCND:USW00003017", "attributes": ",,W,", "value": 0}, {"date": "2011-12-28T00:00:00", "datatype": "AWND", "station": "GHCND:USW00003017", "attributes": ",,W,", "value": 12.8}, {"date": "2011-12-28T00:00:00", "datatype": "PRCP", "station": "GHCND:USW00003017", "attributes": ",,X,2400", "value": 0.0}, {"date": "2011-12-28T00:00:00", "datatype": "RHAV", "station": "GHCND:USW00003017", "attributes": ",,W,", "value": 40}, {"date": "2011-12-28T00:00:00", "datatype": "RHMN", "station": "GHCND:USW00003017", "attributes": ",,W,", "value": 30}, {"date": "2011-12-28T00:00:00", "datatype": "RHMX", "station": "GHCND:USW00003017", "attributes": ",,W,", "value": 49}, {"date": "2011-12-28T00:00:00", "datatype": "SNOW", "station": "GHCND:USW00003017", "attributes": ",,X,", "value": 0.0}, {"date": "2011-12-28T00:00:00", "datatype": "SNWD", "station": "GHCND:USW00003017", "attributes": ",,X,", "value": 3.0}, {"date": "2011-12-28T00:00:00", "datatype": "TMAX", "station": "GHCND:USW00003017", "attributes": ",,X,2400", "value": 51.0}, {"date": "2011-12-28T00:00:00", "datatype": "TMIN", "station": "GHCND:USW00003017", "attributes": ",,X,2400", "value": 26.0}, {"date": "2011-12-28T00:00:00", "datatype": "WDF2", "station": "GHCND:USW00003017", "attributes": ",,X,", "value": 270}, {"date": "2011-12-28T00:00:00", "datatype": "WDF5", "station": "GHCND:USW00003017", "attributes": ",,X,", "value": 270}, {"date": "2011-12-28T00:00:00", "datatype": "WSF2", "station": "GHCND:USW00003017", "attributes": ",,X,", "value": 30.0}, {"date": "2011-12-28T00:00:00", "datatype": "WSF5", "station": "GHCND:USW00003017", "attributes": ",,X,", "value": 36.9}, {"date": "2011-12-29T00:00:00", "datatype": "ADPT", "station": "GHCND:USW00003017", "attributes": ",,W,", "value": -50}, {"date": "2011-12-29T00:00:00", "datatype": "ASLP", "station": "GHCND:USW00003017", "attributes": ",,W,", "value": 10078}, {"date": "2011-12-29T00:00:00", "datatype": "ASTP", "station": "GHCND:USW00003017", "attributes": ",,W,", "value": 8276}, {"date": "2011-12-29T00:00:00", "datatype": "AWBT", "station": "GHCND:USW00003017", "attributes": ",,W,", "value": 28}, {"date": "2011-12-29T00:00:00", "datatype": "AWND", "station": "GHCND:USW00003017", "attributes": ",,W,", "value": 14.5}, {"date": "2011-12-29T00:00:00", "datatype": "PRCP", "station": "GHCND:USW00003017", "attributes": ",,X,2400", "value": 0.0}, {"date": "2011-12-29T00:00:00", "datatype": "RHAV", "station": "GHCND:USW00003017", "attributes": ",,W,", "value": 40}, {"date": "2011-12-29T00:00:00", "datatype": "RHMN", "station": "GHCND:USW00003017", "attributes": ",,W,", "value": 26}, {"date": "2011-12-29T00:00:00", "datatype": "RHMX", "station": "GHCND:USW00003017", "attributes": ",,W,", "value": 62}, {"date": "2011-12-29T00:00:00", "datatype": "SNOW", "station": "GHCND:USW00003017", "attributes": ",,X,", "value": 0.0}, {"date": "2011-12-29T00:00:00", "datatype": "SNWD", "station": "GHCND:USW00003017", "attributes": ",,X,", "value": 2.0}, {"date": "2011-12-29T00:00:00", "datatype": "TMAX", "station": "GHCND:USW00003017", "attributes": ",,X,2400", "value": 56.0}, {"date": "2011-12-29T00:00:00", "datatype": "TMIN", "station": "GHCND:USW00003017", "attributes": ",,X,2400", "value": 34.0}, {"date": "2011-12-29T00:00:00", "datatype": "WDF2", "station": "GHCND:USW00003017", "attributes": ",,X,", "value": 290}, {"date": "2011-12-29T00:00:00", "datatype": "WDF5", "station": "GHCND:USW00003017", "attributes": ",,X,", "value": 290}, {"date": "2011-12-29T00:00:00", "datatype": "WSF2", "station": "GHCND:USW00003017", "attributes": ",,X,", "value": 36.9}, {"date": "2011-12-29T00:00:00", "datatype": "WSF5", "station": "GHCND:USW00003017", "attributes": ",,X,", "value": 47.0}, {"date": "2011-12-30T00:00:00", "datatype": "ADPT", "station": "GHCND:USW00003017", "attributes": ",,W,", "value": -67}, {"date": "2011-12-30T00:00:00", "datatype": "ASLP", "station": "GHCND:USW00003017", "attributes": ",,W,", "value": 10091}, {"date": "2011-12-30T00:00:00", "datatype": "ASTP", "station": "GHCND:USW00003017", "attributes": ",,W,", "value": 8276}, {"date": "2011-12-30T00:00:00", "datatype": "AWBT", "station": "GHCND:USW00003017", "attributes": ",,W,", "value": 11}, {"date": "2011-12-30T00:00:00", "datatype": "AWND", "station": "GHCND:USW00003017", "attributes": ",,W,", "value": 9.2}, {"date": "2011-12-30T00:00:00", "datatype": "PRCP", "station": "GHCND:USW00003017", "attributes": ",,X,2400", "value": 0.0}, {"date": "2011-12-30T00:00:00", "datatype": "RHAV", "station": "GHCND:USW00003017", "attributes": ",,W,", "value": 41}, {"date": "2011-12-30T00:00:00", "datatype": "RHMN", "station": "GHCND:USW00003017", "attributes": ",,W,", "value": 26}, {"date": "2011-12-30T00:00:00", "datatype": "RHMX", "station": "GHCND:USW00003017", "attributes": ",,W,", "value": 58}, {"date": "2011-12-30T00:00:00", "datatype": "SNOW", "station": "GHCND:USW00003017", "attributes": ",,X,", "value": 0.0}, {"date": "2011-12-30T00:00:00", "datatype": "SNWD", "station": "GHCND:USW00003017", "attributes": "T,,X,", "value": 0.0}, {"date": "2011-12-30T00:00:00", "datatype": "TMAX", "station": "GHCND:USW00003017", "attributes": ",,X,2400", "value": 57.0}, {"date": "2011-12-30T00:00:00", "datatype": "TMIN", "station": "GHCND:USW00003017", "attributes": ",,X,2400", "value": 31.0}, {"date": "2011-12-30T00:00:00", "datatype": "WDF2", "station": "GHCND:USW00003017", "attributes": ",,X,", "value": 200}, {"date": "2011-12-30T00:00:00", "datatype": "WDF5", "station": "GHCND:USW00003017", "attributes": ",,X,", "value": 280}, {"date": "2011-12-30T00:00:00", "datatype": "WSF2", "station": "GHCND:USW00003017", "attributes": ",,X,", "value": 16.1}, {"date": "2011-12-30T00:00:00", "datatype": "WSF5", "station": "GHCND:USW00003017", "attributes": ",,X,", "value": 21.0}, {"date": "2011-12-31T00:00:00", "datatype": "ADPT", "station": "GHCND:USW00003017", "attributes": ",,W,", "value": -111}, {"date": "2011-12-31T00:00:00", "datatype": "ASLP", "station": "GHCND:USW00003017", "attributes": ",,W,", "value": 10125}, {"date": "2011-12-31T00:00:00", "datatype": "ASTP", "station": "GHCND:USW00003017", "attributes": ",,W,", "value": 8310}, {"date": "2011-12-31T00:00:00", "datatype": "AWBT", "station": "GHCND:USW00003017", "attributes": ",,W,", "value": -22}, {"date": "2011-12-31T00:00:00", "datatype": "AWND", "station": "GHCND:USW00003017", "attributes": ",,W,", "value": 20.4}, {"date": "2011-12-31T00:00:00", "datatype": "PRCP", "station": "GHCND:USW00003017", "attributes": "T,,X,2400", "value": 0.0}, {"date": "2011-12-31T00:00:00", "datatype": "RHAV", "station": "GHCND:USW00003017", "attributes": ",,W,", "value": 37}, {"date": "2011-12-31T00:00:00", "datatype": "RHMN", "station": "GHCND:USW00003017", "attributes": ",,W,", "value": 16}, {"date": "2011-12-31T00:00:00", "datatype": "RHMX", "station": "GHCND:USW00003017", "attributes": ",,W,", "value": 65}, {"date": "2011-12-31T00:00:00", "datatype": "SNOW", "station": "GHCND:USW00003017", "attributes": "T,,X,", "value": 0.0}, {"date": "2011-12-31T00:00:00", "datatype": "SNWD", "station": "GHCND:USW00003017", "attributes": "T,,X,", "value": 0.0}, {"date": "2011-12-31T00:00:00", "datatype": "TMAX", "station": "GHCND:USW00003017", "attributes": ",,X,2400", "value": 54.0}, {"date": "2011-12-31T00:00:00", "datatype": "TMIN", "station": "GHCND:USW00003017", "attributes": ",,X,2400", "value": 20.0}, {"date": "2011-12-31T00:00:00", "datatype": "WDF2", "station": "GHCND:USW00003017", "attributes": ",,X,", "value": 270}, {"date": "2011-12-31T00:00:00", "datatype": "WDF5", "station": "GHCND:USW00003017", "attributes": ",,X,", "value": 270}, {"date": "2011-12-31T00:00:00", "datatype": "WSF2", "station": "GHCND:USW00003017", "attributes": ",,X,", "value": 45.0}, {"date": "2011-12-31T00:00:00", "datatype": "WSF5", "station": "GHCND:USW00003017", "attributes": ",,X,", "value": 59.1}, {"date": "2011-12-31T00:00:00", "datatype": "WT11", "station": "GHCND:USW00003017", "attributes": ",,X,", "value": 1}, {"date": "2011-12-31T00:00:00", "datatype": "WT18", "station": "GHCND:USW00003017", "attributes": ",,X,", "value": 1}, {"date": "2012-01-01T00:00:00", "datatype": "ADPT", "station": "GHCND:USW00003017", "attributes": ",,W,", "value": -106}, {"date": "2012-01-01T00:00:00", "datatype": "ASLP", "station": "GHCND:USW00003017", "attributes": ",,W,", "value": 10349}, {"date": "2012-01-01T00:00:00", "datatype": "ASTP", "station": "GHCND:USW00003017", "attributes": ",,W,", "value": 8459}, {"date": "2012-01-01T00:00:00", "datatype": "AWBT", "station": "GHCND:USW00003017", "attributes": ",,W,", "value": -61}, {"date": "2012-01-01T00:00:00", "datatype": "AWND", "station": "GHCND:USW00003017", "attributes": ",,W,", "value": 7.8}, {"date": "2012-01-01T00:00:00", "datatype": "PRCP", "station": "GHCND:USW00003017", "attributes": ",,X,2400", "value": 0.0}, {"date": "2012-01-01T00:00:00", "datatype": "RHAV", "station": "GHCND:USW00003017", "attributes": ",,W,", "value": 59}, {"date": "2012-01-01T00:00:00", "datatype": "RHMN", "station": "GHCND:USW00003017", "attributes": ",,W,", "value": 42}, {"date": "2012-01-01T00:00:00", "datatype": "RHMX", "station": "GHCND:USW00003017", "attributes": ",,W,", "value": 74}, {"date": "2012-01-01T00:00:00", "datatype": "SNOW", "station": "GHCND:USW00003017", "attributes": ",,X,", "value": 0.0}, {"date": "2012-01-01T00:00:00", "datatype": "SNWD", "station": "GHCND:USW00003017", "attributes": ",,X,", "value": 0.0}, {"date": "2012-01-01T00:00:00", "datatype": "TMAX", "station": "GHCND:USW00003017", "attributes": ",,X,2400", "value": 36.0}, {"date": "2012-01-01T00:00:00", "datatype": "TMIN", "station": "GHCND:USW00003017", "attributes": ",,X,2400", "value": 18.0}, {"date": "2012-01-01T00:00:00", "datatype": "WDF2", "station": "GHCND:USW00003017", "attributes": ",,X,", "value": 150}, {"date": "2012-01-01T00:00:00", "datatype": "WDF5", "station": "GHCND:USW00003017", "attributes": ",,X,", "value": 150}, {"date": "2012-01-01T00:00:00", "datatype": "WSF2", "station": "GHCND:USW00003017", "attributes": ",,X,", "value": 17.0}, {"date": "2012-01-01T00:00:00", "datatype": "WSF5", "station": "GHCND:USW00003017", "attributes": ",,X,", "value": 23.0}, {"date": "2012-01-02T00:00:00", "datatype": "ADPT", "station": "GHCND:USW00003017", "attributes": ",,W,", "value": -78}, {"date": "2012-01-02T00:00:00", "datatype": "ASLP", "station": "GHCND:USW00003017", "attributes": ",,W,", "value": 10322}, {"date": "2012-01-02T00:00:00", "datatype": "ASTP", "station": "GHCND:USW00003017", "attributes": ",,W,", "value": 8435}, {"date": "2012-01-02T00:00:00", "datatype": "AWBT", "station": "GHCND:USW00003017", "attributes": ",,W,", "value": -17}, {"date": "2012-01-02T00:00:00", "datatype": "AWND", "station": "GHCND:USW00003017", "attributes": ",,W,", "value": 9.8}, {"date": "2012-01-02T00:00:00", "datatype": "PRCP", "station": "GHCND:USW00003017", "attributes": ",,X,2400", "value": 0.0}, {"date": "2012-01-02T00:00:00", "datatype": "RHAV", "station": "GHCND:USW00003017", "attributes": ",,W,", "value": 50}, {"date": "2012-01-02T00:00:00", "datatype": "RHMN", "station": "GHCND:USW00003017", "attributes": ",,W,", "value": 27}, {"date": "2012-01-02T00:00:00", "datatype": "RHMX", "station": "GHCND:USW00003017", "attributes": ",,W,", "value": 74}, {"date": "2012-01-02T00:00:00", "datatype": "SNOW", "station": "GHCND:USW00003017", "attributes": ",,X,", "value": 0.0}, {"date": "2012-01-02T00:00:00", "datatype": "SNWD", "station": "GHCND:USW00003017", "attributes": ",,X,", "value": 0.0}, {"date": "2012-01-02T00:00:00", "datatype": "TMAX", "station": "GHCND:USW00003017", "attributes": ",,X,2400", "value": 52.0}, {"date": "2012-01-02T00:00:00", "datatype": "TMIN", "station": "GHCND:USW00003017", "attributes": ",,X,2400", "value": 20.0}, {"date": "2012-01-02T00:00:00", "datatype": "WDF2", "station": "GHCND:USW00003017", "attributes": ",,X,", "value": 210}, {"date": "2012-01-02T00:00:00", "datatype": "WDF5", "station": "GHCND:USW00003017", "attributes": ",,X,", "value": 210}, {"date": "2012-01-02T00:00:00", "datatype": "WSF2", "station": "GHCND:USW00003017", "attributes": ",,X,", "value": 19.9}, {"date": "2012-01-02T00:00:00", "datatype": "WSF5", "station": "GHCND:USW00003017", "attributes": ",,X,", "value": 21.9}, {"date": "2012-01-03T00:00:00", "datatype": "ADPT", "station": "GHCND:USW00003017", "attributes": ",,W,", "value": -83}, {"date": "2012-01-03T00:00:00", "datatype": "ASLP", "station": "GHCND:USW00003017", "attributes": ",,W,", "value": 10217}, {"date": "2012-01-03T00:00:00", "datatype": "ASTP", "station": "GHCND:USW00003017", "attributes": ",,W,", "value": 8381}, {"date": "2012-01-03T00:00:00", "datatype": "AWBT", "station": "GHCND:USW00003017", "attributes": ",,W,", "value": 6}, {"date": "2012-01-03T00:00:00", "datatype": "AWND", "station": "GHCND:USW00003017", "attributes": ",,W,", "value": 9.2}, {"date": "2012-01-03T00:00:00", "datatype": "PRCP", "station": "GHCND:USW00003017", "attributes": ",,X,2400", "value": 0.0}, {"date": "2012-01-03T00:00:00", "datatype": "RHAV", "station": "GHCND:USW00003017", "attributes": ",,W,", "value": 37}, {"date": "2012-01-03T00:00:00", "datatype": "RHMN", "station": "GHCND:USW00003017", "attributes": ",,W,", "value": 24}, {"date": "2012-01-03T00:00:00", "datatype": "RHMX", "station": "GHCND:USW00003017", "attributes": ",,W,", "value": 69}, {"date": "2012-01-03T00:00:00", "datatype": "SNOW", "station": "GHCND:USW00003017", "attributes": ",,X,", "value": 0.0}, {"date": "2012-01-03T00:00:00", "datatype": "SNWD", "station": "GHCND:USW00003017", "attributes": ",,X,", "value": 0.0}, {"date": "2012-01-03T00:00:00", "datatype": "TMAX", "station": "GHCND:USW00003017", "attributes": ",,X,2400", "value": 56.0}, {"date": "2012-01-03T00:00:00", "datatype": "TMIN", "station": "GHCND:USW00003017", "attributes": ",,X,2400", "value": 27.0}, {"date": "2012-01-03T00:00:00", "datatype": "WDF2", "station": "GHCND:USW00003017", "attributes": ",,X,", "value": 290}, {"date": "2012-01-03T00:00:00", "datatype": "WDF5", "station": "GHCND:USW00003017", "attributes": ",,X,", "value": 290}, {"date": "2012-01-03T00:00:00", "datatype": "WSF2", "station": "GHCND:USW00003017", "attributes": ",,X,", "value": 21.9}, {"date": "2012-01-03T00:00:00", "datatype": "WSF5", "station": "GHCND:USW00003017", "attributes": ",,X,", "value": 28.0}, {"date": "2012-01-04T00:00:00", "datatype": "ADPT", "station": "GHCND:USW00003017", "attributes": ",,W,", "value": -83}, {"date": "2012-01-04T00:00:00", "datatype": "ASLP", "station": "GHCND:USW00003017", "attributes": ",,W,", "value": 10264}, {"date": "2012-01-04T00:00:00", "datatype": "ASTP", "station": "GHCND:USW00003017", "attributes": ",,W,", "value": 8412}, {"date": "2012-01-04T00:00:00", "datatype": "AWBT", "station": "GHCND:USW00003017", "attributes": ",,W,", "value": 0}, {"date": "2012-01-04T00:00:00", "datatype": "AWND", "station": "GHCND:USW00003017", "attributes": ",,W,", "value": 11.2}, {"date": "2012-01-04T00:00:00", "datatype": "PRCP", "station": "GHCND:USW00003017", "attributes": ",,X,2400", "value": 0.0}, {"date": "2012-01-04T00:00:00", "datatype": "RHAV", "station": "GHCND:USW00003017", "attributes": ",,W,", "value": 39}, {"date": "2012-01-04T00:00:00", "datatype": "RHMN", "station": "GHCND:USW00003017", "attributes": ",,W,", "value": 18}, {"date": "2012-01-04T00:00:00", "datatype": "RHMX", "station": "GHCND:USW00003017", "attributes": ",,W,", "value": 75}, {"date": "2012-01-04T00:00:00", "datatype": "SNOW", "station": "GHCND:USW00003017", "attributes": ",,X,", "value": 0.0}, {"date": "2012-01-04T00:00:00", "datatype": "SNWD", "station": "GHCND:USW00003017", "attributes": ",,X,", "value": 0.0}, {"date": "2012-01-04T00:00:00", "datatype": "TMAX", "station": "GHCND:USW00003017", "attributes": ",,X,2400", "value": 60.0}, {"date": "2012-01-04T00:00:00", "datatype": "TMIN", "station": "GHCND:USW00003017", "attributes": ",,X,2400", "value": 23.0}, {"date": "2012-01-04T00:00:00", "datatype": "WDF2", "station": "GHCND:USW00003017", "attributes": ",,X,", "value": 210}, {"date": "2012-01-04T00:00:00", "datatype": "WDF5", "station": "GHCND:USW00003017", "attributes": ",,X,", "value": 210}, {"date": "2012-01-04T00:00:00", "datatype": "WSF2", "station": "GHCND:USW00003017", "attributes": ",,X,", "value": 19.9}, {"date": "2012-01-04T00:00:00", "datatype": "WSF5", "station": "GHCND:USW00003017", "attributes": ",,X,", "value": 25.1}, {"date": "2012-01-05T00:00:00", "datatype": "ADPT", "station": "GHCND:USW00003017", "attributes": ",,W,", "value": -72}, {"date": "2012-01-05T00:00:00", "datatype": "ASLP", "station": "GHCND:USW00003017", "attributes": ",,W,", "value": 10152}, {"date": "2012-01-05T00:00:00", "datatype": "ASTP", "station": "GHCND:USW00003017", "attributes": ",,W,", "value": 8331}, {"date": "2012-01-05T00:00:00", "datatype": "AWBT", "station": "GHCND:USW00003017", "attributes": ",,W,", "value": 28}, {"date": "2012-01-05T00:00:00", "datatype": "AWND", "station": "GHCND:USW00003017", "attributes": ",,W,", "value": 10.1}, {"date": "2012-01-05T00:00:00", "datatype": "PRCP", "station": "GHCND:USW00003017", "attributes": ",,X,2400", "value": 0.0}, {"date": "2012-01-05T00:00:00", "datatype": "RHAV", "station": "GHCND:USW00003017", "attributes": ",,W,", "value": 31}, {"date": "2012-01-05T00:00:00", "datatype": "RHMN", "station": "GHCND:USW00003017", "attributes": ",,W,", "value": 18}, {"date": "2012-01-05T00:00:00", "datatype": "RHMX", "station": "GHCND:USW00003017", "attributes": ",,W,", "value": 47}, {"date": "2012-01-05T00:00:00", "datatype": "SNOW", "station": "GHCND:USW00003017", "attributes": ",,X,", "value": 0.0}, {"date": "2012-01-05T00:00:00", "datatype": "SNWD", "station": "GHCND:USW00003017", "attributes": ",,X,", "value": 0.0}, {"date": "2012-01-05T00:00:00", "datatype": "TMAX", "station": "GHCND:USW00003017", "attributes": ",,X,2400", "value": 65.0}, {"date": "2012-01-05T00:00:00", "datatype": "TMIN", "station": "GHCND:USW00003017", "attributes": ",,X,2400", "value": 40.0}, {"date": "2012-01-05T00:00:00", "datatype": "WDF2", "station": "GHCND:USW00003017", "attributes": ",,X,", "value": 210}, {"date": "2012-01-05T00:00:00", "datatype": "WDF5", "station": "GHCND:USW00003017", "attributes": ",,X,", "value": 210}, {"date": "2012-01-05T00:00:00", "datatype": "WSF2", "station": "GHCND:USW00003017", "attributes": ",,X,", "value": 19.9}, {"date": "2012-01-05T00:00:00", "datatype": "WSF5", "station": "GHCND:USW00003017", "attributes": ",,X,", "value": 23.9}, {"date": "2012-01-06T00:00:00", "datatype": "ADPT", "station": "GHCND:USW00003017", "attributes": ",,W,", "value": -67}, {"date": "2012-01-06T00:00:00", "datatype": "ASLP", "station": "GHCND:USW00003017", "attributes": ",,W,", "value": 10149}, {"date": "2012-01-06T00:00:00", "datatype": "ASTP", "station": "GHCND:USW00003017", "attributes": ",,W,", "value": 8324}, {"date": "2012-01-06T00:00:00", "datatype": "AWBT", "station": "GHCND:USW00003017", "attributes": ",,W,", "value": -11}, {"date": "2012-01-06T00:00:00", "datatype": "AWND", "station": "GHCND:USW00003017", "attributes": ",,W,", "value": 10.1}, {"date": "2012-01-06T00:00:00", "datatype": "PRCP", "station": "GHCND:USW00003017", "attributes": ",,X,2400", "value": 0.0}, {"date": "2012-01-06T00:00:00", "datatype": "RHAV", "station": "GHCND:USW00003017", "attributes": ",,W,", "value": 55}, {"date": "2012-01-06T00:00:00", "datatype": "RHMN", "station": "GHCND:USW00003017", "attributes": ",,W,", "value": 29}, {"date": "2012-01-06T00:00:00", "datatype": "RHMX", "station": "GHCND:USW00003017", "attributes": ",,W,", "value": 78}, {"date": "2012-01-06T00:00:00", "datatype": "SNOW", "station": "GHCND:USW00003017", "attributes": ",,X,", "value": 0.0}, {"date": "2012-01-06T00:00:00", "datatype": "SNWD", "station": "GHCND:USW00003017", "attributes": ",,X,", "value": 0.0}, {"date": "2012-01-06T00:00:00", "datatype": "TMAX", "station": "GHCND:USW00003017", "attributes": ",,X,2400", "value": 48.0}, {"date": "2012-01-06T00:00:00", "datatype": "TMIN", "station": "GHCND:USW00003017", "attributes": ",,X,2400", "value": 24.0}, {"date": "2012-01-06T00:00:00", "datatype": "WDF2", "station": "GHCND:USW00003017", "attributes": ",,X,", "value": 90}, {"date": "2012-01-06T00:00:00", "datatype": "WDF5", "station": "GHCND:USW00003017", "attributes": ",,X,", "value": 70}, {"date": "2012-01-06T00:00:00", "datatype": "WSF2", "station": "GHCND:USW00003017", "attributes": ",,X,", "value": 17.0}, {"date": "2012-01-06T00:00:00", "datatype": "WSF5", "station": "GHCND:USW00003017", "attributes": ",,X,", "value": 19.9}, {"date": "2012-01-07T00:00:00", "datatype": "ADPT", "station": "GHCND:USW00003017", "attributes": ",,W,", "value": -56}, {"date": "2012-01-07T00:00:00", "datatype": "ASLP", "station": "GHCND:USW00003017", "attributes": ",,W,", "value": 10169}, {"date": "2012-01-07T00:00:00", "datatype": "ASTP", "station": "GHCND:USW00003017", "attributes": ",,W,", "value": 8317}, {"date": "2012-01-07T00:00:00", "datatype": "AWBT", "station": "GHCND:USW00003017", "attributes": ",,W,", "value": -33}, {"date": "2012-01-07T00:00:00", "datatype": "AWND", "station": "GHCND:USW00003017", "attributes": ",,W,", "value": 8.3}, {"date": "2012-01-07T00:00:00", "datatype": "PRCP", "station": "GHCND:USW00003017", "attributes": ",,X,2400", "value": 0.08}, {"date": "2012-01-07T00:00:00", "datatype": "RHAV", "station": "GHCND:USW00003017", "attributes": ",,W,", "value": 74}, {"date": "2012-01-07T00:00:00", "datatype": "RHMN", "station": "GHCND:USW00003017", "attributes": ",,W,", "value": 54}, {"date": "2012-01-07T00:00:00", "datatype": "RHMX", "station": "GHCND:USW00003017", "attributes": ",,W,", "value": 92}, {"date": "2012-01-07T00:00:00", "datatype": "SNOW", "station": "GHCND:USW00003017", "attributes": ",,X,", "value": 0.9}, {"date": "2012-01-07T00:00:00", "datatype": "SNWD", "station": "GHCND:USW00003017", "attributes": ",,X,", "value": 0.0}, {"date": "2012-01-07T00:00:00", "datatype": "TMAX", "station": "GHCND:USW00003017", "attributes": ",,X,2400", "value": 38.0}, {"date": "2012-01-07T00:00:00", "datatype": "TMIN", "station": "GHCND:USW00003017", "attributes": ",,X,2400", "value": 23.0}, {"date": "2012-01-07T00:00:00", "datatype": "WDF2", "station": "GHCND:USW00003017", "attributes": ",,X,", "value": 320}, {"date": "2012-01-07T00:00:00", "datatype": "WDF5", "station": "GHCND:USW00003017", "attributes": ",,X,", "value": 290}, {"date": "2012-01-07T00:00:00", "datatype": "WSF2", "station": "GHCND:USW00003017", "attributes": ",,X,", "value": 16.1}, {"date": "2012-01-07T00:00:00", "datatype": "WSF5", "station": "GHCND:USW00003017", "attributes": ",,X,", "value": 17.9}, {"date": "2012-01-07T00:00:00", "datatype": "WT01", "station": "GHCND:USW00003017", "attributes": ",,W,", "value": 1}, {"date": "2012-01-07T00:00:00", "datatype": "WT13", "station": "GHCND:USW00003017", "attributes": ",,X,", "value": 1}, {"date": "2012-01-07T00:00:00", "datatype": "WT18", "station": "GHCND:USW00003017", "attributes": ",,X,", "value": 1}, {"date": "2012-01-08T00:00:00", "datatype": "ADPT", "station": "GHCND:USW00003017", "attributes": ",,W,", "value": -89}, {"date": "2012-01-08T00:00:00", "datatype": "ASLP", "station": "GHCND:USW00003017", "attributes": ",,W,", "value": 10234}, {"date": "2012-01-08T00:00:00", "datatype": "ASTP", "station": "GHCND:USW00003017", "attributes": ",,W,", "value": 8361}, {"date": "2012-01-08T00:00:00", "datatype": "AWBT", "station": "GHCND:USW00003017", "attributes": ",,W,", "value": -56}, {"date": "2012-01-08T00:00:00", "datatype": "AWND", "station": "GHCND:USW00003017", "attributes": ",,W,", "value": 7.6}, {"date": "2012-01-08T00:00:00", "datatype": "PRCP", "station": "GHCND:USW00003017", "attributes": ",,X,2400", "value": 0.0}, {"date": "2012-01-08T00:00:00", "datatype": "RHAV", "station": "GHCND:USW00003017", "attributes": ",,W,", "value": 66}, {"date": "2012-01-08T00:00:00", "datatype": "RHMN", "station": "GHCND:USW00003017", "attributes": ",,W,", "value": 42}, {"date": "2012-01-08T00:00:00", "datatype": "RHMX", "station": "GHCND:USW00003017", "attributes": ",,W,", "value": 85}, {"date": "2012-01-08T00:00:00", "datatype": "SNOW", "station": "GHCND:USW00003017", "attributes": ",,X,", "value": 0.0}, {"date": "2012-01-08T00:00:00", "datatype": "SNWD", "station": "GHCND:USW00003017", "attributes": ",,X,", "value": 1.0}, {"date": "2012-01-08T00:00:00", "datatype": "TMAX", "station": "GHCND:USW00003017", "attributes": ",,X,2400", "value": 37.0}, {"date": "2012-01-08T00:00:00", "datatype": "TMIN", "station": "GHCND:USW00003017", "attributes": ",,X,2400", "value": 17.0}, {"date": "2012-01-08T00:00:00", "datatype": "WDF2", "station": "GHCND:USW00003017", "attributes": ",,X,", "value": 210}, {"date": "2012-01-08T00:00:00", "datatype": "WDF5", "station": "GHCND:USW00003017", "attributes": ",,X,", "value": 210}, {"date": "2012-01-08T00:00:00", "datatype": "WSF2", "station": "GHCND:USW00003017", "attributes": ",,X,", "value": 15.0}, {"date": "2012-01-08T00:00:00", "datatype": "WSF5", "station": "GHCND:USW00003017", "attributes": ",,X,", "value": 17.9}, {"date": "2012-01-09T00:00:00", "datatype": "ADPT", "station": "GHCND:USW00003017", "attributes": ",,W,", "value": -72}, {"date": "2012-01-09T00:00:00", "datatype": "ASLP", "station": "GHCND:USW00003017", "attributes": ",,W,", "value": 10237}, {"date": "2012-01-09T00:00:00", "datatype": "ASTP", "station": "GHCND:USW00003017", "attributes": ",,W,", "value": 8375}, {"date": "2012-01-09T00:00:00", "datatype": "AWBT", "station": "GHCND:USW00003017", "attributes": ",,W,", "value": -17}, {"date": "2012-01-09T00:00:00", "datatype": "AWND", "station": "GHCND:USW00003017", "attributes": ",,W,", "value": 9.6}, {"date": "2012-01-09T00:00:00", "datatype": "PRCP", "station": "GHCND:USW00003017", "attributes": ",,X,2400", "value": 0.0}, {"date": "2012-01-09T00:00:00", "datatype": "RHAV", "station": "GHCND:USW00003017", "attributes": ",,W,", "value": 52}, {"date": "2012-01-09T00:00:00", "datatype": "RHMN", "station": "GHCND:USW00003017", "attributes": ",,W,", "value": 34}, {"date": "2012-01-09T00:00:00", "datatype": "RHMX", "station": "GHCND:USW00003017", "attributes": ",,W,", "value": 63}, {"date": "2012-01-09T00:00:00", "datatype": "SNOW", "station": "GHCND:USW00003017", "attributes": ",,X,", "value": 0.0}, {"date": "2012-01-09T00:00:00", "datatype": "SNWD", "station": "GHCND:USW00003017", "attributes": "T,,X,", "value": 0.0}, {"date": "2012-01-09T00:00:00", "datatype": "TMAX", "station": "GHCND:USW00003017", "attributes": ",,X,2400", "value": 50.0}, {"date": "2012-01-09T00:00:00", "datatype": "TMIN", "station": "GHCND:USW00003017", "attributes": ",,X,2400", "value": 24.0}, {"date": "2012-01-09T00:00:00", "datatype": "WDF2", "station": "GHCND:USW00003017", "attributes": ",,X,", "value": 210}, {"date": "2012-01-09T00:00:00", "datatype": "WDF5", "station": "GHCND:USW00003017", "attributes": ",,X,", "value": 200}, {"date": "2012-01-09T00:00:00", "datatype": "WSF2", "station": "GHCND:USW00003017", "attributes": ",,X,", "value": 15.0}, {"date": "2012-01-09T00:00:00", "datatype": "WSF5", "station": "GHCND:USW00003017", "attributes": ",,X,", "value": 17.0}, {"date": "2012-01-10T00:00:00", "datatype": "ADPT", "station": "GHCND:USW00003017", "attributes": ",,W,", "value": -61}, {"date": "2012-01-10T00:00:00", "datatype": "ASLP", "station": "GHCND:USW00003017", "attributes": ",,W,", "value": 10115}, {"date": "2012-01-10T00:00:00", "datatype": "ASTP", "station": "GHCND:USW00003017", "attributes": ",,W,", "value": 8290}, {"date": "2012-01-10T00:00:00", "datatype": "AWBT", "station": "GHCND:USW00003017", "attributes": ",,W,", "value": 17}, {"date": "2012-01-10T00:00:00", "datatype": "AWND", "station": "GHCND:USW00003017", "attributes": ",,W,", "value": 10.5}, {"date": "2012-01-10T00:00:00", "datatype": "PRCP", "station": "GHCND:USW00003017", "attributes": ",,X,2400", "value": 0.0}, {"date": "2012-01-10T00:00:00", "datatype": "RHAV", "station": "GHCND:USW00003017", "attributes": ",,W,", "value": 41}, {"date": "2012-01-10T00:00:00", "datatype": "RHMN", "station": "GHCND:USW00003017", "attributes": ",,W,", "value": 18}, {"date": "2012-01-10T00:00:00", "datatype": "RHMX", "station": "GHCND:USW00003017", "attributes": ",,W,", "value": 66}, {"date": "2012-01-10T00:00:00", "datatype": "SNOW", "station": "GHCND:USW00003017", "attributes": ",,X,", "value": 0.0}, {"date": "2012-01-10T00:00:00", "datatype": "SNWD", "station": "GHCND:USW00003017", "attributes": "T,,X,", "value": 0.0}, {"date": "2012-01-10T00:00:00", "datatype": "TMAX", "station": "GHCND:USW00003017", "attributes": ",,X,2400", "value": 59.0}, {"date": "2012-01-10T00:00:00", "datatype": "TMIN", "station": "GHCND:USW00003017", "attributes": ",,X,2400", "value": 32.0}, {"date": "2012-01-10T00:00:00", "datatype": "WDF2", "station": "GHCND:USW00003017", "attributes": ",,X,", "value": 300}, {"date": "2012-01-10T00:00:00", "datatype": "WDF5", "station": "GHCND:USW00003017", "attributes": ",,X,", "value": 290}, {"date": "2012-01-10T00:00:00", "datatype": "WSF2", "station": "GHCND:USW00003017", "attributes": ",,X,", "value": 25.9}, {"date": "2012-01-10T00:00:00", "datatype": "WSF5", "station": "GHCND:USW00003017", "attributes": ",,X,", "value": 32.0}, {"date": "2012-01-11T00:00:00", "datatype": "ADPT", "station": "GHCND:USW00003017", "attributes": ",,W,", "value": -111}, {"date": "2012-01-11T00:00:00", "datatype": "ASLP", "station": "GHCND:USW00003017", "attributes": ",,W,", "value": 10193}, {"date": "2012-01-11T00:00:00", "datatype": "ASTP", "station": "GHCND:USW00003017", "attributes": ",,W,", "value": 8337}, {"date": "2012-01-11T00:00:00", "datatype": "AWBT", "station": "GHCND:USW00003017", "attributes": ",,W,", "value": -83}, {"date": "2012-01-11T00:00:00", "datatype": "AWND", "station": "GHCND:USW00003017", "attributes": ",,W,", "value": 12.1}, {"date": "2012-01-11T00:00:00", "datatype": "PRCP", "station": "GHCND:USW00003017", "attributes": ",,X,2400", "value": 0.1}, {"date": "2012-01-11T00:00:00", "datatype": "RHAV", "station": "GHCND:USW00003017", "attributes": ",,W,", "value": 76}, {"date": "2012-01-11T00:00:00", "datatype": "RHMN", "station": "GHCND:USW00003017", "attributes": ",,W,", "value": 42}, {"date": "2012-01-11T00:00:00", "datatype": "RHMX", "station": "GHCND:USW00003017", "attributes": ",,W,", "value": 89}, {"date": "2012-01-11T00:00:00", "datatype": "SNOW", "station": "GHCND:USW00003017", "attributes": ",,X,", "value": 3.2}, {"date": "2012-01-11T00:00:00", "datatype": "SNWD", "station": "GHCND:USW00003017", "attributes": "T,,X,", "value": 0.0}, {"date": "2012-01-11T00:00:00", "datatype": "TMAX", "station": "GHCND:USW00003017", "attributes": ",,X,2400", "value": 45.0}, {"date": "2012-01-11T00:00:00", "datatype": "TMIN", "station": "GHCND:USW00003017", "attributes": ",,X,2400", "value": -6.0}, {"date": "2012-01-11T00:00:00", "datatype": "WDF2", "station": "GHCND:USW00003017", "attributes": ",,X,", "value": 10}, {"date": "2012-01-11T00:00:00", "datatype": "WDF5", "station": "GHCND:USW00003017", "attributes": ",,X,", "value": 10}, {"date": "2012-01-11T00:00:00", "datatype": "WSF2", "station": "GHCND:USW00003017", "attributes": ",,X,", "value": 25.1}, {"date": "2012-01-11T00:00:00", "datatype": "WSF5", "station": "GHCND:USW00003017", "attributes": ",,X,", "value": 31.1}, {"date": "2012-01-11T00:00:00", "datatype": "WT02", "station": "GHCND:USW00003017", "attributes": ",,X,", "value": 1}, {"date": "2012-01-11T00:00:00", "datatype": "WT13", "station": "GHCND:USW00003017", "attributes": ",,X,", "value": 1}, {"date": "2012-01-11T00:00:00", "datatype": "WT18", "station": "GHCND:USW00003017", "attributes": ",,X,", "value": 1}, {"date": "2012-01-11T00:00:00", "datatype": "WT22", "station": "GHCND:USW00003017", "attributes": ",,X,", "value": 1}, {"date": "2012-01-12T00:00:00", "datatype": "ADPT", "station": "GHCND:USW00003017", "attributes": ",,W,", "value": -150}, {"date": "2012-01-12T00:00:00", "datatype": "ASLP", "station": "GHCND:USW00003017", "attributes": ",,W,", "value": 10220}, {"date": "2012-01-12T00:00:00", "datatype": "ASTP", "station": "GHCND:USW00003017", "attributes": ",,W,", "value": 8331}, {"date": "2012-01-12T00:00:00", "datatype": "AWBT", "station": "GHCND:USW00003017", "attributes": ",,W,", "value": -83}, {"date": "2012-01-12T00:00:00", "datatype": "AWND", "station": "GHCND:USW00003017", "attributes": ",,W,", "value": 8.9}, {"date": "2012-01-12T00:00:00", "datatype": "PRCP", "station": "GHCND:USW00003017", "attributes": ",,X,2400", "value": 0.0}, {"date": "2012-01-12T00:00:00", "datatype": "RHAV", "station": "GHCND:USW00003017", "attributes": ",,W,", "value": 48}, {"date": "2012-01-12T00:00:00", "datatype": "RHMN", "station": "GHCND:USW00003017", "attributes": ",,W,", "value": 22}, {"date": "2012-01-12T00:00:00", "datatype": "RHMX", "station": "GHCND:USW00003017", "attributes": ",,W,", "value": 76}, {"date": "2012-01-12T00:00:00", "datatype": "SNOW", "station": "GHCND:USW00003017", "attributes": ",,X,", "value": 0.0}, {"date": "2012-01-12T00:00:00", "datatype": "SNWD", "station": "GHCND:USW00003017", "attributes": ",,X,", "value": 3.0}, {"date": "2012-01-12T00:00:00", "datatype": "TMAX", "station": "GHCND:USW00003017", "attributes": ",,X,2400", "value": 40.0}, {"date": "2012-01-12T00:00:00", "datatype": "TMIN", "station": "GHCND:USW00003017", "attributes": ",,X,2400", "value": -5.0}, {"date": "2012-01-12T00:00:00", "datatype": "WDF2", "station": "GHCND:USW00003017", "attributes": ",,X,", "value": 180}, {"date": "2012-01-12T00:00:00", "datatype": "WDF5", "station": "GHCND:USW00003017", "attributes": ",,X,", "value": 180}, {"date": "2012-01-12T00:00:00", "datatype": "WSF2", "station": "GHCND:USW00003017", "attributes": ",,X,", "value": 16.1}, {"date": "2012-01-12T00:00:00", "datatype": "WSF5", "station": "GHCND:USW00003017", "attributes": ",,X,", "value": 17.0}, {"date": "2012-01-13T00:00:00", "datatype": "ADPT", "station": "GHCND:USW00003017", "attributes": ",,W,", "value": -128}, {"date": "2012-01-13T00:00:00", "datatype": "ASLP", "station": "GHCND:USW00003017", "attributes": ",,W,", "value": 10173}, {"date": "2012-01-13T00:00:00", "datatype": "ASTP", "station": "GHCND:USW00003017", "attributes": ",,W,", "value": 8324}, {"date": "2012-01-13T00:00:00", "datatype": "AWBT", "station": "GHCND:USW00003017", "attributes": ",,W,", "value": -33}, {"date": "2012-01-13T00:00:00", "datatype": "AWND", "station": "GHCND:USW00003017", "attributes": ",,W,", "value": 14.3}, {"date": "2012-01-13T00:00:00", "datatype": "PRCP", "station": "GHCND:USW00003017", "attributes": ",,X,2400", "value": 0.0}, {"date": "2012-01-13T00:00:00", "datatype": "RHAV", "station": "GHCND:USW00003017", "attributes": ",,W,", "value": 34}, {"date": "2012-01-13T00:00:00", "datatype": "RHMN", "station": "GHCND:USW00003017", "attributes": ",,W,", "value": 25}, {"date": "2012-01-13T00:00:00", "datatype": "RHMX", "station": "GHCND:USW00003017", "attributes": ",,W,", "value": 48}, {"date": "2012-01-13T00:00:00", "datatype": "SNOW", "station": "GHCND:USW00003017", "attributes": ",,X,", "value": 0.0}, {"date": "2012-01-13T00:00:00", "datatype": "SNWD", "station": "GHCND:USW00003017", "attributes": ",,X,", "value": 2.0}, {"date": "2012-01-13T00:00:00", "datatype": "TMAX", "station": "GHCND:USW00003017", "attributes": ",,X,2400", "value": 44.0}, {"date": "2012-01-13T00:00:00", "datatype": "TMIN", "station": "GHCND:USW00003017", "attributes": ",,X,2400", "value": 22.0}, {"date": "2012-01-13T00:00:00", "datatype": "WDF2", "station": "GHCND:USW00003017", "attributes": ",,X,", "value": 280}, {"date": "2012-01-13T00:00:00", "datatype": "WDF5", "station": "GHCND:USW00003017", "attributes": ",,X,", "value": 270}, {"date": "2012-01-13T00:00:00", "datatype": "WSF2", "station": "GHCND:USW00003017", "attributes": ",,X,", "value": 25.9}, {"date": "2012-01-13T00:00:00", "datatype": "WSF5", "station": "GHCND:USW00003017", "attributes": ",,X,", "value": 33.1}, {"date": "2012-01-14T00:00:00", "datatype": "ADPT", "station": "GHCND:USW00003017", "attributes": ",,W,", "value": -100}, {"date": "2012-01-14T00:00:00", "datatype": "ASLP", "station": "GHCND:USW00003017", "attributes": ",,W,", "value": 10163}, {"date": "2012-01-14T00:00:00", "datatype": "ASTP", "station": "GHCND:USW00003017", "attributes": ",,W,", "value": 8324}, {"date": "2012-01-14T00:00:00", "datatype": "AWBT", "station": "GHCND:USW00003017", "attributes": ",,W,", "value": -6}, {"date": "2012-01-14T00:00:00", "datatype": "AWND", "station": "GHCND:USW00003017", "attributes": ",,W,", "value": 12.1}, {"date": "2012-01-14T00:00:00", "datatype": "PRCP", "station": "GHCND:USW00003017", "attributes": ",,X,2400", "value": 0.0}, {"date": "2012-01-14T00:00:00", "datatype": "RHAV", "station": "GHCND:USW00003017", "attributes": ",,W,", "value": 36}, {"date": "2012-01-14T00:00:00", "datatype": "RHMN", "station": "GHCND:USW00003017", "attributes": ",,W,", "value": 19}, {"date": "2012-01-14T00:00:00", "datatype": "RHMX", "station": "GHCND:USW00003017", "attributes": ",,W,", "value": 62}, {"date": "2012-01-14T00:00:00", "datatype": "SNOW", "station": "GHCND:USW00003017", "attributes": ",,X,", "value": 0.0}, {"date": "2012-01-14T00:00:00", "datatype": "SNWD", "station": "GHCND:USW00003017", "attributes": ",,X,", "value": 1.0}, {"date": "2012-01-14T00:00:00", "datatype": "TMAX", "station": "GHCND:USW00003017", "attributes": ",,X,2400", "value": 59.0}, {"date": "2012-01-14T00:00:00", "datatype": "TMIN", "station": "GHCND:USW00003017", "attributes": ",,X,2400", "value": 19.0}, {"date": "2012-01-14T00:00:00", "datatype": "WDF2", "station": "GHCND:USW00003017", "attributes": ",,X,", "value": 290}, {"date": "2012-01-14T00:00:00", "datatype": "WDF5", "station": "GHCND:USW00003017", "attributes": ",,X,", "value": 290}, {"date": "2012-01-14T00:00:00", "datatype": "WSF2", "station": "GHCND:USW00003017", "attributes": ",,X,", "value": 29.1}, {"date": "2012-01-14T00:00:00", "datatype": "WSF5", "station": "GHCND:USW00003017", "attributes": ",,X,", "value": 32.0}, {"date": "2012-01-15T00:00:00", "datatype": "ADPT", "station": "GHCND:USW00003017", "attributes": ",,W,", "value": -100}, {"date": "2012-01-15T00:00:00", "datatype": "ASLP", "station": "GHCND:USW00003017", "attributes": ",,W,", "value": 10058}, {"date": "2012-01-15T00:00:00", "datatype": "ASTP", "station": "GHCND:USW00003017", "attributes": ",,W,", "value": 8249}, {"date": "2012-01-15T00:00:00", "datatype": "AWBT", "station": "GHCND:USW00003017", "attributes": ",,W,", "value": 6}, {"date": "2012-01-15T00:00:00", "datatype": "AWND", "station": "GHCND:USW00003017", "attributes": ",,W,", "value": 13.4}, {"date": "2012-01-15T00:00:00", "datatype": "PRCP", "station": "GHCND:USW00003017", "attributes": ",,X,2400", "value": 0.0}, {"date": "2012-01-15T00:00:00", "datatype": "RHAV", "station": "GHCND:USW00003017", "attributes": ",,W,", "value": 28}, {"date": "2012-01-15T00:00:00", "datatype": "RHMN", "station": "GHCND:USW00003017", "attributes": ",,W,", "value": 17}, {"date": "2012-01-15T00:00:00", "datatype": "RHMX", "station": "GHCND:USW00003017", "attributes": ",,W,", "value": 38}, {"date": "2012-01-15T00:00:00", "datatype": "SNOW", "station": "GHCND:USW00003017", "attributes": ",,X,", "value": 0.0}, {"date": "2012-01-15T00:00:00", "datatype": "SNWD", "station": "GHCND:USW00003017", "attributes": "T,,X,", "value": 0.0}, {"date": "2012-01-15T00:00:00", "datatype": "TMAX", "station": "GHCND:USW00003017", "attributes": ",,X,2400", "value": 56.0}, {"date": "2012-01-15T00:00:00", "datatype": "TMIN", "station": "GHCND:USW00003017", "attributes": ",,X,2400", "value": 35.0}, {"date": "2012-01-15T00:00:00", "datatype": "WDF2", "station": "GHCND:USW00003017", "attributes": ",,X,", "value": 210}, {"date": "2012-01-15T00:00:00", "datatype": "WDF5", "station": "GHCND:USW00003017", "attributes": ",,X,", "value": 220}, {"date": "2012-01-15T00:00:00", "datatype": "WSF2", "station": "GHCND:USW00003017", "attributes": ",,X,", "value": 23.0}, {"date": "2012-01-15T00:00:00", "datatype": "WSF5", "station": "GHCND:USW00003017", "attributes": ",,X,", "value": 28.0}, {"date": "2012-01-16T00:00:00", "datatype": "ADPT", "station": "GHCND:USW00003017", "attributes": ",,W,", "value": -89}, {"date": "2012-01-16T00:00:00", "datatype": "ASLP", "station": "GHCND:USW00003017", "attributes": ",,W,", "value": 10075}, {"date": "2012-01-16T00:00:00", "datatype": "ASTP", "station": "GHCND:USW00003017", "attributes": ",,W,", "value": 8249}, {"date": "2012-01-16T00:00:00", "datatype": "AWBT", "station": "GHCND:USW00003017", "attributes": ",,W,", "value": -56}, {"date": "2012-01-16T00:00:00", "datatype": "AWND", "station": "GHCND:USW00003017", "attributes": ",,W,", "value": 7.2}, {"date": "2012-01-16T00:00:00", "datatype": "PRCP", "station": "GHCND:USW00003017", "attributes": ",,X,2400", "value": 0.03}, {"date": "2012-01-16T00:00:00", "datatype": "RHAV", "station": "GHCND:USW00003017", "attributes": ",,W,", "value": 73}, {"date": "2012-01-16T00:00:00", "datatype": "RHMN", "station": "GHCND:USW00003017", "attributes": ",,W,", "value": 28}, {"date": "2012-01-16T00:00:00", "datatype": "RHMX", "station": "GHCND:USW00003017", "attributes": ",,W,", "value": 85}, {"date": "2012-01-16T00:00:00", "datatype": "SNOW", "station": "GHCND:USW00003017", "attributes": ",,X,", "value": 0.5}, {"date": "2012-01-16T00:00:00", "datatype": "SNWD", "station": "GHCND:USW00003017", "attributes": ",,X,", "value": 0.0}, {"date": "2012-01-16T00:00:00", "datatype": "TMAX", "station": "GHCND:USW00003017", "attributes": ",,X,2400", "value": 42.0}, {"date": "2012-01-16T00:00:00", "datatype": "TMIN", "station": "GHCND:USW00003017", "attributes": ",,X,2400", "value": 14.0}, {"date": "2012-01-16T00:00:00", "datatype": "WDF2", "station": "GHCND:USW00003017", "attributes": ",,X,", "value": 20}, {"date": "2012-01-16T00:00:00", "datatype": "WDF5", "station": "GHCND:USW00003017", "attributes": ",,X,", "value": 10}, {"date": "2012-01-16T00:00:00", "datatype": "WSF2", "station": "GHCND:USW00003017", "attributes": ",,X,", "value": 25.1}, {"date": "2012-01-16T00:00:00", "datatype": "WSF5", "station": "GHCND:USW00003017", "attributes": ",,X,", "value": 28.0}, {"date": "2012-01-16T00:00:00", "datatype": "WT01", "station": "GHCND:USW00003017", "attributes": ",,W,", "value": 1}, {"date": "2012-01-16T00:00:00", "datatype": "WT13", "station": "GHCND:USW00003017", "attributes": ",,X,", "value": 1}, {"date": "2012-01-16T00:00:00", "datatype": "WT18", "station": "GHCND:USW00003017", "attributes": ",,X,", "value": 1}, {"date": "2012-01-17T00:00:00", "datatype": "ADPT", "station": "GHCND:USW00003017", "attributes": ",,W,", "value": -156}, {"date": "2012-01-17T00:00:00", "datatype": "ASLP", "station": "GHCND:USW00003017", "attributes": ",,W,", "value": 10227}, {"date": "2012-01-17T00:00:00", "datatype": "ASTP", "station": "GHCND:USW00003017", "attributes": ",,W,", "value": 8331}, {"date": "2012-01-17T00:00:00", "datatype": "AWBT", "station": "GHCND:USW00003017", "attributes": ",,W,", "value": -111}, {"date": "2012-01-17T00:00:00", "datatype": "AWND", "station": "GHCND:USW00003017", "attributes": ",,W,", "value": 8.7}, {"date": "2012-01-17T00:00:00", "datatype": "PRCP", "station": "GHCND:USW00003017", "attributes": "T,,X,2400", "value": 0.0}, {"date": "2012-01-17T00:00:00", "datatype": "RHAV", "station": "GHCND:USW00003017", "attributes": ",,W,", "value": 64}, {"date": "2012-01-17T00:00:00", "datatype": "RHMN", "station": "GHCND:USW00003017", "attributes": ",,W,", "value": 37}, {"date": "2012-01-17T00:00:00", "datatype": "RHMX", "station": "GHCND:USW00003017", "attributes": ",,W,", "value": 84}, {"date": "2012-01-17T00:00:00", "datatype": "SNOW", "station": "GHCND:USW00003017", "attributes": "T,,X,", "value": 0.0}, {"date": "2012-01-17T00:00:00", "datatype": "SNWD", "station": "GHCND:USW00003017", "attributes": "T,,X,", "value": 0.0}, {"date": "2012-01-17T00:00:00", "datatype": "TMAX", "station": "GHCND:USW00003017", "attributes": ",,X,2400", "value": 29.0}, {"date": "2012-01-17T00:00:00", "datatype": "TMIN", "station": "GHCND:USW00003017", "attributes": ",,X,2400", "value": 2.0}, {"date": "2012-01-17T00:00:00", "datatype": "WDF2", "station": "GHCND:USW00003017", "attributes": ",,X,", "value": 160}, {"date": "2012-01-17T00:00:00", "datatype": "WDF5", "station": "GHCND:USW00003017", "attributes": ",,X,", "value": 160}, {"date": "2012-01-17T00:00:00", "datatype": "WSF2", "station": "GHCND:USW00003017", "attributes": ",,X,", "value": 14.1}, {"date": "2012-01-17T00:00:00", "datatype": "WSF5", "station": "GHCND:USW00003017", "attributes": ",,X,", "value": 16.1}, {"date": "2012-01-17T00:00:00", "datatype": "WT18", "station": "GHCND:USW00003017", "attributes": ",,X,", "value": 1}, {"date": "2012-01-18T00:00:00", "datatype": "ADPT", "station": "GHCND:USW00003017", "attributes": ",,W,", "value": -100}, {"date": "2012-01-18T00:00:00", "datatype": "ASLP", "station": "GHCND:USW00003017", "attributes": ",,W,", "value": 10112}, {"date": "2012-01-18T00:00:00", "datatype": "ASTP", "station": "GHCND:USW00003017", "attributes": ",,W,", "value": 8263}, {"date": "2012-01-18T00:00:00", "datatype": "AWBT", "station": "GHCND:USW00003017", "attributes": ",,W,", "value": -28}, {"date": "2012-01-18T00:00:00", "datatype": "AWND", "station": "GHCND:USW00003017", "attributes": ",,W,", "value": 9.2}, {"date": "2012-01-18T00:00:00", "datatype": "PRCP", "station": "GHCND:USW00003017", "attributes": ",,X,2400", "value": 0.0}, {"date": "2012-01-18T00:00:00", "datatype": "RHAV", "station": "GHCND:USW00003017", "attributes": ",,W,", "value": 43}, {"date": "2012-01-18T00:00:00", "datatype": "RHMN", "station": "GHCND:USW00003017", "attributes": ",,W,", "value": 24}, {"date": "2012-01-18T00:00:00", "datatype": "RHMX", "station": "GHCND:USW00003017", "attributes": ",,W,", "value": 72}, {"date": "2012-01-18T00:00:00", "datatype": "SNOW", "station": "GHCND:USW00003017", "attributes": ",,X,", "value": 0.0}, {"date": "2012-01-18T00:00:00", "datatype": "SNWD", "station": "GHCND:USW00003017", "attributes": "T,,X,", "value": 0.0}, {"date": "2012-01-18T00:00:00", "datatype": "TMAX", "station": "GHCND:USW00003017", "attributes": ",,X,2400", "value": 48.0}, {"date": "2012-01-18T00:00:00", "datatype": "TMIN", "station": "GHCND:USW00003017", "attributes": ",,X,2400", "value": 12.0}, {"date": "2012-01-18T00:00:00", "datatype": "WDF2", "station": "GHCND:USW00003017", "attributes": ",,X,", "value": 320}, {"date": "2012-01-18T00:00:00", "datatype": "WDF5", "station": "GHCND:USW00003017", "attributes": ",,X,", "value": 310}, {"date": "2012-01-18T00:00:00", "datatype": "WSF2", "station": "GHCND:USW00003017", "attributes": ",,X,", "value": 30.0}, {"date": "2012-01-18T00:00:00", "datatype": "WSF5", "station": "GHCND:USW00003017", "attributes": ",,X,", "value": 38.0}, {"date": "2012-01-19T00:00:00", "datatype": "ADPT", "station": "GHCND:USW00003017", "attributes": ",,W,", "value": -44}, {"date": "2012-01-19T00:00:00", "datatype": "ASLP", "station": "GHCND:USW00003017", "attributes": ",,W,", "value": 10027}, {"date": "2012-01-19T00:00:00", "datatype": "ASTP", "station": "GHCND:USW00003017", "attributes": ",,W,", "value": 8226}, {"date": "2012-01-19T00:00:00", "datatype": "AWBT", "station": "GHCND:USW00003017", "attributes": ",,W,", "value": 33}, {"date": "2012-01-19T00:00:00", "datatype": "AWND", "station": "GHCND:USW00003017", "attributes": ",,W,", "value": 11.0}, {"date": "2012-01-19T00:00:00", "datatype": "PRCP", "station": "GHCND:USW00003017", "attributes": ",,X,2400", "value": 0.0}, {"date": "2012-01-19T00:00:00", "datatype": "RHAV", "station": "GHCND:USW00003017", "attributes": ",,W,", "value": 40}, {"date": "2012-01-19T00:00:00", "datatype": "RHMN", "station": "GHCND:USW00003017", "attributes": ",,W,", "value": 30}, {"date": "2012-01-19T00:00:00", "datatype": "RHMX", "station": "GHCND:USW00003017", "attributes": ",,W,", "value": 64}, {"date": "2012-01-19T00:00:00", "datatype": "SNOW", "station": "GHCND:USW00003017", "attributes": ",,X,", "value": 0.0}, {"date": "2012-01-19T00:00:00", "datatype": "SNWD", "station": "GHCND:USW00003017", "attributes": "T,,X,", "value": 0.0}, {"date": "2012-01-19T00:00:00", "datatype": "TMAX", "station": "GHCND:USW00003017", "attributes": ",,X,2400", "value": 61.0}, {"date": "2012-01-19T00:00:00", "datatype": "TMIN", "station": "GHCND:USW00003017", "attributes": ",,X,2400", "value": 32.0}, {"date": "2012-01-19T00:00:00", "datatype": "WDF2", "station": "GHCND:USW00003017", "attributes": ",,X,", "value": 260}, {"date": "2012-01-19T00:00:00", "datatype": "WDF5", "station": "GHCND:USW00003017", "attributes": ",,X,", "value": 260}, {"date": "2012-01-19T00:00:00", "datatype": "WSF2", "station": "GHCND:USW00003017", "attributes": ",,X,", "value": 34.9}, {"date": "2012-01-19T00:00:00", "datatype": "WSF5", "station": "GHCND:USW00003017", "attributes": ",,X,", "value": 40.0}, {"date": "2012-01-19T00:00:00", "datatype": "WT08", "station": "GHCND:USW00003017", "attributes": ",,W,", "value": 1}, {"date": "2012-01-20T00:00:00", "datatype": "ADPT", "station": "GHCND:USW00003017", "attributes": ",,W,", "value": -56}, {"date": "2012-01-20T00:00:00", "datatype": "ASLP", "station": "GHCND:USW00003017", "attributes": ",,W,", "value": 10054}, {"date": "2012-01-20T00:00:00", "datatype": "ASTP", "station": "GHCND:USW00003017", "attributes": ",,W,", "value": 8266}, {"date": "2012-01-20T00:00:00", "datatype": "AWBT", "station": "GHCND:USW00003017", "attributes": ",,W,", "value": 22}, {"date": "2012-01-20T00:00:00", "datatype": "AWND", "station": "GHCND:USW00003017", "attributes": ",,W,", "value": 14.5}, {"date": "2012-01-20T00:00:00", "datatype": "PRCP", "station": "GHCND:USW00003017", "attributes": ",,X,2400", "value": 0.0}, {"date": "2012-01-20T00:00:00", "datatype": "RHAV", "station": "GHCND:USW00003017", "attributes": ",,W,", "value": 40}, {"date": "2012-01-20T00:00:00", "datatype": "RHMN", "station": "GHCND:USW00003017", "attributes": ",,W,", "value": 24}, {"date": "2012-01-20T00:00:00", "datatype": "RHMX", "station": "GHCND:USW00003017", "attributes": ",,W,", "value": 70}, {"date": "2012-01-20T00:00:00", "datatype": "SNOW", "station": "GHCND:USW00003017", "attributes": ",,X,", "value": 0.0}, {"date": "2012-01-20T00:00:00", "datatype": "SNWD", "station": "GHCND:USW00003017", "attributes": "T,,X,", "value": 0.0}, {"date": "2012-01-20T00:00:00", "datatype": "TMAX", "station": "GHCND:USW00003017", "attributes": ",,X,2400", "value": 56.0}, {"date": "2012-01-20T00:00:00", "datatype": "TMIN", "station": "GHCND:USW00003017", "attributes": ",,X,2400", "value": 30.0}, {"date": "2012-01-20T00:00:00", "datatype": "WDF2", "station": "GHCND:USW00003017", "attributes": ",,X,", "value": 280}, {"date": "2012-01-20T00:00:00", "datatype": "WDF5", "station": "GHCND:USW00003017", "attributes": ",,X,", "value": 280}, {"date": "2012-01-20T00:00:00", "datatype": "WSF2", "station": "GHCND:USW00003017", "attributes": ",,X,", "value": 36.0}, {"date": "2012-01-20T00:00:00", "datatype": "WSF5", "station": "GHCND:USW00003017", "attributes": ",,X,", "value": 42.9}, {"date": "2012-01-21T00:00:00", "datatype": "ADPT", "station": "GHCND:USW00003017", "attributes": ",,W,", "value": -44}, {"date": "2012-01-21T00:00:00", "datatype": "ASLP", "station": "GHCND:USW00003017", "attributes": ",,W,", "value": 9956}, {"date": "2012-01-21T00:00:00", "datatype": "ASTP", "station": "GHCND:USW00003017", "attributes": ",,W,", "value": 8154}, {"date": "2012-01-21T00:00:00", "datatype": "AWBT", "station": "GHCND:USW00003017", "attributes": ",,W,", "value": 28}, {"date": "2012-01-21T00:00:00", "datatype": "AWND", "station": "GHCND:USW00003017", "attributes": ",,W,", "value": 12.1}, {"date": "2012-01-21T00:00:00", "datatype": "PRCP", "station": "GHCND:USW00003017", "attributes": "T,,X,2400", "value": 0.0}, {"date": "2012-01-21T00:00:00", "datatype": "RHAV", "station": "GHCND:USW00003017", "attributes": ",,W,", "value": 42}, {"date": "2012-01-21T00:00:00", "datatype": "RHMN", "station": "GHCND:USW00003017", "attributes": ",,W,", "value": 19}, {"date": "2012-01-21T00:00:00", "datatype": "RHMX", "station": "GHCND:USW00003017", "attributes": ",,W,", "value": 70}, {"date": "2012-01-21T00:00:00", "datatype": "SNOW", "station": "GHCND:USW00003017", "attributes": ",,X,", "value": 0.0}, {"date": "2012-01-21T00:00:00", "datatype": "SNWD", "station": "GHCND:USW00003017", "attributes": ",,X,", "value": 0.0}, {"date": "2012-01-21T00:00:00", "datatype": "TMAX", "station": "GHCND:USW00003017", "attributes": ",,X,2400", "value": 66.0}, {"date": "2012-01-21T00:00:00", "datatype": "TMIN", "station": "GHCND:USW00003017", "attributes": ",,X,2400", "value": 30.0}, {"date": "2012-01-21T00:00:00", "datatype": "WDF2", "station": "GHCND:USW00003017", "attributes": ",,X,", "value": 280}, {"date": "2012-01-21T00:00:00", "datatype": "WDF5", "station": "GHCND:USW00003017", "attributes": ",,X,", "value": 270}, {"date": "2012-01-21T00:00:00", "datatype": "WSF2", "station": "GHCND:USW00003017", "attributes": ",,X,", "value": 25.1}, {"date": "2012-01-21T00:00:00", "datatype": "WSF5", "station": "GHCND:USW00003017", "attributes": ",,X,", "value": 31.1}, {"date": "2012-01-21T00:00:00", "datatype": "WT16", "station": "GHCND:USW00003017", "attributes": ",,X,", "value": 1}]}