{"metadata": {"resultset": {"offset": 1, "count": 765, "limit": 1000}}, "results": [{"date": "2009-12-15T00:00:00", "datatype": "ADPT", "station": "GHCND:USW00003017", "attributes": ",,W,", "value": -122}, {"date": "2009-12-15T00:00:00", "datatype": "ASLP", "station": "GHCND:USW00003017", "attributes": ",,W,", "value": 10217}, {"date": "2009-12-15T00:00:00", "datatype": "ASTP", "station": "GHCND:USW00003017", "attributes": ",,W,", "value": 8364}, {"date": "2009-12-15T00:00:00", "datatype": "AWBT", "station": "GHCND:USW00003017", "attributes": ",,W,", "value": -22}, {"date": "2009-12-15T00:00:00", "datatype": "AWND", "station": "GHCND:USW00003017", "attributes": ",,W,", "value": 8.7}, {"date": "2009-12-15T00:00:00", "datatype": "FMTM", "station": "GHCND:USW00003017", "attributes": ",,X,", "value": 1004}, {"date": "2009-12-15T00:00:00", "datatype": "PGTM", "station": "GHCND:USW00003017", "attributes": ",,W,", "value": 1003}, {"date": "2009-12-15T00:00:00", "datatype": "PRCP", "station": "GHCND:USW00003017", "attributes": ",,0,2400", "value": 0.0}, {"date": "2009-12-15T00:00:00", "datatype": "RHAV", "station": "GHCND:USW00003017", "attributes": ",,W,", "value": 36}, {"date": "2009-12-15T00:00:00", "datatype": "RHMN", "station": "GHCND:USW00003017", "attributes": ",,W,", "value": 13}, {"date": "2009-12-15T00:00:00", "datatype": "RHMX", "station": "GHCND:USW00003017", "attributes": ",,W,", "value": 61}, {"date": "2009-12-15T00:00:00", "datatype": "SNOW", "station": "GHCND:USW00003017", "attributes": ",,0,", "value": 0.0}, {"date": "2009-12-15T00:00:00", "datatype": "SNWD", "station": "GHCND:USW00003017", "attributes": ",,0,", "value": 0.0}, {"date": "2009-12-15T00:00:00", "datatype": "TMAX", "station": "GHCND:USW00003017", "attributes": ",,0,2400", "value": 54.0}, {"date": "2009-12-15T00:00:00", "datatype": "TMIN", "station": "GHCND:USW00003017", "attributes": ",,0,2400", "value": 21.0}, {"date": "2009-12-15T00:00:00", "datatype": "WDF2", "station": "GHCND:USW00003017", "attributes": ",,X,", "value": 220}, {"date": "2009-12-15T00:00:00", "datatype": "WDF5", "station": "GHCND:USW00003017", "attributes": ",,X,", "value": 220}, {"date": "2009-12-15T00:00:00", "datatype": "WSF2", "station": "GHCND:USW00003017", "attributes": ",,X,", "value": 17.9}, {"date": "2009-12-15T00:00:00", "datatype": "WSF5", "station": "GHCND:USW00003017", "attributes": ",,X,", "value": 23.9}, {"date": "2009-12-16T00:00:00", "datatype": "ADPT", "station": "GHCND:USW00003017", "attributes": ",,W,", "value": -83}, {"date": "2009-12-16T00:00:00", "datatype": "ASLP", "station": "GHCND:USW00003017", "attributes": ",,W,", "value": 10190}, {"date": "2009-12-16T00:00:00", "datatype": "ASTP", "station": "GHCND:USW00003017", "attributes": ",,W,", "value": 8358}, {"date": "2009-12-16T00:00:00", "datatype": "AWBT", "station": "GHCND:USW00003017", "attributes": ",,W,", "value": 11}, {"date": "2009-12-16T00:00:00", "datatype": "AWND", "station": "GHCND:USW00003017", "attributes": ",,W,", "value": 6.9}, {"date": "2009-12-16T00:00:00", "datatype": "FMTM", "station": "GHCND:USW00003017", "attributes": ",,X,", "value": 1156}, {"date": "2009-12-16T00:00:00", "datatype": "PGTM", "station": "GHCND:USW00003017", "attributes": ",,W,", "value": 1742}, {"date": "2009-12-16T00:00:00", "datatype": "PRCP", "station": "GHCND:USW00003017", "attributes": ",,0,2400", "value": 0.0}, {"date": "2009-12-16T00:00:00", "datatype": "RHAV", "station": "GHCND:USW00003017", "attributes": ",,W,", "value": 36}, {"date": "2009-12-16T00:00:00", "datatype": "RHMN", "station": "GHCND:USW00003017", "attributes": ",,W,", "value": 19}, {"date": "2009-12-16T00:00:00", "datatype": "RHMX", "station": "GHCND:USW00003017", "attributes": ",,W,", "value": 72}, {"date": "2009-12-16T00:00:00", "datatype": "SNOW", "station": "GHCND:USW00003017", "attributes": ",,0,", "value": 0.0}, {"date": "2009-12-16T00:00:00", "datatype": "SNWD", "station": "GHCND:USW00003017", "attributes": ",,0,", "value": 0.0}, {"date": "2009-12-16T00:00:00", "datatype": "TMAX", "station": "GHCND:USW00003017", "attributes": ",,0,2400", "value": 55.0}, {"date": "2009-12-16T00:00:00", "datatype": "TMIN", "station": "GHCND:USW00003017", "attributes": ",,0,2400", "value": 30.0}, {"date": "2009-12-16T00:00:00", "datatype": "WDF2", "station": "GHCND:USW00003017", "attributes": ",,X,", "value": 230}, {"date": "2009-12-16T00:00:00", "datatype": "WDF5", "station": "GHCND:USW00003017", "attributes": ",,X,", "value": 290}, {"date": "2009-12-16T00:00:00", "datatype": "WSF2", "station": "GHCND:USW00003017", "attributes": ",,X,", "value": 17.0}, {"date": "2009-12-16T00:00:00", "datatype": "WSF5", "station": "GHCND:USW00003017", "attributes": ",,X,", "value": 21.9}, {"date": "2009-12-17T00:00:00", "datatype": "ADPT", "station": "GHCND:USW00003017", "attributes": ",,W,", "value": -56}, {"date": "2009-12-17T00:00:00", "datatype": "ASLP", "station": "GHCND:USW00003017", "attributes": ",,W,", "value": 10193}, {"date": "2009-12-17T00:00:00", "datatype": "ASTP", "station": "GHCND:USW00003017", "attributes": ",,W,", "value": 8358}, {"date": "2009-12-17T00:00:00", "datatype": "AWBT", "station": "GHCND:USW00003017", "attributes": ",,W,", "value": 0}, {"date": "2009-12-17T00:00:00", "datatype": "AWND", "station": "GHCND:USW00003017", "attributes": ",,W,", "value": 7.8}, {"date": "2009-12-17T00:00:00", "datatype": "FMTM", "station": "GHCND:USW00003017", "attributes": ",,X,", "value": 1356}, {"date": "2009-12-17T00:00:00", "datatype": "PGTM", "station": "GHCND:USW00003017", "attributes": ",,W,", "value": 1419}, {"date": "2009-12-17T00:00:00", "datatype": "PRCP", "station": "GHCND:USW00003017", "attributes": ",,0,2400", "value": 0.0}, {"date": "2009-12-17T00:00:00", "datatype": "RHAV", "station": "GHCND:USW00003017", "attributes": ",,W,", "value": 55}, {"date": "2009-12-17T00:00:00", "datatype": "RHMN", "station": "GHCND:USW00003017", "attributes": ",,W,", "value": 30}, {"date": "2009-12-17T00:00:00", "datatype": "RHMX", "station": "GHCND:USW00003017", "attributes": ",,W,", "value": 84}, {"date": "2009-12-17T00:00:00", "datatype": "SNOW", "station": "GHCND:USW00003017", "attributes": ",,0,", "value": 0.0}, {"date": "2009-12-17T00:00:00", "datatype": "SNWD", "station": "GHCND:USW00003017", "attributes": ",,0,", "value": 0.0}, {"date": "2009-12-17T00:00:00", "datatype": "TMAX", "station": "GHCND:USW00003017", "attributes": ",,0,2400", "value": 54.0}, {"date": "2009-12-17T00:00:00", "datatype": "TMIN", "station": "GHCND:USW00003017", "attributes": ",,0,2400", "value": 23.0}, {"date": "2009-12-17T00:00:00", "datatype": "WDF2", "station": "GHCND:USW00003017", "attributes": ",,X,", "value": 310}, {"date": "2009-12-17T00:00:00", "datatype": "WDF5", "station": "GHCND:USW00003017", "attributes": ",,X,", "value": 340}, {"date": "2009-12-17T00:00:00", "datatype": "WSF2", "station": "GHCND:USW00003017", "attributes": ",,X,", "value": 19.9}, {"date": "2009-12-17T00:00:00", "datatype": "WSF5", "station": "GHCND:USW00003017", "attributes": ",,X,", "value": 25.1}, {"date": "2009-12-18T00:00:00", "datatype": "ADPT", "station": "GHCND:USW00003017", "attributes": ",,W,", "value": -67}, {"date": "2009-12-18T00:00:00", "datatype": "ASLP", "station": "GHCND:USW00003017", "attributes": ",,W,", "value": 10234}, {"date": "2009-12-18T00:00:00", "datatype": "ASTP", "station": "GHCND:USW00003017", "attributes": ",,W,", "value": 8375}, {"date": "2009-12-18T00:00:00", "datatype": "AWBT", "station": "GHCND:USW00003017", "attributes": ",,W,", "value": -28}, {"date": "2009-12-18T00:00:00", "datatype": "AWND", "station": "GHCND:USW00003017", "attributes": ",,W,", "value": 6.3}, {"date": "2009-12-18T00:00:00", "datatype": "FMTM", "station": "GHCND:USW00003017", "attributes": ",,X,", "value": 1507}, {"date": "2009-12-18T00:00:00", "datatype": "PGTM", "station": "GHCND:USW00003017", "attributes": ",,W,", "value": 1513}, {"date": "2009-12-18T00:00:00", "datatype": "PRCP", "station": "GHCND:USW00003017", "attributes": ",,0,2400", "value": 0.0}, {"date": "2009-12-18T00:00:00", "datatype": "RHAV", "station": "GHCND:USW00003017", "attributes": ",,W,", "value": 64}, {"date": "2009-12-18T00:00:00", "datatype": "RHMN", "station": "GHCND:USW00003017", "attributes": ",,W,", "value": 40}, {"date": "2009-12-18T00:00:00", "datatype": "RHMX", "station": "GHCND:USW00003017", "attributes": ",,W,", "value": 85}, {"date": "2009-12-18T00:00:00", "datatype": "SNOW", "station": "GHCND:USW00003017", "attributes": ",,0,", "value": 0.0}, {"date": "2009-12-18T00:00:00", "datatype": "SNWD", "station": "GHCND:USW00003017", "attributes": ",,0,", "value": 0.0}, {"date": "2009-12-18T00:00:00", "datatype": "TMAX", "station": "GHCND:USW00003017", "attributes": ",,0,2400", "value": 43.0}, {"date": "2009-12-18T00:00:00", "datatype": "TMIN", "station": "GHCND:USW00003017", "attributes": ",,0,2400", "value": 17.0}, {"date": "2009-12-18T00:00:00", "datatype": "WDF2", "station": "GHCND:USW00003017", "attributes": ",,X,", "value": 10}, {"date": "2009-12-18T00:00:00", "datatype": "WDF5", "station": "GHCND:USW00003017", "attributes": ",,X,", "value": 10}, {"date": "2009-12-18T00:00:00", "datatype": "WSF2", "station": "GHCND:USW00003017", "attributes": ",,X,", "value": 15.0}, {"date": "2009-12-18T00:00:00", "datatype": "WSF5", "station": "GHCND:USW00003017", "attributes": ",,X,", "value": 19.9}, {"date": "2009-12-19T00:00:00", "datatype": "ADPT", "station": "GHCND:USW00003017", "attributes": ",,W,", "value": -111}, {"date": "2009-12-19T00:00:00", "datatype": "ASLP", "station": "GHCND:USW00003017", "attributes": ",,W,", "value": 10203}, {"date": "2009-12-19T00:00:00", "datatype": "ASTP", "station": "GHCND:USW00003017", "attributes": ",,W,", "value": 8341}, {"date": "2009-12-19T00:00:00", "datatype": "AWBT", "station": "GHCND:USW00003017", "attributes": ",,W,", "value": -39}, {"date": "2009-12-19T00:00:00", "datatype": "AWND", "station": "GHCND:USW00003017", "attributes": ",,W,", "value": 8.1}, {"date": "2009-12-19T00:00:00", "datatype": "FMTM", "station": "GHCND:USW00003017", "attributes": ",,X,", "value": 851}, {"date": "2009-12-19T00:00:00", "datatype": "PGTM", "station": "GHCND:USW00003017", "attributes": ",,W,", "value": 835}, {"date": "2009-12-19T00:00:00", "datatype": "PRCP", "station": "GHCND:USW00003017", "attributes": ",,0,2400", "value": 0.0}, {"date": "2009-12-19T00:00:00", "datatype": "RHAV", "station": "GHCND:USW00003017", "attributes": ",,W,", "value": 52}, {"date": "2009-12-19T00:00:00", "datatype": "RHMN", "station": "GHCND:USW00003017", "attributes": ",,W,", "value": 12}, {"date": "2009-12-19T00:00:00", "datatype": "RHMX", "station": "GHCND:USW00003017", "attributes": ",,W,", "value": 80}, {"date": "2009-12-19T00:00:00", "datatype": "SNOW", "station": "GHCND:USW00003017", "attributes": ",,0,", "value": 0.0}, {"date": "2009-12-19T00:00:00", "datatype": "SNWD", "station": "GHCND:USW00003017", "attributes": ",,0,", "value": 0.0}, {"date": "2009-12-19T00:00:00", "datatype": "TMAX", "station": "GHCND:USW00003017", "attributes": ",,0,2400", "value": 51.0}, {"date": "2009-12-19T00:00:00", "datatype": "TMIN", "station": "GHCND:USW00003017", "attributes": ",,0,2400", "value": 14.0}, {"date": "2009-12-19T00:00:00", "datatype": "WDF2", "station": "GHCND:USW00003017", "attributes": ",,X,", "value": 230}, {"date": "2009-12-19T00:00:00", "datatype": "WDF5", "station": "GHCND:USW00003017", "attributes": ",,X,", "value": 230}, {"date": "2009-12-19T00:00:00", "datatype": "WSF2", "station": "GHCND:USW00003017", "attributes": ",,X,", "value": 15.0}, {"date": "2009-12-19T00:00:00", "datatype": "WSF5", "station": "GHCND:USW00003017", "attributes": ",,X,", "value": 17.9}, {"date": "2009-12-20T00:00:00", "datatype": "ADPT", "station": "GHCND:USW00003017", "attributes": ",,W,", "value": -78}, {"date": "2009-12-20T00:00:00", "datatype": "ASLP", "station": "GHCND:USW00003017", "attributes": ",,W,", "value": 10176}, {"date": "2009-12-20T00:00:00", "datatype": "ASTP", "station": "GHCND:USW00003017", "attributes": ",,W,", "value": 8331}, {"date": "2009-12-20T00:00:00", "datatype": "AWBT", "station": "GHCND:USW00003017", "attributes": ",,W,", "value": -11}, {"date": "2009-12-20T00:00:00", "datatype": "AWND", "station": "GHCND:USW00003017", "attributes": ",,W,", "value": 7.4}, {"date": "2009-12-20T00:00:00", "datatype": "FMTM", "station": "GHCND:USW00003017", "attributes": ",,X,", "value": 1313}, {"date": "2009-12-20T00:00:00", "datatype": "PGTM", "station": "GHCND:USW00003017", "attributes": ",,W,", "value": 1311}, {"date": "2009-12-20T00:00:00", "datatype": "PRCP", "station": "GHCND:USW00003017", "attributes": ",,0,2400", "value": 0.0}, {"date": "2009-12-20T00:00:00", "datatype": "RHAV", "station": "GHCND:USW00003017", "attributes": ",,W,", "value": 48}, {"date": "2009-12-20T00:00:00", "datatype": "RHMN", "station": "GHCND:USW00003017", "attributes": ",,W,", "value": 18}, {"date": "2009-12-20T00:00:00", "datatype": "RHMX", "station": "GHCND:USW00003017", "attributes": ",,W,", "value": 68}, {"date": "2009-12-20T00:00:00", "datatype": "SNOW", "station": "GHCND:USW00003017", "attributes": ",,0,", "value": 0.0}, {"date": "2009-12-20T00:00:00", "datatype": "SNWD", "station": "GHCND:USW00003017", "attributes": ",,0,", "value": 0.0}, {"date": "2009-12-20T00:00:00", "datatype": "TMAX", "station": "GHCND:USW00003017", "attributes": ",,0,2400", "value": 57.0}, {"date": "2009-12-20T00:00:00", "datatype": "TMIN", "station": "GHCND:USW00003017", "attributes": ",,0,2400", "value": 19.0}, {"date": "2009-12-20T00:00:00", "datatype": "WDF2", "station": "GHCND:USW00003017", "attributes": ",,X,", "value": 140}, {"date": "2009-12-20T00:00:00", "datatype": "WDF5", "station": "GHCND:USW00003017", "attributes": ",,X,", "value": 140}, {"date": "2009-12-20T00:00:00", "datatype": "WSF2", "station": "GHCND:USW00003017", "attributes": ",,X,", "value": 16.1}, {"date": "2009-12-20T00:00:00", "datatype": "WSF5", "station": "GHCND:USW00003017", "attributes": ",,X,", "value": 21.0}, {"date": "2009-12-21T00:00:00", "datatype": "ADPT", "station": "GHCND:USW00003017", "attributes": ",,W,", "value": -100}, {"date": "2009-12-21T00:00:00", "datatype": "ASLP", "station": "GHCND:USW00003017", "attributes": ",,W,", "value": 10098}, {"date": "2009-12-21T00:00:00", "datatype": "ASTP", "station": "GHCND:USW00003017", "attributes": ",,W,", "value": 8280}, {"date": "2009-12-21T00:00:00", "datatype": "AWBT", "station": "GHCND:USW00003017", "attributes": ",,W,", "value": 0}, {"date": "2009-12-21T00:00:00", "datatype": "AWND", "station": "GHCND:USW00003017", "attributes": ",,W,", "value": 10.7}, {"date": "2009-12-21T00:00:00", "datatype": "FMTM", "station": "GHCND:USW00003017", "attributes": ",,X,", "value": 939}, {"date": "2009-12-21T00:00:00", "datatype": "PGTM", "station": "GHCND:USW00003017", "attributes": ",,W,", "value": 937}, {"date": "2009-12-21T00:00:00", "datatype": "PRCP", "station": "GHCND:USW00003017", "attributes": ",,0,2400", "value": 0.0}, {"date": "2009-12-21T00:00:00", "datatype": "RHAV", "station": "GHCND:USW00003017", "attributes": ",,W,", "value": 35}, {"date": "2009-12-21T00:00:00", "datatype": "RHMN", "station": "GHCND:USW00003017", "attributes": ",,W,", "value": 12}, {"date": "2009-12-21T00:00:00", "datatype": "RHMX", "station": "GHCND:USW00003017", "attributes": ",,W,", "value": 57}, {"date": "2009-12-21T00:00:00", "datatype": "SNOW", "station": "GHCND:USW00003017", "attributes": ",,0,", "value": 0.0}, {"date": "2009-12-21T00:00:00", "datatype": "SNWD", "station": "GHCND:USW00003017", "attributes": ",,0,", "value": 0.0}, {"date": "2009-12-21T00:00:00", "datatype": "TMAX", "station": "GHCND:USW00003017", "attributes": ",,0,2400", "value": 59.0}, {"date": "2009-12-21T00:00:00", "datatype": "TMIN", "station": "GHCND:USW00003017", "attributes": ",,0,2400", "value": 32.0}, {"date": "2009-12-21T00:00:00", "datatype": "WDF2", "station": "GHCND:USW00003017", "attributes": ",,X,", "value": 320}, {"date": "2009-12-21T00:00:00", "datatype": "WDF5", "station": "GHCND:USW00003017", "attributes": ",,X,", "value": 310}, {"date": "2009-12-21T00:00:00", "datatype": "WSF2", "station": "GHCND:USW00003017", "attributes": ",,X,", "value": 23.9}, {"date": "2009-12-21T00:00:00", "datatype": "WSF5", "station": "GHCND:USW00003017", "attributes": ",,X,", "value": 30.0}, {"date": "2009-12-22T00:00:00", "datatype": "ADPT", "station": "GHCND:USW00003017", "attributes": ",,W,", "value": -50}, {"date": "2009-12-22T00:00:00", "datatype": "ASLP", "station": "GHCND:USW00003017", "attributes": ",,W,", "value": 10054}, {"date": "2009-12-22T00:00:00", "datatype": "ASTP", "station": "GHCND:USW00003017", "attributes": ",,W,", "value": 8232}, {"date": "2009-12-22T00:00:00", "datatype": "AWBT", "station": "GHCND:USW00003017", "attributes": ",,W,", "value": -6}, {"date": "2009-12-22T00:00:00", "datatype": "AWND", "station": "GHCND:USW00003017", "attributes": ",,W,", "value": 8.3}, {"date": "2009-12-22T00:00:00", "datatype": "FMTM", "station": "GHCND:USW00003017", "attributes": ",,X,", "value": 258}, {"date": "2009-12-22T00:00:00", "datatype": "PGTM", "station": "GHCND:USW00003017", "attributes": ",,W,", "value": 2345}, {"date": "2009-12-22T00:00:00", "datatype": "PRCP", "station": "GHCND:USW00003017", "attributes": ",,0,2400", "value": 0.05}, {"date": "2009-12-22T00:00:00", "datatype": "RHAV", "station": "GHCND:USW00003017", "attributes": ",,W,", "value": 61}, {"date": "2009-12-22T00:00:00", "datatype": "RHMN", "station": "GHCND:USW00003017", "attributes": ",,W,", "value": 42}, {"date": "2009-12-22T00:00:00", "datatype": "RHMX", "station": "GHCND:USW00003017", "attributes": ",,W,", "value": 96}, {"date": "2009-12-22T00:00:00", "datatype": "SNOW", "station": "GHCND:USW00003017", "attributes": ",,0,", "value": 0.2}, {"date": "2009-12-22T00:00:00", "datatype": "SNWD", "station": "GHCND:USW00003017", "attributes": ",,0,", "value": 0.0}, {"date": "2009-12-22T00:00:00", "datatype": "TMAX", "station": "GHCND:USW00003017", "attributes": ",,0,2400", "value": 44.0}, {"date": "2009-12-22T00:00:00", "datatype": "TMIN", "station": "GHCND:USW00003017", "attributes": ",,0,2400", "value": 28.0}, {"date": "2009-12-22T00:00:00", "datatype": "WDF2", "station": "GHCND:USW00003017", "attributes": ",,X,", "value": 140}, {"date": "2009-12-22T00:00:00", "datatype": "WDF5", "station": "GHCND:USW00003017", "attributes": ",,X,", "value": 100}, {"date": "2009-12-22T00:00:00", "datatype": "WSF2", "station": "GHCND:USW00003017", "attributes": ",,X,", "value": 17.0}, {"date": "2009-12-22T00:00:00", "datatype": "WSF5", "station": "GHCND:USW00003017", "attributes": ",,X,", "value": 19.9}, {"date": "2009-12-22T00:00:00", "datatype": "WT01", "station": "GHCND:USW00003017", "attributes": ",,W,", "value": 1}, {"date": "2009-12-22T00:00:00", "datatype": "WT13", "station": "GHCND:USW00003017", "attributes": ",,X,", "value": 1}, {"date": "2009-12-22T00:00:00", "datatype": "WT16", "station": "GHCND:USW00003017", "attributes": ",,0,", "value": 1}, {"date": "2009-12-22T00:00:00", "datatype": "WT18", "station": "GHCND:USW00003017", "attributes": ",,X,", "value": 1}, {"date": "2009-12-23T00:00:00", "datatype": "ADPT", "station": "GHCND:USW00003017", "attributes": ",,W,", "value": -72}, {"date": "2009-12-23T00:00:00", "datatype": "ASLP", "station": "GHCND:USW00003017", "attributes": ",,W,", "value": 10129}, {"date": "2009-12-23T00:00:00", "datatype": "ASTP", "station": "GHCND:USW00003017", "attributes": ",,W,", "value": 8280}, {"date": "2009-12-23T00:00:00", "datatype": "AWBT", "station": "GHCND:USW00003017", "attributes": ",,W,", "value": -61}, {"date": "2009-12-23T00:00:00", "datatype": "AWND", "station": "GHCND:USW00003017", "attributes": ",,W,", "value": 11.0}, {"date": "2009-12-23T00:00:00", "datatype": "FMTM", "station": "GHCND:USW00003017", "attributes": ",,X,", "value": 1857}, {"date": "2009-12-23T00:00:00", "datatype": "PGTM", "station": "GHCND:USW00003017", "attributes": ",,W,", "value": 1934}, {"date": "2009-12-23T00:00:00", "datatype": "PRCP", "station": "GHCND:USW00003017", "attributes": ",,0,2400", "value": 0.15}, {"date": "2009-12-23T00:00:00", "datatype": "RHAV", "station": "GHCND:USW00003017", "attributes": ",,W,", "value": 89}, {"date": "2009-12-23T00:00:00", "datatype": "RHMN", "station": "GHCND:USW00003017", "attributes": ",,W,", "value": 84}, {"date": "2009-12-23T00:00:00", "datatype": "RHMX", "station": "GHCND:USW00003017", "attributes": ",,W,", "value": 96}, {"date": "2009-12-23T00:00:00", "datatype": "SNOW", "station": "GHCND:USW00003017", "attributes": ",,0,", "value": 4.9}, {"date": "2009-12-23T00:00:00", "datatype": "SNWD", "station": "GHCND:USW00003017", "attributes": ",,0,", "value": 1.0}, {"date": "2009-12-23T00:00:00", "datatype": "TMAX", "station": "GHCND:USW00003017", "attributes": ",,0,2400", "value": 27.0}, {"date": "2009-12-23T00:00:00", "datatype": "TMIN", "station": "GHCND:USW00003017", "attributes": ",,0,2400", "value": 13.0}, {"date": "2009-12-23T00:00:00", "datatype": "WDF2", "station": "GHCND:USW00003017", "attributes": ",,X,", "value": 10}, {"date": "2009-12-23T00:00:00", "datatype": "WDF5", "station": "GHCND:USW00003017", "attributes": ",,X,", "value": 10}, {"date": "2009-12-23T00:00:00", "datatype": "WSF2", "station": "GHCND:USW00003017", "attributes": ",,X,", "value": 28.0}, {"date": "2009-12-23T00:00:00", "datatype": "WSF5", "station": "GHCND:USW00003017", "attributes": ",,X,", "value": 33.1}, {"date": "2009-12-23T00:00:00", "datatype": "WT01", "station": "GHCND:USW00003017", "attributes": ",,W,", "value": 1}, {"date": "2009-12-23T00:00:00", "datatype": "WT13", "station": "GHCND:USW00003017", "attributes": ",,X,", "value": 1}, {"date": "2009-12-23T00:00:00", "datatype": "WT16", "station": "GHCND:USW00003017", "attributes": ",,0,", "value": 1}, {"date": "2009-12-23T00:00:00", "datatype": "WT18", "station": "GHCND:USW00003017", "attributes": ",,X,", "value": 1}, {"date": "2009-12-24T00:00:00", "datatype": "ADPT", "station": "GHCND:USW00003017", "attributes": ",,W,", "value": -161}, {"date": "2009-12-24T00:00:00", "datatype": "ASLP", "station": "GHCND:USW00003017", "attributes": ",,W,", "value": 10203}, {"date": "2009-12-24T00:00:00", "datatype": "ASTP", "station": "GHCND:USW00003017", "attributes": ",,W,", "value": 8303}, {"date": "2009-12-24T00:00:00", "datatype": "AWBT", "station": "GHCND:USW00003017", "attributes": ",,W,", "value": -122}, {"date": "2009-12-24T00:00:00", "datatype": "AWND", "station": "GHCND:USW00003017", "attributes": ",,W,", "value": 7.6}, {"date": "2009-12-24T00:00:00", "datatype": "FMTM", "station": "GHCND:USW00003017", "attributes": ",,X,", "value": 2017}, {"date": "2009-12-24T00:00:00", "datatype": "PGTM", "station": "GHCND:USW00003017", "attributes": ",,W,", "value": 2019}, {"date": "2009-12-24T00:00:00", "datatype": "PRCP", "station": "GHCND:USW00003017", "attributes": "T,,0,2400", "value": 0.0}, {"date": "2009-12-24T00:00:00", "datatype": "RHAV", "station": "GHCND:USW00003017", "attributes": ",,W,", "value": 67}, {"date": "2009-12-24T00:00:00", "datatype": "RHMN", "station": "GHCND:USW00003017", "attributes": ",,W,", "value": 43}, {"date": "2009-12-24T00:00:00", "datatype": "RHMX", "station": "GHCND:USW00003017", "attributes": ",,W,", "value": 88}, {"date": "2009-12-24T00:00:00", "datatype": "SNOW", "station": "GHCND:USW00003017", "attributes": ",,0,", "value": 1.0}, {"date": "2009-12-24T00:00:00", "datatype": "SNWD", "station": "GHCND:USW00003017", "attributes": ",,0,", "value": 5.0}, {"date": "2009-12-24T00:00:00", "datatype": "TMAX", "station": "GHCND:USW00003017", "attributes": ",,0,2400", "value": 22.0}, {"date": "2009-12-24T00:00:00", "datatype": "TMIN", "station": "GHCND:USW00003017", "attributes": ",,0,2400", "value": 2.0}, {"date": "2009-12-24T00:00:00", "datatype": "WDF2", "station": "GHCND:USW00003017", "attributes": ",,X,", "value": 280}, {"date": "2009-12-24T00:00:00", "datatype": "WDF5", "station": "GHCND:USW00003017", "attributes": ",,X,", "value": 280}, {"date": "2009-12-24T00:00:00", "datatype": "WSF2", "station": "GHCND:USW00003017", "attributes": ",,X,", "value": 19.9}, {"date": "2009-12-24T00:00:00", "datatype": "WSF5", "station": "GHCND:USW00003017", "attributes": ",,X,", "value": 23.9}, {"date": "2009-12-24T00:00:00", "datatype": "WT01", "station": "GHCND:USW00003017", "attributes": ",,W,", "value": 1}, {"date": "2009-12-24T00:00:00", "datatype": "WT13", "station": "GHCND:USW00003017", "attributes": ",,X,", "value": 1}, {"date": "2009-12-24T00:00:00", "datatype": "WT16", "station": "GHCND:USW00003017", "attributes": ",,0,", "value": 1}, {"date": "2009-12-24T00:00:00", "datatype": "WT18", "station": "GHCND:USW00003017", "attributes": ",,X,", "value": 1}, {"date": "2009-12-25T00:00:00", "datatype": "ADPT", "station": "GHCND:USW00003017", "attributes": ",,W,", "value": -139}, {"date": "2009-12-25T00:00:00", "datatype": "ASLP", "station": "GHCND:USW00003017", "attributes": ",,W,", "value": 10142}, {"date": "2009-12-25T00:00:00", "datatype": "ASTP", "station": "GHCND:USW00003017", "attributes": ",,W,", "value": 8259}, {"date": "2009-12-25T00:00:00", "datatype": "AWBT", "station": "GHCND:USW00003017", "attributes": ",,W,", "value": -100}, {"date": "2009-12-25T00:00:00", "datatype": "AWND", "station": "GHCND:USW00003017", "attributes": ",,W,", "value": 9.6}, {"date": "2009-12-25T00:00:00", "datatype": "FMTM", "station": "GHCND:USW00003017", "attributes": ",,X,", "value": 1455}, {"date": "2009-12-25T00:00:00", "datatype": "PGTM", "station": "GHCND:USW00003017", "attributes": ",,W,", "value": 1454}, {"date": "2009-12-25T00:00:00", "datatype": "PRCP", "station": "GHCND:USW00003017", "attributes": "T,,0,2400", "value": 0.0}, {"date": "2009-12-25T00:00:00", "datatype": "RHAV", "station": "GHCND:USW00003017", "attributes": ",,W,", "value": 64}, {"date": "2009-12-25T00:00:00", "datatype": "RHMN", "station": "GHCND:USW00003017", "attributes": ",,W,", "value": 52}, {"date": "2009-12-25T00:00:00", "datatype": "RHMX", "station": "GHCND:USW00003017", "attributes": ",,W,", "value": 83}, {"date": "2009-12-25T00:00:00", "datatype": "SNOW", "station": "GHCND:USW00003017", "attributes": "T,,0,", "value": 0.0}, {"date": "2009-12-25T00:00:00", "datatype": "SNWD", "station": "GHCND:USW00003017", "attributes": ",,0,", "value": 3.0}, {"date": "2009-12-25T00:00:00", "datatype": "TMAX", "station": "GHCND:USW00003017", "attributes": ",,0,2400", "value": 24.0}, {"date": "2009-12-25T00:00:00", "datatype": "TMIN", "station": "GHCND:USW00003017", "attributes": ",,0,2400", "value": -1.0}, {"date": "2009-12-25T00:00:00", "datatype": "WDF2", "station": "GHCND:USW00003017", "attributes": ",,X,", "value": 360}, {"date": "2009-12-25T00:00:00", "datatype": "WDF5", "station": "GHCND:USW00003017", "attributes": ",,X,", "value": 360}, {"date": "2009-12-25T00:00:00", "datatype": "WSF2", "station": "GHCND:USW00003017", "attributes": ",,X,", "value": 25.9}, {"date": "2009-12-25T00:00:00", "datatype": "WSF5", "station": "GHCND:USW00003017", "attributes": ",,X,", "value": 33.1}, {"date": "2009-12-25T00:00:00", "datatype": "WT16", "station": "GHCND:USW00003017", "attributes": ",,0,", "value": 1}, {"date": "2009-12-25T00:00:00", "datatype": "WT18", "station": "GHCND:USW00003017", "attributes": ",,X,", "value": 1}, {"date": "2009-12-26T00:00:00", "datatype": "ADPT", "station": "GHCND:USW00003017", "attributes": ",,W,", "value": -83}, {"date": "2009-12-26T00:00:00", "datatype": "ASLP", "station": "GHCND:USW00003017", "attributes": ",,W,", "value": 10176}, {"date": "2009-12-26T00:00:00", "datatype": "ASTP", "station": "GHCND:USW00003017", "attributes": ",,W,", "value": 8310}, {"date": "2009-12-26T00:00:00", "datatype": "AWBT", "station": "GHCND:USW00003017", "attributes": ",,W,", "value": -56}, {"date": "2009-12-26T00:00:00", "datatype": "AWND", "station": "GHCND:USW00003017", "attributes": ",,W,", "value": 8.3}, {"date": "2009-12-26T00:00:00", "datatype": "FMTM", "station": "GHCND:USW00003017", "attributes": ",,X,", "value": 1609}, {"date": "2009-12-26T00:00:00", "datatype": "PGTM", "station": "GHCND:USW00003017", "attributes": ",,W,", "value": 1608}, {"date": "2009-12-26T00:00:00", "datatype": "PRCP", "station": "GHCND:USW00003017", "attributes": ",,0,2400", "value": 0.14}, {"date": "2009-12-26T00:00:00", "datatype": "RHAV", "station": "GHCND:USW00003017", "attributes": ",,W,", "value": 74}, {"date": "2009-12-26T00:00:00", "datatype": "RHMN", "station": "GHCND:USW00003017", "attributes": ",,W,", "value": 58}, {"date": "2009-12-26T00:00:00", "datatype": "RHMX", "station": "GHCND:USW00003017", "attributes": ",,W,", "value": 92}, {"date": "2009-12-26T00:00:00", "datatype": "SNOW", "station": "GHCND:USW00003017", "attributes": ",,0,", "value": 1.7}, {"date": "2009-12-26T00:00:00", "datatype": "SNWD", "station": "GHCND:USW00003017", "attributes": ",,0,", "value": 2.0}, {"date": "2009-12-26T00:00:00", "datatype": "TMAX", "station": "GHCND:USW00003017", "attributes": ",,0,2400", "value": 30.0}, {"date": "2009-12-26T00:00:00", "datatype": "TMIN", "station": "GHCND:USW00003017", "attributes": ",,0,2400", "value": 20.0}, {"date": "2009-12-26T00:00:00", "datatype": "WDF2", "station": "GHCND:USW00003017", "attributes": ",,X,", "value": 10}, {"date": "2009-12-26T00:00:00", "datatype": "WDF5", "station": "GHCND:USW00003017", "attributes": ",,X,", "value": 360}, {"date": "2009-12-26T00:00:00", "datatype": "WSF2", "station": "GHCND:USW00003017", "attributes": ",,X,", "value": 21.9}, {"date": "2009-12-26T00:00:00", "datatype": "WSF5", "station": "GHCND:USW00003017", "attributes": ",,X,", "value": 25.9}, {"date": "2009-12-26T00:00:00", "datatype": "WT01", "station": "GHCND:USW00003017", "attributes": ",,W,", "value": 1}, {"date": "2009-12-26T00:00:00", "datatype": "WT02", "station": "GHCND:USW00003017", "attributes": ",,X,", "value": 1}, {"date": "2009-12-26T00:00:00", "datatype": "WT08", "station": "GHCND:USW00003017", "attributes": ",,W,", "value": 1}, {"date": "2009-12-26T00:00:00", "datatype": "WT09", "station": "GHCND:USW00003017", "attributes": ",,0,", "value": 1}, {"date": "2009-12-26T00:00:00", "datatype": "WT13", "station": "GHCND:USW00003017", "attributes": ",,X,", "value": 1}, {"date": "2009-12-26T00:00:00", "datatype": "WT16", "station": "GHCND:USW00003017", "attributes": ",,0,", "value": 1}, {"date": "2009-12-26T00:00:00", "datatype": "WT18", "station": "GHCND:USW00003017", "attributes": ",,X,", "value": 1}, {"date": "2009-12-26T00:00:00", "datatype": "WT22", "station": "GHCND:USW00003017", "attributes": ",,X,", "value": 1}, {"date": "2009-12-27T00:00:00", "datatype": "ADPT", "station": "GHCND:USW00003017", "attributes": ",,W,", "value": -128}, {"date": "2009-12-27T00:00:00", "datatype": "ASLP", "station": "GHCND:USW00003017", "attributes": ",,W,", "value": 10257}, {"date": "2009-12-27T00:00:00", "datatype": "ASTP", "station": "GHCND:USW00003017", "attributes": ",,W,", "value": 8368}, {"date": "2009-12-27T00:00:00", "datatype": "AWBT", "station": "GHCND:USW00003017", "attributes": ",,W,", "value": -100}, {"date": "2009-12-27T00:00:00", "datatype": "AWND", "station": "GHCND:USW00003017", "attributes": ",,W,", "value": 6.9}, {"date": "2009-12-27T00:00:00", "datatype": "FMTM", "station": "GHCND:USW00003017", "attributes": ",,X,", "value": 2359}, {"date": "2009-12-27T00:00:00", "datatype": "PGTM", "station": "GHCND:USW00003017", "attributes": ",,W,", "value": 2341}, {"date": "2009-12-27T00:00:00", "datatype": "PRCP", "station": "GHCND:USW00003017", "attributes": ",,0,2400", "value": 0.0}, {"date": "2009-12-27T00:00:00", "datatype": "RHAV", "station": "GHCND:USW00003017", "attributes": ",,W,", "value": 74}, {"date": "2009-12-27T00:00:00", "datatype": "RHMN", "station": "GHCND:USW00003017", "attributes": ",,W,", "value": 63}, {"date": "2009-12-27T00:00:00", "datatype": "RHMX", "station": "GHCND:USW00003017", "attributes": ",,W,", "value": 84}, {"date": "2009-12-27T00:00:00", "datatype": "SNOW", "station": "GHCND:USW00003017", "attributes": ",,0,", "value": 0.0}, {"date": "2009-12-27T00:00:00", "datatype": "SNWD", "station": "GHCND:USW00003017", "attributes": ",,0,", "value": 2.0}, {"date": "2009-12-27T00:00:00", "datatype": "TMAX", "station": "GHCND:USW00003017", "attributes": ",,0,2400", "value": 26.0}, {"date": "2009-12-27T00:00:00", "datatype": "TMIN", "station": "GHCND:USW00003017", "attributes": ",,0,2400", "value": 4.0}, {"date": "2009-12-27T00:00:00", "datatype": "WDF2", "station": "GHCND:USW00003017", "attributes": ",,X,", "value": 170}, {"date": "2009-12-27T00:00:00", "datatype": "WDF5", "station": "GHCND:USW00003017", "attributes": ",,X,", "value": 170}, {"date": "2009-12-27T00:00:00", "datatype": "WSF2", "station": "GHCND:USW00003017", "attributes": ",,X,", "value": 14.1}, {"date": "2009-12-27T00:00:00", "datatype": "WSF5", "station": "GHCND:USW00003017", "attributes": ",,X,", "value": 15.0}, {"date": "2009-12-28T00:00:00", "datatype": "ADPT", "station": "GHCND:USW00003017", "attributes": ",,W,", "value": -128}, {"date": "2009-12-28T00:00:00", "datatype": "ASLP", "station": "GHCND:USW00003017", "attributes": ",,W,", "value": 10295}, {"date": "2009-12-28T00:00:00", "datatype": "ASTP", "station": "GHCND:USW00003017", "attributes": ",,W,", "value": 8385}, {"date": "2009-12-28T00:00:00", "datatype": "AWBT", "station": "GHCND:USW00003017", "attributes": ",,W,", "value": -89}, {"date": "2009-12-28T00:00:00", "datatype": "AWND", "station": "GHCND:USW00003017", "attributes": ",,W,", "value": 10.3}, {"date": "2009-12-28T00:00:00", "datatype": "FMTM", "station": "GHCND:USW00003017", "attributes": ",,X,", "value": 1259}, {"date": "2009-12-28T00:00:00", "datatype": "PGTM", "station": "GHCND:USW00003017", "attributes": ",,W,", "value": 1300}, {"date": "2009-12-28T00:00:00", "datatype": "PRCP", "station": "GHCND:USW00003017", "attributes": ",,0,2400", "value": 0.0}, {"date": "2009-12-28T00:00:00", "datatype": "RHAV", "station": "GHCND:USW00003017", "attributes": ",,W,", "value": 69}, {"date": "2009-12-28T00:00:00", "datatype": "RHMN", "station": "GHCND:USW00003017", "attributes": ",,W,", "value": 58}, {"date": "2009-12-28T00:00:00", "datatype": "RHMX", "station": "GHCND:USW00003017", "attributes": ",,W,", "value": 80}, {"date": "2009-12-28T00:00:00", "datatype": "SNOW", "station": "GHCND:USW00003017", "attributes": ",,0,", "value": 0.0}, {"date": "2009-12-28T00:00:00", "datatype": "SNWD", "station": "GHCND:USW00003017", "attributes": ",,0,", "value": 2.0}, {"date": "2009-12-28T00:00:00", "datatype": "TMAX", "station": "GHCND:USW00003017", "attributes": ",,0,2400", "value": 30.0}, {"date": "2009-12-28T00:00:00", "datatype": "TMIN", "station": "GHCND:USW00003017", "attributes": ",,0,2400", "value": 5.0}, {"date": "2009-12-28T00:00:00", "datatype": "WDF2", "station": "GHCND:USW00003017", "attributes": ",,X,", "value": 220}, {"date": "2009-12-28T00:00:00", "datatype": "WDF5", "station": "GHCND:USW00003017", "attributes": ",,X,", "value": 220}, {"date": "2009-12-28T00:00:00", "datatype": "WSF2", "station": "GHCND:USW00003017", "attributes": ",,X,", "value": 25.9}, {"date": "2009-12-28T00:00:00", "datatype": "WSF5", "station": "GHCND:USW00003017", "attributes": ",,X,", "value": 25.9}, {"date": "2009-12-29T00:00:00", "datatype": "ADPT", "station": "GHCND:USW00003017", "attributes": ",,W,", "value": -94}, {"date": "2009-12-29T00:00:00", "datatype": "ASLP", "station": "GHCND:USW00003017", "attributes": ",,W,", "value": 10156}, {"date": "2009-12-29T00:00:00", "datatype": "ASTP", "station": "GHCND:USW00003017", "attributes": ",,W,", "value": 8280}, {"date": "2009-12-29T00:00:00", "datatype": "AWBT", "station": "GHCND:USW00003017", "attributes": ",,W,", "value": -61}, {"date": "2009-12-29T00:00:00", "datatype": "AWND", "station": "GHCND:USW00003017", "attributes": ",,W,", "value": 4.5}, {"date": "2009-12-29T00:00:00", "datatype": "FMTM", "station": "GHCND:USW00003017", "attributes": ",,X,", "value": 52}, {"date": "2009-12-29T00:00:00", "datatype": "PGTM", "station": "GHCND:USW00003017", "attributes": ",,W,", "value": 829}, {"date": "2009-12-29T00:00:00", "datatype": "PRCP", "station": "GHCND:USW00003017", "attributes": ",,0,2400", "value": 0.0}, {"date": "2009-12-29T00:00:00", "datatype": "RHAV", "station": "GHCND:USW00003017", "attributes": ",,W,", "value": 67}, {"date": "2009-12-29T00:00:00", "datatype": "RHMN", "station": "GHCND:USW00003017", "attributes": ",,W,", "value": 50}, {"date": "2009-12-29T00:00:00", "datatype": "RHMX", "station": "GHCND:USW00003017", "attributes": ",,W,", "value": 84}, {"date": "2009-12-29T00:00:00", "datatype": "SNOW", "station": "GHCND:USW00003017", "attributes": ",,0,", "value": 0.0}, {"date": "2009-12-29T00:00:00", "datatype": "SNWD", "station": "GHCND:USW00003017", "attributes": ",,0,", "value": 2.0}, {"date": "2009-12-29T00:00:00", "datatype": "TMAX", "station": "GHCND:USW00003017", "attributes": ",,0,2400", "value": 32.0}, {"date": "2009-12-29T00:00:00", "datatype": "TMIN", "station": "GHCND:USW00003017", "attributes": ",,0,2400", "value": 16.0}, {"date": "2009-12-29T00:00:00", "datatype": "WDF2", "station": "GHCND:USW00003017", "attributes": ",,X,", "value": 270}, {"date": "2009-12-29T00:00:00", "datatype": "WDF5", "station": "GHCND:USW00003017", "attributes": ",,X,", "value": 240}, {"date": "2009-12-29T00:00:00", "datatype": "WSF2", "station": "GHCND:USW00003017", "attributes": ",,X,", "value": 12.1}, {"date": "2009-12-29T00:00:00", "datatype": "WSF5", "station": "GHCND:USW00003017", "attributes": ",,X,", "value": 15.0}, {"date": "2009-12-29T00:00:00", "datatype": "WT01", "station": "GHCND:USW00003017", "attributes": ",,W,", "value": 1}, {"date": "2009-12-29T00:00:00", "datatype": "WT08", "station": "GHCND:USW00003017", "attributes": ",,W,", "value": 1}, {"date": "2009-12-30T00:00:00", "datatype": "ADPT", "station": "GHCND:USW00003017", "attributes": ",,W,", "value": -106}, {"date": "2009-12-30T00:00:00", "datatype": "ASLP", "station": "GHCND:USW00003017", "attributes": ",,W,", "value": 10129}, {"date": "2009-12-30T00:00:00", "datatype": "ASTP", "station": "GHCND:USW00003017", "attributes": ",,W,", "value": 8270}, {"date": "2009-12-30T00:00:00", "datatype": "AWBT", "station": "GHCND:USW00003017", "attributes": ",,W,", "value": -72}, {"date": "2009-12-30T00:00:00", "datatype": "AWND", "station": "GHCND:USW00003017", "attributes": ",,W,", "value": 8.7}, {"date": "2009-12-30T00:00:00", "datatype": "FMTM", "station": "GHCND:USW00003017", "attributes": ",,X,", "value": 1346}, {"date": "2009-12-30T00:00:00", "datatype": "PGTM", "station": "GHCND:USW00003017", "attributes": ",,W,", "value": 24}, {"date": "2009-12-30T00:00:00", "datatype": "PRCP", "station": "GHCND:USW00003017", "attributes": ",,0,2400", "value": 0.0}, {"date": "2009-12-30T00:00:00", "datatype": "RHAV", "station": "GHCND:USW00003017", "attributes": ",,W,", "value": 69}, {"date": "2009-12-30T00:00:00", "datatype": "RHMN", "station": "GHCND:USW00003017", "attributes": ",,W,", "value": 54}, {"date": "2009-12-30T00:00:00", "datatype": "RHMX", "station": "GHCND:USW00003017", "attributes": ",,W,", "value": 88}, {"date": "2009-12-30T00:00:00", "datatype": "SNOW", "station": "GHCND:USW00003017", "attributes": ",,0,", "value": 0.0}, {"date": "2009-12-30T00:00:00", "datatype": "SNWD", "station": "GHCND:USW00003017", "attributes": ",,0,", "value": 1.0}, {"date": "2009-12-30T00:00:00", "datatype": "TMAX", "station": "GHCND:USW00003017", "attributes": ",,0,2400", "value": 31.0}, {"date": "2009-12-30T00:00:00", "datatype": "TMIN", "station": "GHCND:USW00003017", "attributes": ",,0,2400", "value": 11.0}, {"date": "2009-12-30T00:00:00", "datatype": "WDF2", "station": "GHCND:USW00003017", "attributes": ",,X,", "value": 120}, {"date": "2009-12-30T00:00:00", "datatype": "WDF5", "station": "GHCND:USW00003017", "attributes": ",,X,", "value": 240}, {"date": "2009-12-30T00:00:00", "datatype": "WSF2", "station": "GHCND:USW00003017", "attributes": ",,X,", "value": 17.0}, {"date": "2009-12-30T00:00:00", "datatype": "WSF5", "station": "GHCND:USW00003017", "attributes": ",,X,", "value": 17.0}, {"date": "2009-12-31T00:00:00", "datatype": "ADPT", "station": "GHCND:USW00003017", "attributes": ",,W,", "value": -128}, {"date": "2009-12-31T00:00:00", "datatype": "ASLP", "station": "GHCND:USW00003017", "attributes": ",,W,", "value": 10240}, {"date": "2009-12-31T00:00:00", "datatype": "ASTP", "station": "GHCND:USW00003017", "attributes": ",,W,", "value": 8354}, {"date": "2009-12-31T00:00:00", "datatype": "AWBT", "station": "GHCND:USW00003017", "attributes": ",,W,", "value": -78}, {"date": "2009-12-31T00:00:00", "datatype": "AWND", "station": "GHCND:USW00003017", "attributes": ",,W,", "value": 8.9}, {"date": "2009-12-31T00:00:00", "datatype": "FMTM", "station": "GHCND:USW00003017", "attributes": ",,X,", "value": 1850}, {"date": "2009-12-31T00:00:00", "datatype": "PGTM", "station": "GHCND:USW00003017", "attributes": ",,W,", "value": 1854}, {"date": "2009-12-31T00:00:00", "datatype": "PRCP", "station": "GHCND:USW00003017", "attributes": ",,0,2400", "value": 0.0}, {"date": "2009-12-31T00:00:00", "datatype": "RHAV", "station": "GHCND:USW00003017", "attributes": ",,W,", "value": 61}, {"date": "2009-12-31T00:00:00", "datatype": "RHMN", "station": "GHCND:USW00003017", "attributes": ",,W,", "value": 31}, {"date": "2009-12-31T00:00:00", "datatype": "RHMX", "station": "GHCND:USW00003017", "attributes": ",,W,", "value": 88}, {"date": "2009-12-31T00:00:00", "datatype": "SNOW", "station": "GHCND:USW00003017", "attributes": ",,0,", "value": 0.0}, {"date": "2009-12-31T00:00:00", "datatype": "SNWD", "station": "GHCND:USW00003017", "attributes": ",,0,", "value": 1.0}, {"date": "2009-12-31T00:00:00", "datatype": "TMAX", "station": "GHCND:USW00003017", "attributes": ",,0,2400", "value": 36.0}, {"date": "2009-12-31T00:00:00", "datatype": "TMIN", "station": "GHCND:USW00003017", "attributes": ",,0,2400", "value": 8.0}, {"date": "2009-12-31T00:00:00", "datatype": "WDF2", "station": "GHCND:USW00003017", "attributes": ",,X,", "value": 170}, {"date": "2009-12-31T00:00:00", "datatype": "WDF5", "station": "GHCND:USW00003017", "attributes": ",,X,", "value": 170}, {"date": "2009-12-31T00:00:00", "datatype": "WSF2", "station": "GHCND:USW00003017", "attributes": ",,X,", "value": 17.0}, {"date": "2009-12-31T00:00:00", "datatype": "WSF5", "station": "GHCND:USW00003017", "attributes": ",,X,", "value": 17.9}, {"date": "2009-12-31T00:00:00", "datatype": "WT01", "station": "GHCND:USW00003017", "attributes": ",,W,", "value": 1}, {"date": "2009-12-31T00:00:00", "datatype": "WT08", "station": "GHCND:USW00003017", "attributes": ",,W,", "value": 1}, {"date": "2009-12-31T00:00:00", "datatype": "WT13", "station": "GHCND:USW00003017", "attributes": ",,X,", "value": 1}, {"date": "2010-01-01T00:00:00", "datatype": "ADPT", "station": "GHCND:USW00003017", "attributes": ",,W,", "value": -106}, {"date": "2010-01-01T00:00:00", "datatype": "ASLP", "station": "GHCND:USW00003017", "attributes": ",,W,", "value": 10237}, {"date": "2010-01-01T00:00:00", "datatype": "ASTP", "station": "GHCND:USW00003017", "attributes": ",,W,", "value": 8358}, {"date": "2010-01-01T00:00:00", "datatype": "AWBT", "station": "GHCND:USW00003017", "attributes": ",,W,", "value": -61}, {"date": "2010-01-01T00:00:00", "datatype": "AWND", "station": "GHCND:USW00003017", "attributes": ",,W,", "value": 8.9}, {"date": "2010-01-01T00:00:00", "datatype": "FMTM", "station": "GHCND:USW00003017", "attributes": ",,X,", "value": 1330}, {"date": "2010-01-01T00:00:00", "datatype": "PGTM", "station": "GHCND:USW00003017", "attributes": ",,W,", "value": 1427}, {"date": "2010-01-01T00:00:00", "datatype": "PRCP", "station": "GHCND:USW00003017", "attributes": ",,0,2400", "value": 0.0}, {"date": "2010-01-01T00:00:00", "datatype": "RHAV", "station": "GHCND:USW00003017", "attributes": ",,W,", "value": 59}, {"date": "2010-01-01T00:00:00", "datatype": "RHMN", "station": "GHCND:USW00003017", "attributes": ",,W,", "value": 40}, {"date": "2010-01-01T00:00:00", "datatype": "RHMX", "station": "GHCND:USW00003017", "attributes": ",,W,", "value": 78}, {"date": "2010-01-01T00:00:00", "datatype": "SNOW", "station": "GHCND:USW00003017", "attributes": ",,0,", "value": 0.0}, {"date": "2010-01-01T00:00:00", "datatype": "SNWD", "station": "GHCND:USW00003017", "attributes": ",,0,", "value": 1.0}, {"date": "2010-01-01T00:00:00", "datatype": "TMAX", "station": "GHCND:USW00003017", "attributes": ",,0,2400", "value": 40.0}, {"date": "2010-01-01T00:00:00", "datatype": "TMIN", "station": "GHCND:USW00003017", "attributes": ",,0,2400", "value": 12.0}, {"date": "2010-01-01T00:00:00", "datatype": "WDF2", "station": "GHCND:USW00003017", "attributes": ",,X,", "value": 150}, {"date": "2010-01-01T00:00:00", "datatype": "WDF5", "station": "GHCND:USW00003017", "attributes": ",,X,", "value": 50}, {"date": "2010-01-01T00:00:00", "datatype": "WSF2", "station": "GHCND:USW00003017", "attributes": ",,X,", "value": 16.1}, {"date": "2010-01-01T00:00:00", "datatype": "WSF5", "station": "GHCND:USW00003017", "attributes": ",,X,", "value": 25.9}, {"date": "2010-01-02T00:00:00", "datatype": "ADPT", "station": "GHCND:USW00003017", "attributes": ",,W,", "value": -61}, {"date": "2010-01-02T00:00:00", "datatype": "ASLP", "station": "GHCND:USW00003017", "attributes": ",,W,", "value": 10193}, {"date": "2010-01-02T00:00:00", "datatype": "ASTP", "station": "GHCND:USW00003017", "attributes": ",,W,", "value": 8331}, {"date": "2010-01-02T00:00:00", "datatype": "AWBT", "station": "GHCND:USW00003017", "attributes": ",,W,", "value": -39}, {"date": "2010-01-02T00:00:00", "datatype": "AWND", "station": "GHCND:USW00003017", "attributes": ",,W,", "value": 5.1}, {"date": "2010-01-02T00:00:00", "datatype": "FMTM", "station": "GHCND:USW00003017", "attributes": ",,X,", "value": 1319}, {"date": "2010-01-02T00:00:00", "datatype": "PGTM", "station": "GHCND:USW00003017", "attributes": ",,W,", "value": 1319}, {"date": "2010-01-02T00:00:00", "datatype": "PRCP", "station": "GHCND:USW00003017", "attributes": ",,0,2400", "value": 0.0}, {"date": "2010-01-02T00:00:00", "datatype": "RHAV", "station": "GHCND:USW00003017", "attributes": ",,W,", "value": 74}, {"date": "2010-01-02T00:00:00", "datatype": "RHMN", "station": "GHCND:USW00003017", "attributes": ",,W,", "value": 58}, {"date": "2010-01-02T00:00:00", "datatype": "RHMX", "station": "GHCND:USW00003017", "attributes": ",,W,", "value": 92}, {"date": "2010-01-02T00:00:00", "datatype": "SNOW", "station": "GHCND:USW00003017", "attributes": ",,0,", "value": 0.0}, {"date": "2010-01-02T00:00:00", "datatype": "SNWD", "station": "GHCND:USW00003017", "attributes": ",,0,", "value": 1.0}, {"date": "2010-01-02T00:00:00", "datatype": "TMAX", "station": "GHCND:USW00003017", "attributes": ",,0,2400", "value": 40.0}, {"date": "2010-01-02T00:00:00", "datatype": "TMIN", "station": "GHCND:USW00003017", "attributes": ",,0,2400", "value": 16.0}, {"date": "2010-01-02T00:00:00", "datatype": "WDF2", "station": "GHCND:USW00003017", "attributes": ",,X,", "value": 290}, {"date": "2010-01-02T00:00:00", "datatype": "WDF5", "station": "GHCND:USW00003017", "attributes": ",,X,", "value": 290}, {"date": "2010-01-02T00:00:00", "datatype": "WSF2", "station": "GHCND:USW00003017", "attributes": ",,X,", "value": 17.9}, {"date": "2010-01-02T00:00:00", "datatype": "WSF5", "station": "GHCND:USW00003017", "attributes": ",,X,", "value": 23.9}, {"date": "2010-01-02T00:00:00", "datatype": "WT01", "station": "GHCND:USW00003017", "attributes": ",,W,", "value": 1}, {"date": "2010-01-02T00:00:00", "datatype": "WT08", "station": "GHCND:USW00003017", "attributes": ",,W,", "value": 1}, {"date": "2010-01-02T00:00:00", "datatype": "WT13", "station": "GHCND:USW00003017", "attributes": ",,X,", "value": 1}, {"date": "2010-01-03T00:00:00", "datatype": "ADPT", "station": "GHCND:USW00003017", "attributes": ",,W,", "value": -50}, {"date": "2010-01-03T00:00:00", "datatype": "ASLP", "station": "GHCND:USW00003017", "attributes": ",,W,", "value": 10261}, {"date": "2010-01-03T00:00:00", "datatype": "ASTP", "station": "GHCND:USW00003017", "attributes": ",,W,", "value": 8391}, {"date": "2010-01-03T00:00:00", "datatype": "AWBT", "station": "GHCND:USW00003017", "attributes": ",,W,", "value": -28}, {"date": "2010-01-03T00:00:00", "datatype": "AWND", "station": "GHCND:USW00003017", "attributes": ",,W,", "value": 4.7}, {"date": "2010-01-03T00:00:00", "datatype": "FMTM", "station": "GHCND:USW00003017", "attributes": ",,X,", "value": 327}, {"date": "2010-01-03T00:00:00", "datatype": "PGTM", "station": "GHCND:USW00003017", "attributes": ",,W,", "value": 326}, {"date": "2010-01-03T00:00:00", "datatype": "PRCP", "station": "GHCND:USW00003017", "attributes": "T,,0,2400", "value": 0.0}, {"date": "2010-01-03T00:00:00", "datatype": "RHAV", "station": "GHCND:USW00003017", "attributes": ",,W,", "value": 80}, {"date": "2010-01-03T00:00:00", "datatype": "RHMN", "station": "GHCND:USW00003017", "attributes": ",,W,", "value": 67}, {"date": "2010-01-03T00:00:00", "datatype": "RHMX", "station": "GHCND:USW00003017", "attributes": ",,W,", "value": 92}, {"date": "2010-01-03T00:00:00", "datatype": "SNOW", "station": "GHCND:USW00003017", "attributes": ",,0,", "value": 0.1}, {"date": "2010-01-03T00:00:00", "datatype": "SNWD", "station": "GHCND:USW00003017", "attributes": ",,0,", "value": 1.0}, {"date": "2010-01-03T00:00:00", "datatype": "TMAX", "station": "GHCND:USW00003017", "attributes": ",,0,2400", "value": 36.0}, {"date": "2010-01-03T00:00:00", "datatype": "TMIN", "station": "GHCND:USW00003017", "attributes": ",,0,2400", "value": 16.0}, {"date": "2010-01-03T00:00:00", "datatype": "WDF2", "station": "GHCND:USW00003017", "attributes": ",,X,", "value": 210}, {"date": "2010-01-03T00:00:00", "datatype": "WDF5", "station": "GHCND:USW00003017", "attributes": ",,X,", "value": 210}, {"date": "2010-01-03T00:00:00", "datatype": "WSF2", "station": "GHCND:USW00003017", "attributes": ",,X,", "value": 15.0}, {"date": "2010-01-03T00:00:00", "datatype": "WSF5", "station": "GHCND:USW00003017", "attributes": ",,X,", "value": 16.1}, {"date": "2010-01-03T00:00:00", "datatype": "WT01", "station": "GHCND:USW00003017", "attributes": ",,W,", "value": 1}, {"date": "2010-01-03T00:00:00", "datatype": "WT13", "station": "GHCND:USW00003017", "attributes": ",,X,", "value": 1}, {"date": "2010-01-03T00:00:00", "datatype": "WT16", "station": "GHCND:USW00003017", "attributes": ",,0,", "value": 1}, {"date": "2010-01-03T00:00:00", "datatype": "WT18", "station": "GHCND:USW00003017", "attributes": ",,X,", "value": 1}, {"date": "2010-01-04T00:00:00", "datatype": "ADPT", "station": "GHCND:USW00003017", "attributes": ",,W,", "value": -94}, {"date": "2010-01-04T00:00:00", "datatype": "ASLP", "station": "GHCND:USW00003017", "attributes": ",,W,", "value": 10271}, {"date": "2010-01-04T00:00:00", "datatype": "ASTP", "station": "GHCND:USW00003017", "attributes": ",,W,", "value": 8381}, {"date": "2010-01-04T00:00:00", "datatype": "AWBT", "station": "GHCND:USW00003017", "attributes": ",,W,", "value": -56}, {"date": "2010-01-04T00:00:00", "datatype": "AWND", "station": "GHCND:USW00003017", "attributes": ",,W,", "value": 10.3}, {"date": "2010-01-04T00:00:00", "datatype": "FMTM", "station": "GHCND:USW00003017", "attributes": ",,X,", "value": 820}, {"date": "2010-01-04T00:00:00", "datatype": "PGTM", "station": "GHCND:USW00003017", "attributes": ",,W,", "value": 851}, {"date": "2010-01-04T00:00:00", "datatype": "PRCP", "station": "GHCND:USW00003017", "attributes": ",,0,2400", "value": 0.0}, {"date": "2010-01-04T00:00:00", "datatype": "RHAV", "station": "GHCND:USW00003017", "attributes": ",,W,", "value": 68}, {"date": "2010-01-04T00:00:00", "datatype": "RHMN", "station": "GHCND:USW00003017", "attributes": ",,W,", "value": 48}, {"date": "2010-01-04T00:00:00", "datatype": "RHMX", "station": "GHCND:USW00003017", "attributes": ",,W,", "value": 85}, {"date": "2010-01-04T00:00:00", "datatype": "SNOW", "station": "GHCND:USW00003017", "attributes": ",,0,", "value": 0.0}, {"date": "2010-01-04T00:00:00", "datatype": "SNWD", "station": "GHCND:USW00003017", "attributes": ",,0,", "value": 1.0}, {"date": "2010-01-04T00:00:00", "datatype": "TMAX", "station": "GHCND:USW00003017", "attributes": ",,0,2400", "value": 36.0}, {"date": "2010-01-04T00:00:00", "datatype": "TMIN", "station": "GHCND:USW00003017", "attributes": ",,0,2400", "value": 11.0}, {"date": "2010-01-04T00:00:00", "datatype": "WDF2", "station": "GHCND:USW00003017", "attributes": ",,X,", "value": 210}, {"date": "2010-01-04T00:00:00", "datatype": "WDF5", "station": "GHCND:USW00003017", "attributes": ",,X,", "value": 210}, {"date": "2010-01-04T00:00:00", "datatype": "WSF2", "station": "GHCND:USW00003017", "attributes": ",,X,", "value": 16.1}, {"date": "2010-01-04T00:00:00", "datatype": "WSF5", "station": "GHCND:USW00003017", "attributes": ",,X,", "value": 19.9}, {"date": "2010-01-05T00:00:00", "datatype": "ADPT", "station": "GHCND:USW00003017", "attributes": ",,W,", "value": -61}, {"date": "2010-01-05T00:00:00", "datatype": "ASLP", "station": "GHCND:USW00003017", "attributes": ",,W,", "value": 10159}, {"date": "2010-01-05T00:00:00", "datatype": "ASTP", "station": "GHCND:USW00003017", "attributes": ",,W,", "value": 8310}, {"date": "2010-01-05T00:00:00", "datatype": "AWBT", "station": "GHCND:USW00003017", "attributes": ",,W,", "value": -6}, {"date": "2010-01-05T00:00:00", "datatype": "AWND", "station": "GHCND:USW00003017", "attributes": ",,W,", "value": 8.7}, {"date": "2010-01-05T00:00:00", "datatype": "FMTM", "station": "GHCND:USW00003017", "attributes": ",,X,", "value": 1437}, {"date": "2010-01-05T00:00:00", "datatype": "PGTM", "station": "GHCND:USW00003017", "attributes": ",,W,", "value": 1437}, {"date": "2010-01-05T00:00:00", "datatype": "PRCP", "station": "GHCND:USW00003017", "attributes": ",,0,2400", "value": 0.0}, {"date": "2010-01-05T00:00:00", "datatype": "RHAV", "station": "GHCND:USW00003017", "attributes": ",,W,", "value": 52}, {"date": "2010-01-05T00:00:00", "datatype": "RHMN", "station": "GHCND:USW00003017", "attributes": ",,W,", "value": 40}, {"date": "2010-01-05T00:00:00", "datatype": "RHMX", "station": "GHCND:USW00003017", "attributes": ",,W,", "value": 71}, {"date": "2010-01-05T00:00:00", "datatype": "SNOW", "station": "GHCND:USW00003017", "attributes": ",,0,", "value": 0.0}, {"date": "2010-01-05T00:00:00", "datatype": "SNWD", "station": "GHCND:USW00003017", "attributes": ",,0,", "value": 1.0}, {"date": "2010-01-05T00:00:00", "datatype": "TMAX", "station": "GHCND:USW00003017", "attributes": ",,0,2400", "value": 47.0}, {"date": "2010-01-05T00:00:00", "datatype": "TMIN", "station": "GHCND:USW00003017", "attributes": ",,0,2400", "value": 19.0}, {"date": "2010-01-05T00:00:00", "datatype": "WDF2", "station": "GHCND:USW00003017", "attributes": ",,X,", "value": 280}, {"date": "2010-01-05T00:00:00", "datatype": "WDF5", "station": "GHCND:USW00003017", "attributes": ",,X,", "value": 280}, {"date": "2010-01-05T00:00:00", "datatype": "WSF2", "station": "GHCND:USW00003017", "attributes": ",,X,", "value": 23.0}, {"date": "2010-01-05T00:00:00", "datatype": "WSF5", "station": "GHCND:USW00003017", "attributes": ",,X,", "value": 28.0}, {"date": "2010-01-06T00:00:00", "datatype": "ADPT", "station": "GHCND:USW00003017", "attributes": ",,W,", "value": -122}, {"date": "2010-01-06T00:00:00", "datatype": "ASLP", "station": "GHCND:USW00003017", "attributes": ",,W,", "value": 10224}, {"date": "2010-01-06T00:00:00", "datatype": "ASTP", "station": "GHCND:USW00003017", "attributes": ",,W,", "value": 8358}, {"date": "2010-01-06T00:00:00", "datatype": "AWBT", "station": "GHCND:USW00003017", "attributes": ",,W,", "value": -94}, {"date": "2010-01-06T00:00:00", "datatype": "AWND", "station": "GHCND:USW00003017", "attributes": ",,W,", "value": 12.3}, {"date": "2010-01-06T00:00:00", "datatype": "FMTM", "station": "GHCND:USW00003017", "attributes": ",,X,", "value": 722}, {"date": "2010-01-06T00:00:00", "datatype": "PGTM", "station": "GHCND:USW00003017", "attributes": ",,W,", "value": 745}, {"date": "2010-01-06T00:00:00", "datatype": "PRCP", "station": "GHCND:USW00003017", "attributes": ",,0,2400", "value": 0.05}, {"date": "2010-01-06T00:00:00", "datatype": "RHAV", "station": "GHCND:USW00003017", "attributes": ",,W,", "value": 77}, {"date": "2010-01-06T00:00:00", "datatype": "RHMN", "station": "GHCND:USW00003017", "attributes": ",,W,", "value": 51}, {"date": "2010-01-06T00:00:00", "datatype": "RHMX", "station": "GHCND:USW00003017", "attributes": ",,W,", "value": 96}, {"date": "2010-01-06T00:00:00", "datatype": "SNOW", "station": "GHCND:USW00003017", "attributes": ",,0,", "value": 2.3}, {"date": "2010-01-06T00:00:00", "datatype": "SNWD", "station": "GHCND:USW00003017", "attributes": ",,0,", "value": 1.0}, {"date": "2010-01-06T00:00:00", "datatype": "TMAX", "station": "GHCND:USW00003017", "attributes": ",,0,2400", "value": 42.0}, {"date": "2010-01-06T00:00:00", "datatype": "TMIN", "station": "GHCND:USW00003017", "attributes": ",,0,2400", "value": -6.0}, {"date": "2010-01-06T00:00:00", "datatype": "WDF2", "station": "GHCND:USW00003017", "attributes": ",,X,", "value": 60}, {"date": "2010-01-06T00:00:00", "datatype": "WDF5", "station": "GHCND:USW00003017", "attributes": ",,X,", "value": 60}, {"date": "2010-01-06T00:00:00", "datatype": "WSF2", "station": "GHCND:USW00003017", "attributes": ",,X,", "value": 29.1}, {"date": "2010-01-06T00:00:00", "datatype": "WSF5", "station": "GHCND:USW00003017", "attributes": ",,X,", "value": 33.1}, {"date": "2010-01-06T00:00:00", "datatype": "WT01", "station": "GHCND:USW00003017", "attributes": ",,W,", "value": 1}, {"date": "2010-01-06T00:00:00", "datatype": "WT02", "station": "GHCND:USW00003017", "attributes": ",,X,", "value": 1}, {"date": "2010-01-06T00:00:00", "datatype": "WT09", "station": "GHCND:USW00003017", "attributes": ",,0,", "value": 1}, {"date": "2010-01-06T00:00:00", "datatype": "WT13", "station": "GHCND:USW00003017", "attributes": ",,X,", "value": 1}, {"date": "2010-01-06T00:00:00", "datatype": "WT16", "station": "GHCND:USW00003017", "attributes": ",,0,", "value": 1}, {"date": "2010-01-06T00:00:00", "datatype": "WT18", "station": "GHCND:USW00003017", "attributes": ",,X,", "value": 1}, {"date": "2010-01-06T00:00:00", "datatype": "WT22", "station": "GHCND:USW00003017", "attributes": ",,X,", "value": 1}, {"date": "2010-01-07T00:00:00", "datatype": "ADPT", "station": "GHCND:USW00003017", "attributes": ",,W,", "value": -228}, {"date": "2010-01-07T00:00:00", "datatype": "ASLP", "station": "GHCND:USW00003017", "attributes": ",,W,", "value": 10362}, {"date": "2010-01-07T00:00:00", "datatype": "ASTP", "station": "GHCND:USW00003017", "attributes": ",,W,", "value": 8405}, {"date": "2010-01-07T00:00:00", "datatype": "AWBT", "station": "GHCND:USW00003017", "attributes": ",,W,", "value": -183}, {"date": "2010-01-07T00:00:00", "datatype": "AWND", "station": "GHCND:USW00003017", "attributes": ",,W,", "value": 7.8}, {"date": "2010-01-07T00:00:00", "datatype": "FMTM", "station": "GHCND:USW00003017", "attributes": ",,X,", "value": 925}, {"date": "2010-01-07T00:00:00", "datatype": "PGTM", "station": "GHCND:USW00003017", "attributes": ",,W,", "value": 1626}, {"date": "2010-01-07T00:00:00", "datatype": "PRCP", "station": "GHCND:USW00003017", "attributes": ",,0,2400", "value": 0.0}, {"date": "2010-01-07T00:00:00", "datatype": "RHAV", "station": "GHCND:USW00003017", "attributes": ",,W,", "value": 67}, {"date": "2010-01-07T00:00:00", "datatype": "RHMN", "station": "GHCND:USW00003017", "attributes": ",,W,", "value": 49}, {"date": "2010-01-07T00:00:00", "datatype": "RHMX", "station": "GHCND:USW00003017", "attributes": ",,W,", "value": 86}, {"date": "2010-01-07T00:00:00", "datatype": "SNOW", "station": "GHCND:USW00003017", "attributes": ",,0,", "value": 0.0}, {"date": "2010-01-07T00:00:00", "datatype": "SNWD", "station": "GHCND:USW00003017", "attributes": ",,0,", "value": 2.0}, {"date": "2010-01-07T00:00:00", "datatype": "TMAX", "station": "GHCND:USW00003017", "attributes": ",,0,2400", "value": 13.0}, {"date": "2010-01-07T00:00:00", "datatype": "TMIN", "station": "GHCND:USW00003017", "attributes": ",,0,2400", "value": -16.0}, {"date": "2010-01-07T00:00:00", "datatype": "WDF2", "station": "GHCND:USW00003017", "attributes": ",,X,", "value": 120}, {"date": "2010-01-07T00:00:00", "datatype": "WDF5", "station": "GHCND:USW00003017", "attributes": ",,X,", "value": 350}, {"date": "2010-01-07T00:00:00", "datatype": "WSF2", "station": "GHCND:USW00003017", "attributes": ",,X,", "value": 15.0}, {"date": "2010-01-07T00:00:00", "datatype": "WSF5", "station": "GHCND:USW00003017", "attributes": ",,X,", "value": 17.9}, {"date": "2010-01-07T00:00:00", "datatype": "WT01", "station": "GHCND:USW00003017", "attributes": ",,W,", "value": 1}, {"date": "2010-01-08T00:00:00", "datatype": "ADPT", "station": "GHCND:USW00003017", "attributes": ",,W,", "value": -189}, {"date": "2010-01-08T00:00:00", "datatype": "ASLP", "station": "GHCND:USW00003017", "attributes": ",,W,", "value": 10298}, {"date": "2010-01-08T00:00:00", "datatype": "ASTP", "station": "GHCND:USW00003017", "attributes": ",,W,", "value": 8368}, {"date": "2010-01-08T00:00:00", "datatype": "AWBT", "station": "GHCND:USW00003017", "attributes": ",,W,", "value": -133}, {"date": "2010-01-08T00:00:00", "datatype": "AWND", "station": "GHCND:USW00003017", "attributes": ",,W,", "value": 9.4}, {"date": "2010-01-08T00:00:00", "datatype": "FMTM", "station": "GHCND:USW00003017", "attributes": ",,X,", "value": 2107}, {"date": "2010-01-08T00:00:00", "datatype": "PGTM", "station": "GHCND:USW00003017", "attributes": ",,W,", "value": 2107}, {"date": "2010-01-08T00:00:00", "datatype": "PRCP", "station": "GHCND:USW00003017", "attributes": ",,0,2400", "value": 0.0}, {"date": "2010-01-08T00:00:00", "datatype": "RHAV", "station": "GHCND:USW00003017", "attributes": ",,W,", "value": 52}, {"date": "2010-01-08T00:00:00", "datatype": "RHMN", "station": "GHCND:USW00003017", "attributes": ",,W,", "value": 35}, {"date": "2010-01-08T00:00:00", "datatype": "RHMX", "station": "GHCND:USW00003017", "attributes": ",,W,", "value": 71}, {"date": "2010-01-08T00:00:00", "datatype": "SNOW", "station": "GHCND:USW00003017", "attributes": ",,0,", "value": 0.0}, {"date": "2010-01-08T00:00:00", "datatype": "SNWD", "station": "GHCND:USW00003017", "attributes": ",,0,", "value": 2.0}, {"date": "2010-01-08T00:00:00", "datatype": "TMAX", "station": "GHCND:USW00003017", "attributes": ",,0,2400", "value": 33.0}, {"date": "2010-01-08T00:00:00", "datatype": "TMIN", "station": "GHCND:USW00003017", "attributes": ",,0,2400", "value": -11.0}, {"date": "2010-01-08T00:00:00", "datatype": "WDF2", "station": "GHCND:USW00003017", "attributes": ",,X,", "value": 160}, {"date": "2010-01-08T00:00:00", "datatype": "WDF5", "station": "GHCND:USW00003017", "attributes": ",,X,", "value": 160}, {"date": "2010-01-08T00:00:00", "datatype": "WSF2", "station": "GHCND:USW00003017", "attributes": ",,X,", "value": 17.0}, {"date": "2010-01-08T00:00:00", "datatype": "WSF5", "station": "GHCND:USW00003017", "attributes": ",,X,", "value": 17.0}, {"date": "2010-01-09T00:00:00", "datatype": "ADPT", "station": "GHCND:USW00003017", "attributes": ",,W,", "value": -128}, {"date": "2010-01-09T00:00:00", "datatype": "ASLP", "station": "GHCND:USW00003017", "attributes": ",,W,", "value": 10254}, {"date": "2010-01-09T00:00:00", "datatype": "ASTP", "station": "GHCND:USW00003017", "attributes": ",,W,", "value": 8368}, {"date": "2010-01-09T00:00:00", "datatype": "AWBT", "station": "GHCND:USW00003017", "attributes": ",,W,", "value": -61}, {"date": "2010-01-09T00:00:00", "datatype": "AWND", "station": "GHCND:USW00003017", "attributes": ",,W,", "value": 11.0}, {"date": "2010-01-09T00:00:00", "datatype": "FMTM", "station": "GHCND:USW00003017", "attributes": ",,X,", "value": 2215}, {"date": "2010-01-09T00:00:00", "datatype": "PGTM", "station": "GHCND:USW00003017", "attributes": ",,W,", "value": 2215}, {"date": "2010-01-09T00:00:00", "datatype": "PRCP", "station": "GHCND:USW00003017", "attributes": ",,0,2400", "value": 0.0}, {"date": "2010-01-09T00:00:00", "datatype": "RHAV", "station": "GHCND:USW00003017", "attributes": ",,W,", "value": 49}, {"date": "2010-01-09T00:00:00", "datatype": "RHMN", "station": "GHCND:USW00003017", "attributes": ",,W,", "value": 38}, {"date": "2010-01-09T00:00:00", "datatype": "RHMX", "station": "GHCND:USW00003017", "attributes": ",,W,", "value": 64}, {"date": "2010-01-09T00:00:00", "datatype": "SNOW", "station": "GHCND:USW00003017", "attributes": ",,0,", "value": 0.0}, {"date": "2010-01-09T00:00:00", "datatype": "SNWD", "station": "GHCND:USW00003017", "attributes": ",,0,", "value": 1.0}, {"date": "2010-01-09T00:00:00", "datatype": "TMAX", "station": "GHCND:USW00003017", "attributes": ",,0,2400", "value": 40.0}, {"date": "2010-01-09T00:00:00", "datatype": "TMIN", "station": "GHCND:USW00003017", "attributes": ",,0,2400", "value": 10.0}, {"date": "2010-01-09T00:00:00", "datatype": "WDF2", "station": "GHCND:USW00003017", "attributes": ",,X,", "value": 240}, {"date": "2010-01-09T00:00:00", "datatype": "WDF5", "station": "GHCND:USW00003017", "attributes": ",,X,", "value": 210}, {"date": "2010-01-09T00:00:00", "datatype": "WSF2", "station": "GHCND:USW00003017", "attributes": ",,X,", "value": 21.0}, {"date": "2010-01-09T00:00:00", "datatype": "WSF5", "station": "GHCND:USW00003017", "attributes": ",,X,", "value": 32.0}, {"date": "2010-01-10T00:00:00", "datatype": "ADPT", "station": "GHCND:USW00003017", "attributes": ",,W,", "value": -89}, {"date": "2010-01-10T00:00:00", "datatype": "ASLP", "station": "GHCND:USW00003017", "attributes": ",,W,", "value": 10264}, {"date": "2010-01-10T00:00:00", "datatype": "ASTP", "station": "GHCND:USW00003017", "attributes": ",,W,", "value": 8398}, {"date": "2010-01-10T00:00:00", "datatype": "AWBT", "station": "GHCND:USW00003017", "attributes": ",,W,", "value": -33}, {"date": "2010-01-10T00:00:00", "datatype": "AWND", "station": "GHCND:USW00003017", "attributes": ",,W,", "value": 10.3}, {"date": "2010-01-10T00:00:00", "datatype": "FMTM", "station": "GHCND:USW00003017", "attributes": ",,X,", "value": 127}, {"date": "2010-01-10T00:00:00", "datatype": "PGTM", "station": "GHCND:USW00003017", "attributes": ",,W,", "value": 2250}, {"date": "2010-01-10T00:00:00", "datatype": "PRCP", "station": "GHCND:USW00003017", "attributes": ",,0,2400", "value": 0.0}, {"date": "2010-01-10T00:00:00", "datatype": "RHAV", "station": "GHCND:USW00003017", "attributes": ",,W,", "value": 55}, {"date": "2010-01-10T00:00:00", "datatype": "RHMN", "station": "GHCND:USW00003017", "attributes": ",,W,", "value": 41}, {"date": "2010-01-10T00:00:00", "datatype": "RHMX", "station": "GHCND:USW00003017", "attributes": ",,W,", "value": 73}, {"date": "2010-01-10T00:00:00", "datatype": "SNOW", "station": "GHCND:USW00003017", "attributes": ",,0,", "value": 0.0}, {"date": "2010-01-10T00:00:00", "datatype": "SNWD", "station": "GHCND:USW00003017", "attributes": ",,0,", "value": 1.0}, {"date": "2010-01-10T00:00:00", "datatype": "TMAX", "station": "GHCND:USW00003017", "attributes": ",,0,2400", "value": 43.0}, {"date": "2010-01-10T00:00:00", "datatype": "TMIN", "station": "GHCND:USW00003017", "attributes": ",,0,2400", "value": 21.0}, {"date": "2010-01-10T00:00:00", "datatype": "WDF2", "station": "GHCND:USW00003017", "attributes": ",,X,", "value": 210}, {"date": "2010-01-10T00:00:00", "datatype": "WDF5", "station": "GHCND:USW00003017", "attributes": ",,X,", "value": 220}, {"date": "2010-01-10T00:00:00", "datatype": "WSF2", "station": "GHCND:USW00003017", "attributes": ",,X,", "value": 17.0}, {"date": "2010-01-10T00:00:00", "datatype": "WSF5", "station": "GHCND:USW00003017", "attributes": ",,X,", "value": 17.9}, {"date": "2010-01-11T00:00:00", "datatype": "ADPT", "station": "GHCND:USW00003017", "attributes": ",,W,", "value": -78}, {"date": "2010-01-11T00:00:00", "datatype": "ASLP", "station": "GHCND:USW00003017", "attributes": ",,W,", "value": 10284}, {"date": "2010-01-11T00:00:00", "datatype": "ASTP", "station": "GHCND:USW00003017", "attributes": ",,W,", "value": 8412}, {"date": "2010-01-11T00:00:00", "datatype": "AWBT", "station": "GHCND:USW00003017", "attributes": ",,W,", "value": -28}, {"date": "2010-01-11T00:00:00", "datatype": "AWND", "station": "GHCND:USW00003017", "attributes": ",,W,", "value": 8.7}, {"date": "2010-01-11T00:00:00", "datatype": "FMTM", "station": "GHCND:USW00003017", "attributes": ",,X,", "value": 850}, {"date": "2010-01-11T00:00:00", "datatype": "PGTM", "station": "GHCND:USW00003017", "attributes": ",,W,", "value": 831}, {"date": "2010-01-11T00:00:00", "datatype": "PRCP", "station": "GHCND:USW00003017", "attributes": ",,0,2400", "value": 0.0}, {"date": "2010-01-11T00:00:00", "datatype": "RHAV", "station": "GHCND:USW00003017", "attributes": ",,W,", "value": 57}, {"date": "2010-01-11T00:00:00", "datatype": "RHMN", "station": "GHCND:USW00003017", "attributes": ",,W,", "value": 40}, {"date": "2010-01-11T00:00:00", "datatype": "RHMX", "station": "GHCND:USW00003017", "attributes": ",,W,", "value": 75}, {"date": "2010-01-11T00:00:00", "datatype": "SNOW", "station": "GHCND:USW00003017", "attributes": ",,0,", "value": 0.0}, {"date": "2010-01-11T00:00:00", "datatype": "SNWD", "station": "GHCND:USW00003017", "attributes": ",,0,", "value": 1.0}, {"date": "2010-01-11T00:00:00", "datatype": "TMAX", "station": "GHCND:USW00003017", "attributes": ",,0,2400", "value": 47.0}, {"date": "2010-01-11T00:00:00", "datatype": "TMIN", "station": "GHCND:USW00003017", "attributes": ",,0,2400", "value": 21.0}, {"date": "2010-01-11T00:00:00", "datatype": "WDF2", "station": "GHCND:USW00003017", "attributes": ",,X,", "value": 220}, {"date": "2010-01-11T00:00:00", "datatype": "WDF5", "station": "GHCND:USW00003017", "attributes": ",,X,", "value": 210}, {"date": "2010-01-11T00:00:00", "datatype": "WSF2", "station": "GHCND:USW00003017", "attributes": ",,X,", "value": 16.1}, {"date": "2010-01-11T00:00:00", "datatype": "WSF5", "station": "GHCND:USW00003017", "attributes": ",,X,", "value": 23.9}, {"date": "2010-01-12T00:00:00", "datatype": "ADPT", "station": "GHCND:USW00003017", "attributes": ",,W,", "value": -89}, {"date": "2010-01-12T00:00:00", "datatype": "ASLP", "station": "GHCND:USW00003017", "attributes": ",,W,", "value": 10217}, {"date": "2010-01-12T00:00:00", "datatype": "ASTP", "station": "GHCND:USW00003017", "attributes": ",,W,", "value": 8358}, {"date": "2010-01-12T00:00:00", "datatype": "AWBT", "station": "GHCND:USW00003017", "attributes": ",,W,", "value": -17}, {"date": "2010-01-12T00:00:00", "datatype": "AWND", "station": "GHCND:USW00003017", "attributes": ",,W,", "value": 9.6}, {"date": "2010-01-12T00:00:00", "datatype": "FMTM", "station": "GHCND:USW00003017", "attributes": ",,X,", "value": 839}, {"date": "2010-01-12T00:00:00", "datatype": "PGTM", "station": "GHCND:USW00003017", "attributes": ",,W,", "value": 2158}, {"date": "2010-01-12T00:00:00", "datatype": "PRCP", "station": "GHCND:USW00003017", "attributes": ",,0,2400", "value": 0.0}, {"date": "2010-01-12T00:00:00", "datatype": "RHAV", "station": "GHCND:USW00003017", "attributes": ",,W,", "value": 46}, {"date": "2010-01-12T00:00:00", "datatype": "RHMN", "station": "GHCND:USW00003017", "attributes": ",,W,", "value": 28}, {"date": "2010-01-12T00:00:00", "datatype": "RHMX", "station": "GHCND:USW00003017", "attributes": ",,W,", "value": 68}, {"date": "2010-01-12T00:00:00", "datatype": "SNOW", "station": "GHCND:USW00003017", "attributes": ",,0,", "value": 0.0}, {"date": "2010-01-12T00:00:00", "datatype": "SNWD", "station": "GHCND:USW00003017", "attributes": "T,,0,", "value": 0.0}, {"date": "2010-01-12T00:00:00", "datatype": "TMAX", "station": "GHCND:USW00003017", "attributes": ",,0,2400", "value": 56.0}, {"date": "2010-01-12T00:00:00", "datatype": "TMIN", "station": "GHCND:USW00003017", "attributes": ",,0,2400", "value": 20.0}, {"date": "2010-01-12T00:00:00", "datatype": "WDF2", "station": "GHCND:USW00003017", "attributes": ",,X,", "value": 230}, {"date": "2010-01-12T00:00:00", "datatype": "WDF5", "station": "GHCND:USW00003017", "attributes": ",,X,", "value": 310}, {"date": "2010-01-12T00:00:00", "datatype": "WSF2", "station": "GHCND:USW00003017", "attributes": ",,X,", "value": 17.9}, {"date": "2010-01-12T00:00:00", "datatype": "WSF5", "station": "GHCND:USW00003017", "attributes": ",,X,", "value": 34.9}, {"date": "2010-01-12T00:00:00", "datatype": "WT08", "station": "GHCND:USW00003017", "attributes": ",,W,", "value": 1}, {"date": "2010-01-13T00:00:00", "datatype": "ADPT", "station": "GHCND:USW00003017", "attributes": ",,W,", "value": -78}, {"date": "2010-01-13T00:00:00", "datatype": "ASLP", "station": "GHCND:USW00003017", "attributes": ",,W,", "value": 10142}, {"date": "2010-01-13T00:00:00", "datatype": "ASTP", "station": "GHCND:USW00003017", "attributes": ",,W,", "value": 8314}, {"date": "2010-01-13T00:00:00", "datatype": "AWBT", "station": "GHCND:USW00003017", "attributes": ",,W,", "value": 0}, {"date": "2010-01-13T00:00:00", "datatype": "AWND", "station": "GHCND:USW00003017", "attributes": ",,W,", "value": 8.3}, {"date": "2010-01-13T00:00:00", "datatype": "FMTM", "station": "GHCND:USW00003017", "attributes": ",,X,", "value": 2000}, {"date": "2010-01-13T00:00:00", "datatype": "PGTM", "station": "GHCND:USW00003017", "attributes": ",,W,", "value": 1929}, {"date": "2010-01-13T00:00:00", "datatype": "PRCP", "station": "GHCND:USW00003017", "attributes": ",,0,2400", "value": 0.0}, {"date": "2010-01-13T00:00:00", "datatype": "RHAV", "station": "GHCND:USW00003017", "attributes": ",,W,", "value": 44}, {"date": "2010-01-13T00:00:00", "datatype": "RHMN", "station": "GHCND:USW00003017", "attributes": ",,W,", "value": 20}, {"date": "2010-01-13T00:00:00", "datatype": "RHMX", "station": "GHCND:USW00003017", "attributes": ",,W,", "value": 72}, {"date": "2010-01-13T00:00:00", "datatype": "SNOW", "station": "GHCND:USW00003017", "attributes": ",,0,", "value": 0.0}, {"date": "2010-01-13T00:00:00", "datatype": "SNWD", "station": "GHCND:USW00003017", "attributes": "T,,0,", "value": 0.0}, {"date": "2010-01-13T00:00:00", "datatype": "TMAX", "station": "GHCND:USW00003017", "attributes": ",,0,2400", "value": 56.0}, {"date": "2010-01-13T00:00:00", "datatype": "TMIN", "station": "GHCND:USW00003017", "attributes": ",,0,2400", "value": 30.0}, {"date": "2010-01-13T00:00:00", "datatype": "WDF2", "station": "GHCND:USW00003017", "attributes": ",,X,", "value": 90}, {"date": "2010-01-13T00:00:00", "datatype": "WDF5", "station": "GHCND:USW00003017", "attributes": ",,X,", "value": 50}, {"date": "2010-01-13T00:00:00", "datatype": "WSF2", "station": "GHCND:USW00003017", "attributes": ",,X,", "value": 16.1}, {"date": "2010-01-13T00:00:00", "datatype": "WSF5", "station": "GHCND:USW00003017", "attributes": ",,X,", "value": 19.9}, {"date": "2010-01-14T00:00:00", "datatype": "ADPT", "station": "GHCND:USW00003017", "attributes": ",,W,", "value": -50}, {"date": "2010-01-14T00:00:00", "datatype": "ASLP", "station": "GHCND:USW00003017", "attributes": ",,W,", "value": 10203}, {"date": "2010-01-14T00:00:00", "datatype": "ASTP", "station": "GHCND:USW00003017", "attributes": ",,W,", "value": 8358}, {"date": "2010-01-14T00:00:00", "datatype": "AWBT", "station": "GHCND:USW00003017", "attributes": ",,W,", "value": -17}, {"date": "2010-01-14T00:00:00", "datatype": "AWND", "station": "GHCND:USW00003017", "attributes": ",,W,", "value": 5.4}, {"date": "2010-01-14T00:00:00", "datatype": "FMTM", "station": "GHCND:USW00003017", "attributes": ",,X,", "value": 1904}, {"date": "2010-01-14T00:00:00", "datatype": "PGTM", "station": "GHCND:USW00003017", "attributes": ",,W,", "value": 2017}, {"date": "2010-01-14T00:00:00", "datatype": "PRCP", "station": "GHCND:USW00003017", "attributes": ",,0,2400", "value": 0.0}, {"date": "2010-01-14T00:00:00", "datatype": "RHAV", "station": "GHCND:USW00003017", "attributes": ",,W,", "value": 67}, {"date": "2010-01-14T00:00:00", "datatype": "RHMN", "station": "GHCND:USW00003017", "attributes": ",,W,", "value": 45}, {"date": "2010-01-14T00:00:00", "datatype": "RHMX", "station": "GHCND:USW00003017", "attributes": ",,W,", "value": 85}, {"date": "2010-01-14T00:00:00", "datatype": "SNOW", "station": "GHCND:USW00003017", "attributes": ",,0,", "value": 0.0}, {"date": "2010-01-14T00:00:00", "datatype": "SNWD", "station": "GHCND:USW00003017", "attributes": "T,,0,", "value": 0.0}, {"date": "2010-01-14T00:00:00", "datatype": "TMAX", "station": "GHCND:USW00003017", "attributes": ",,0,2400", "value": 43.0}, {"date": "2010-01-14T00:00:00", "datatype": "TMIN", "station": "GHCND:USW00003017", "attributes": ",,0,2400", "value": 25.0}, {"date": "2010-01-14T00:00:00", "datatype": "WDF2", "station": "GHCND:USW00003017", "attributes": ",,X,", "value": 160}, {"date": "2010-01-14T00:00:00", "datatype": "WDF5", "station": "GHCND:USW00003017", "attributes": ",,X,", "value": 160}, {"date": "2010-01-14T00:00:00", "datatype": "WSF2", "station": "GHCND:USW00003017", "attributes": ",,X,", "value": 12.1}, {"date": "2010-01-14T00:00:00", "datatype": "WSF5", "station": "GHCND:USW00003017", "attributes": ",,X,", "value": 13.0}, {"date": "2010-01-15T00:00:00", "datatype": "ADPT", "station": "GHCND:USW00003017", "attributes": ",,W,", "value": -56}, {"date": "2010-01-15T00:00:00", "datatype": "ASLP", "station": "GHCND:USW00003017", "attributes": ",,W,", "value": 10227}, {"date": "2010-01-15T00:00:00", "datatype": "ASTP", "station": "GHCND:USW00003017", "attributes": ",,W,", "value": 8364}, {"date": "2010-01-15T00:00:00", "datatype": "AWBT", "station": "GHCND:USW00003017", "attributes": ",,W,", "value": -17}, {"date": "2010-01-15T00:00:00", "datatype": "AWND", "station": "GHCND:USW00003017", "attributes": ",,W,", "value": 9.4}, {"date": "2010-01-15T00:00:00", "datatype": "FMTM", "station": "GHCND:USW00003017", "attributes": ",,X,", "value": 2345}, {"date": "2010-01-15T00:00:00", "datatype": "PGTM", "station": "GHCND:USW00003017", "attributes": ",,W,", "value": 2246}, {"date": "2010-01-15T00:00:00", "datatype": "PRCP", "station": "GHCND:USW00003017", "attributes": ",,0,2400", "value": 0.0}, {"date": "2010-01-15T00:00:00", "datatype": "RHAV", "station": "GHCND:USW00003017", "attributes": ",,W,", "value": 64}, {"date": "2010-01-15T00:00:00", "datatype": "RHMN", "station": "GHCND:USW00003017", "attributes": ",,W,", "value": 29}, {"date": "2010-01-15T00:00:00", "datatype": "RHMX", "station": "GHCND:USW00003017", "attributes": ",,W,", "value": 84}, {"date": "2010-01-15T00:00:00", "datatype": "SNOW", "station": "GHCND:USW00003017", "attributes": ",,0,", "value": 0.0}, {"date": "2010-01-15T00:00:00", "datatype": "SNWD", "station": "GHCND:USW00003017", "attributes": ",,0,", "value": 0.0}, {"date": "2010-01-15T00:00:00", "datatype": "TMAX", "station": "GHCND:USW00003017", "attributes": ",,0,2400", "value": 46.0}, {"date": "2010-01-15T00:00:00", "datatype": "TMIN", "station": "GHCND:USW00003017", "attributes": ",,0,2400", "value": 23.0}, {"date": "2010-01-15T00:00:00", "datatype": "WDF2", "station": "GHCND:USW00003017", "attributes": ",,X,", "value": 210}, {"date": "2010-01-15T00:00:00", "datatype": "WDF5", "station": "GHCND:USW00003017", "attributes": ",,X,", "value": 220}, {"date": "2010-01-15T00:00:00", "datatype": "WSF2", "station": "GHCND:USW00003017", "attributes": ",,X,", "value": 16.1}, {"date": "2010-01-15T00:00:00", "datatype": "WSF5", "station": "GHCND:USW00003017", "attributes": ",,X,", "value": 21.0}, {"date": "2010-01-16T00:00:00", "datatype": "ADPT", "station": "GHCND:USW00003017", "attributes": ",,W,", "value": -56}, {"date": "2010-01-16T00:00:00", "datatype": "ASLP", "station": "GHCND:USW00003017", "attributes": ",,W,", "value": 10135}, {"date": "2010-01-16T00:00:00", "datatype": "ASTP", "station": "GHCND:USW00003017", "attributes": ",,W,", "value": 8303}, {"date": "2010-01-16T00:00:00", "datatype": "AWBT", "station": "GHCND:USW00003017", "attributes": ",,W,", "value": 6}, {"date": "2010-01-16T00:00:00", "datatype": "AWND", "station": "GHCND:USW00003017", "attributes": ",,W,", "value": 9.4}, {"date": "2010-01-16T00:00:00", "datatype": "FMTM", "station": "GHCND:USW00003017", "attributes": ",,X,", "value": 2327}, {"date": "2010-01-16T00:00:00", "datatype": "PGTM", "station": "GHCND:USW00003017", "attributes": ",,W,", "value": 2324}, {"date": "2010-01-16T00:00:00", "datatype": "PRCP", "station": "GHCND:USW00003017", "attributes": ",,0,2400", "value": 0.0}, {"date": "2010-01-16T00:00:00", "datatype": "RHAV", "station": "GHCND:USW00003017", "attributes": ",,W,", "value": 50}, {"date": "2010-01-16T00:00:00", "datatype": "RHMN", "station": "GHCND:USW00003017", "attributes": ",,W,", "value": 30}, {"date": "2010-01-16T00:00:00", "datatype": "RHMX", "station": "GHCND:USW00003017", "attributes": ",,W,", "value": 71}, {"date": "2010-01-16T00:00:00", "datatype": "SNOW", "station": "GHCND:USW00003017", "attributes": ",,0,", "value": 0.0}, {"date": "2010-01-16T00:00:00", "datatype": "SNWD", "station": "GHCND:USW00003017", "attributes": ",,0,", "value": 0.0}, {"date": "2010-01-16T00:00:00", "datatype": "TMAX", "station": "GHCND:USW00003017", "attributes": ",,0,2400", "value": 58.0}, {"date": "2010-01-16T00:00:00", "datatype": "TMIN", "station": "GHCND:USW00003017", "attributes": ",,0,2400", "value": 26.0}, {"date": "2010-01-16T00:00:00", "datatype": "WDF2", "station": "GHCND:USW00003017", "attributes": ",,X,", "value": 190}, {"date": "2010-01-16T00:00:00", "datatype": "WDF5", "station": "GHCND:USW00003017", "attributes": ",,X,", "value": 190}, {"date": "2010-01-16T00:00:00", "datatype": "WSF2", "station": "GHCND:USW00003017", "attributes": ",,X,", "value": 13.0}, {"date": "2010-01-16T00:00:00", "datatype": "WSF5", "station": "GHCND:USW00003017", "attributes": ",,X,", "value": 14.1}, {"date": "2010-01-17T00:00:00", "datatype": "ADPT", "station": "GHCND:USW00003017", "attributes": ",,W,", "value": -44}, {"date": "2010-01-17T00:00:00", "datatype": "ASLP", "station": "GHCND:USW00003017", "attributes": ",,W,", "value": 10108}, {"date": "2010-01-17T00:00:00", "datatype": "ASTP", "station": "GHCND:USW00003017", "attributes": ",,W,", "value": 8286}, {"date": "2010-01-17T00:00:00", "datatype": "AWBT", "station": "GHCND:USW00003017", "attributes": ",,W,", "value": 6}, {"date": "2010-01-17T00:00:00", "datatype": "AWND", "station": "GHCND:USW00003017", "attributes": ",,W,", "value": 7.4}, {"date": "2010-01-17T00:00:00", "datatype": "FMTM", "station": "GHCND:USW00003017", "attributes": ",,X,", "value": 2129}, {"date": "2010-01-17T00:00:00", "datatype": "PGTM", "station": "GHCND:USW00003017", "attributes": ",,W,", "value": 2355}, {"date": "2010-01-17T00:00:00", "datatype": "PRCP", "station": "GHCND:USW00003017", "attributes": ",,0,2400", "value": 0.0}, {"date": "2010-01-17T00:00:00", "datatype": "RHAV", "station": "GHCND:USW00003017", "attributes": ",,W,", "value": 55}, {"date": "2010-01-17T00:00:00", "datatype": "RHMN", "station": "GHCND:USW00003017", "attributes": ",,W,", "value": 31}, {"date": "2010-01-17T00:00:00", "datatype": "RHMX", "station": "GHCND:USW00003017", "attributes": ",,W,", "value": 79}, {"date": "2010-01-17T00:00:00", "datatype": "SNOW", "station": "GHCND:USW00003017", "attributes": ",,0,", "value": 0.0}, {"date": "2010-01-17T00:00:00", "datatype": "SNWD", "station": "GHCND:USW00003017", "attributes": ",,0,", "value": 0.0}, {"date": "2010-01-17T00:00:00", "datatype": "TMAX", "station": "GHCND:USW00003017", "attributes": ",,0,2400", "value": 54.0}, {"date": "2010-01-17T00:00:00", "datatype": "TMIN", "station": "GHCND:USW00003017", "attributes": ",,0,2400", "value": 29.0}, {"date": "2010-01-17T00:00:00", "datatype": "WDF2", "station": "GHCND:USW00003017", "attributes": ",,X,", "value": 160}, {"date": "2010-01-17T00:00:00", "datatype": "WDF5", "station": "GHCND:USW00003017", "attributes": ",,X,", "value": 210}, {"date": "2010-01-17T00:00:00", "datatype": "WSF2", "station": "GHCND:USW00003017", "attributes": ",,X,", "value": 14.1}, {"date": "2010-01-17T00:00:00", "datatype": "WSF5", "station": "GHCND:USW00003017", "attributes": ",,X,", "value": 15.0}, {"date": "2010-01-18T00:00:00", "datatype": "ADPT", "station": "GHCND:USW00003017", "attributes": ",,W,", "value": -33}, {"date": "2010-01-18T00:00:00", "datatype": "ASLP", "station": "GHCND:USW00003017", "attributes": ",,W,", "value": 10078}, {"date": "2010-01-18T00:00:00", "datatype": "ASTP", "station": "GHCND:USW00003017", "attributes": ",,W,", "value": 8253}, {"date": "2010-01-18T00:00:00", "datatype": "AWBT", "station": "GHCND:USW00003017", "attributes": ",,W,", "value": 6}, {"date": "2010-01-18T00:00:00", "datatype": "AWND", "station": "GHCND:USW00003017", "attributes": ",,W,", "value": 6.0}, {"date": "2010-01-18T00:00:00", "datatype": "FMTM", "station": "GHCND:USW00003017", "attributes": ",,X,", "value": 1015}, {"date": "2010-01-18T00:00:00", "datatype": "PGTM", "station": "GHCND:USW00003017", "attributes": ",,W,", "value": 805}, {"date": "2010-01-18T00:00:00", "datatype": "PRCP", "station": "GHCND:USW00003017", "attributes": ",,0,2400", "value": 0.0}, {"date": "2010-01-18T00:00:00", "datatype": "RHAV", "station": "GHCND:USW00003017", "attributes": ",,W,", "value": 63}, {"date": "2010-01-18T00:00:00", "datatype": "RHMN", "station": "GHCND:USW00003017", "attributes": ",,W,", "value": 31}, {"date": "2010-01-18T00:00:00", "datatype": "RHMX", "station": "GHCND:USW00003017", "attributes": ",,W,", "value": 89}, {"date": "2010-01-18T00:00:00", "datatype": "SNOW", "station": "GHCND:USW00003017", "attributes": ",,0,", "value": 0.0}, {"date": "2010-01-18T00:00:00", "datatype": "SNWD", "station": "GHCND:USW00003017", "attributes": ",,0,", "value": 0.0}, {"date": "2010-01-18T00:00:00", "datatype": "TMAX", "station": "GHCND:USW00003017", "attributes": ",,0,2400", "value": 53.0}, {"date": "2010-01-18T00:00:00", "datatype": "TMIN", "station": "GHCND:USW00003017", "attributes": ",,0,2400", "value": 28.0}, {"date": "2010-01-18T00:00:00", "datatype": "WDF2", "station": "GHCND:USW00003017", "attributes": ",,X,", "value": 240}, {"date": "2010-01-18T00:00:00", "datatype": "WDF5", "station": "GHCND:USW00003017", "attributes": ",,X,", "value": 220}, {"date": "2010-01-18T00:00:00", "datatype": "WSF2", "station": "GHCND:USW00003017", "attributes": ",,X,", "value": 15.0}, {"date": "2010-01-18T00:00:00", "datatype": "WSF5", "station": "GHCND:USW00003017", "attributes": ",,X,", "value": 17.9}, {"date": "2010-01-19T00:00:00", "datatype": "ADPT", "station": "GHCND:USW00003017", "attributes": ",,W,", "value": -33}, {"date": "2010-01-19T00:00:00", "datatype": "ASLP", "station": "GHCND:USW00003017", "attributes": ",,W,", "value": 10027}, {"date": "2010-01-19T00:00:00", "datatype": "ASTP", "station": "GHCND:USW00003017", "attributes": ",,W,", "value": 8209}, {"date": "2010-01-19T00:00:00", "datatype": "AWBT", "station": "GHCND:USW00003017", "attributes": ",,W,", "value": -6}, {"date": "2010-01-19T00:00:00", "datatype": "AWND", "station": "GHCND:USW00003017", "attributes": ",,W,", "value": 6.5}, {"date": "2010-01-19T00:00:00", "datatype": "FMTM", "station": "GHCND:USW00003017", "attributes": ",,X,", "value": 2347}, {"date": "2010-01-19T00:00:00", "datatype": "PGTM", "station": "GHCND:USW00003017", "attributes": ",,W,", "value": 1408}, {"date": "2010-01-19T00:00:00", "datatype": "PRCP", "station": "GHCND:USW00003017", "attributes": ",,0,2400", "value": 0.0}, {"date": "2010-01-19T00:00:00", "datatype": "RHAV", "station": "GHCND:USW00003017", "attributes": ",,W,", "value": 71}, {"date": "2010-01-19T00:00:00", "datatype": "RHMN", "station": "GHCND:USW00003017", "attributes": ",,W,", "value": 55}, {"date": "2010-01-19T00:00:00", "datatype": "RHMX", "station": "GHCND:USW00003017", "attributes": ",,W,", "value": 82}, {"date": "2010-01-19T00:00:00", "datatype": "SNOW", "station": "GHCND:USW00003017", "attributes": ",,0,", "value": 0.0}, {"date": "2010-01-19T00:00:00", "datatype": "SNWD", "station": "GHCND:USW00003017", "attributes": ",,0,", "value": 0.0}, {"date": "2010-01-19T00:00:00", "datatype": "TMAX", "station": "GHCND:USW00003017", "attributes": ",,0,2400", "value": 43.0}, {"date": "2010-01-19T00:00:00", "datatype": "TMIN", "station": "GHCND:USW00003017", "attributes": ",,0,2400", "value": 26.0}, {"date": "2010-01-19T00:00:00", "datatype": "WDF2", "station": "GHCND:USW00003017", "attributes": ",,X,", "value": 210}, {"date": "2010-01-19T00:00:00", "datatype": "WDF5", "station": "GHCND:USW00003017", "attributes": ",,X,", "value": 290}, {"date": "2010-01-19T00:00:00", "datatype": "WSF2", "station": "GHCND:USW00003017", "attributes": ",,X,", "value": 13.0}, {"date": "2010-01-19T00:00:00", "datatype": "WSF5", "station": "GHCND:USW00003017", "attributes": ",,X,", "value": 15.0}, {"date": "2010-01-20T00:00:00", "datatype": "ADPT", "station": "GHCND:USW00003017", "attributes": ",,W,", "value": -61}, {"date": "2010-01-20T00:00:00", "datatype": "ASLP", "station": "GHCND:USW00003017", "attributes": ",,W,", "value": 10003}, {"date": "2010-01-20T00:00:00", "datatype": "ASTP", "station": "GHCND:USW00003017", "attributes": ",,W,", "value": 8178}, {"date": "2010-01-20T00:00:00", "datatype": "AWBT", "station": "GHCND:USW00003017", "attributes": ",,W,", "value": -33}, {"date": "2010-01-20T00:00:00", "datatype": "AWND", "station": "GHCND:USW00003017", "attributes": ",,W,", "value": 6.7}, {"date": "2010-01-20T00:00:00", "datatype": "FMTM", "station": "GHCND:USW00003017", "attributes": ",,X,", "value": 104}, {"date": "2010-01-20T00:00:00", "datatype": "PGTM", "station": "GHCND:USW00003017", "attributes": ",,W,", "value": 58}, {"date": "2010-01-20T00:00:00", "datatype": "PRCP", "station": "GHCND:USW00003017", "attributes": ",,0,2400", "value": 0.0}, {"date": "2010-01-20T00:00:00", "datatype": "RHAV", "station": "GHCND:USW00003017", "attributes": ",,W,", "value": 70}, {"date": "2010-01-20T00:00:00", "datatype": "RHMN", "station": "GHCND:USW00003017", "attributes": ",,W,", "value": 61}, {"date": "2010-01-20T00:00:00", "datatype": "RHMX", "station": "GHCND:USW00003017", "attributes": ",,W,", "value": 81}, {"date": "2010-01-20T00:00:00", "datatype": "SNOW", "station": "GHCND:USW00003017", "attributes": ",,0,", "value": 0.0}, {"date": "2010-01-20T00:00:00", "datatype": "SNWD", "station": "GHCND:USW00003017", "attributes": ",,0,", "value": 0.0}, {"date": "2010-01-20T00:00:00", "datatype": "TMAX", "station": "GHCND:USW00003017", "attributes": ",,0,2400", "value": 35.0}, {"date": "2010-01-20T00:00:00", "datatype": "TMIN", "station": "GHCND:USW00003017", "attributes": ",,0,2400", "value": 23.0}, {"date": "2010-01-20T00:00:00", "datatype": "WDF2", "station": "GHCND:USW00003017", "attributes": ",,X,", "value": 200}, {"date": "2010-01-20T00:00:00", "datatype": "WDF5", "station": "GHCND:USW00003017", "attributes": ",,X,", "value": 210}, {"date": "2010-01-20T00:00:00", "datatype": "WSF2", "station": "GHCND:USW00003017", "attributes": ",,X,", "value": 14.1}, {"date": "2010-01-20T00:00:00", "datatype": "WSF5", "station": "GHCND:USW00003017", "attributes": ",,X,", "value": 17.0}, {"date": "2010-01-21T00:00:00", "datatype": "ADPT", "station": "GHCND:USW00003017", "attributes": ",,W,", "value": -61}, {"date": "2010-01-21T00:00:00", "datatype": "ASLP", "station": "GHCND:USW00003017", "attributes": ",,W,", "value": 9997}, {"date": "2010-01-21T00:00:00", "datatype": "ASTP", "station": "GHCND:USW00003017", "attributes": ",,W,", "value": 8171}, {"date": "2010-01-21T00:00:00", "datatype": "AWBT", "station": "GHCND:USW00003017", "attributes": ",,W,", "value": -22}, {"date": "2010-01-21T00:00:00", "datatype": "AWND", "station": "GHCND:USW00003017", "attributes": ",,W,", "value": 7.6}, {"date": "2010-01-21T00:00:00", "datatype": "FMTM", "station": "GHCND:USW00003017", "attributes": ",,X,", "value": 2138}, {"date": "2010-01-21T00:00:00", "datatype": "PGTM", "station": "GHCND:USW00003017", "attributes": ",,W,", "value": 2132}, {"date": "2010-01-21T00:00:00", "datatype": "PRCP", "station": "GHCND:USW00003017", "attributes": ",,0,2400", "value": 0.0}, {"date": "2010-01-21T00:00:00", "datatype": "RHAV", "station": "GHCND:USW00003017", "attributes": ",,W,", "value": 65}, {"date": "2010-01-21T00:00:00", "datatype": "RHMN", "station": "GHCND:USW00003017", "attributes": ",,W,", "value": 45}, {"date": "2010-01-21T00:00:00", "datatype": "RHMX", "station": "GHCND:USW00003017", "attributes": ",,W,", "value": 78}, {"date": "2010-01-21T00:00:00", "datatype": "SNOW", "station": "GHCND:USW00003017", "attributes": ",,0,", "value": 0.0}, {"date": "2010-01-21T00:00:00", "datatype": "SNWD", "station": "GHCND:USW00003017", "attributes": ",,0,", "value": 0.0}, {"date": "2010-01-21T00:00:00", "datatype": "TMAX", "station": "GHCND:USW00003017", "attributes": ",,0,2400", "value": 44.0}, {"date": "2010-01-21T00:00:00", "datatype": "TMIN", "station": "GHCND:USW00003017", "attributes": ",,0,2400", "value": 19.0}, {"date": "2010-01-21T00:00:00", "datatype": "WDF2", "station": "GHCND:USW00003017", "attributes": ",,X,", "value": 170}, {"date": "2010-01-21T00:00:00", "datatype": "WDF5", "station": "GHCND:USW00003017", "attributes": ",,X,", "value": 170}, {"date": "2010-01-21T00:00:00", "datatype": "WSF2", "station": "GHCND:USW00003017", "attributes": ",,X,", "value": 16.1}, {"date": "2010-01-21T00:00:00", "datatype": "WSF5", "station": "GHCND:USW00003017", "attributes": ",,X,", "value": 17.9}]}